path,ate,are,area
dataset/0510025536_Layout1_PLAN4/0MapBounded.png,0.11911470027808814,0.017224134734079286,0.007292445057576978
dataset/0510025536_Layout1_PLAN4/1.0MapBounded.png,0.06078762946668441,0.0172241347340815,0.04453860408335318
dataset/0510025536_Layout1_PLAN4/2.0MapBounded.png,0.045569448170705414,0.01722413473408316,0.06217437598710233
dataset/0510025536_Layout1_PLAN4/3.0MapBounded.png,0.036080616617209196,0.017224134734079286,0.06509825175112295
dataset/0510025537_Layout1_PLAN3/0MapBounded.png,0.07326968236142263,0.018545248805669722,0.00891505650946934
dataset/0510025537_Layout1_PLAN3/1.0MapBounded.png,0.09375469136917955,0.018545248805671936,0.03541825766347236
dataset/0510025537_Layout1_PLAN3/2.0MapBounded.png,0.03932534426814221,0.018545248805669722,0.059303054440147045
dataset/0510025537_Layout1_PLAN3/3.0MapBounded.png,0.0539229650726887,0.018545248805672487,0.06536594979429951
dataset/0510025537_Layout1_PLAN3/4.0MapBounded.png,0.01970913807055907,0.018545248805668057,0.06537361395095488
dataset/0510025537_Layout1_PLAN3/5.0MapBounded.png,0.01970913807055907,0.018545248805668057,0.06537361395095488
dataset/0510025537_Layout1_PLAN3/6.0MapBounded.png,0.021697950996200536,0.018545248805670274,0.0653697818726272
dataset/0510030965_A-40/0MapBounded.png,0.05040195588977502,0.0018644941273573178,0.007683864486761538
dataset/0510030965_A-40/1.0MapBounded.png,0.06389928554528007,0.0018644941273562063,0.025177302052625385
dataset/0510030965_A-40/2.0MapBounded.png,0.05298276460607343,0.001864494127355095,0.03756312664745153
dataset/0510030965_A-40/3.0MapBounded.png,0.06256459585319835,0.0018644941273573178,0.047624522016658594
dataset/0510030965_A-40/4.0MapBounded.png,0.058281768639897535,0.0018644941273573178,0.049873404555246255
dataset/0510030965_A-40/5.0MapBounded.png,0.039455951586818375,0.0018644941273573178,0.0511785009457022
dataset/0510030965_A-40/6.0MapBounded.png,0.02810235080171157,0.0018644941273623192,0.05118890230116304
dataset/0510030965_A-40/7.0MapBounded.png,0.036058482568582635,0.0018644941273573178,0.05118890230116304
dataset/0510030965_A-40/8.0MapBounded.png,0.0024917368078933052,0.0018644941273573178,0.05148342489263338
dataset/0510030966_A-40/0MapBounded.png,0.08168321089520235,0.01931776408756618,0.004826228933833694
dataset/0510030966_A-40/1.0MapBounded.png,0.013457297028433287,0.019317764087571167,0.02862453022825501
dataset/0510030966_A-40/2.0MapBounded.png,0.04580375966951657,0.01931776408757006,0.05197119371977106
dataset/0510030966_A-40/3.0MapBounded.png,0.06664337563710941,0.01931776408756618,0.0537000084853163
dataset/0510030966_A-40/4.0MapBounded.png,0.049951209408005244,0.01931776408756452,0.0537815770097198
dataset/0510030966_A-40/5.0MapBounded.png,0.02156747135775575,0.01931776408756729,0.05425565984283005
dataset/0510030966_A-40/6.0MapBounded.png,0.02156747135775575,0.01931776408756729,0.05427317791518516
dataset/0510030966_A-40/7.0MapBounded.png,0.02692727389571165,0.019317764087565074,0.055162767526968255
dataset/0510030966_A-40/8.0MapBounded.png,0.05430056462299438,0.019317764087566736,0.05518849719573984
dataset/0510030967_A-40/0MapBounded.png,0.1301227631700428,0.042136452246679106,0.00344613329610743
dataset/0510030967_A-40/1.0MapBounded.png,0.05487160989919366,0.04213645224668076,0.02649061003949778
dataset/0510030967_A-40/2.0MapBounded.png,0.09944977872870797,0.04213645224668021,0.04746357472689599
dataset/0510030967_A-40/3.0MapBounded.png,0.07809382493802174,0.042136452246677454,0.05546988123294383
dataset/0510030967_A-40/4.0MapBounded.png,0.0397324556752267,0.042136452246675796,0.05745763500548809
dataset/0510030967_A-40/5.0MapBounded.png,0.0615638731559525,0.04213645224667855,0.057761464072897076
dataset/0510030967_A-40/6.0MapBounded.png,0.0615638731559525,0.04213645224667855,0.057761464072897076
dataset/0510030967_A-40/7.0MapBounded.png,0.05328223717647246,0.042136452246679106,0.057761464072897076
dataset/0510032192_A_40_1_203/0MapBounded.png,0.1075922338568937,0.05258875943761547,0.0033640173319428365
dataset/0510032192_A_40_1_203/1.0MapBounded.png,0.09589993776772292,0.05258875943761438,0.0382370249933623
dataset/0510032192_A_40_1_203/2.0MapBounded.png,0.08108404245194618,0.05258875943761547,0.06287400400178465
dataset/0510032192_A_40_1_203/3.0MapBounded.png,0.06236974711907054,0.05258875943761383,0.06371815611339668
dataset/0510032192_A_40_1_203/4.0MapBounded.png,0.09349863064164997,0.05258875943761713,0.0720118684940206
dataset/0510032192_A_40_1_203/5.0MapBounded.png,0.10238155679470053,0.05258875943761438,0.09354267429797694
dataset/0510032192_A_40_1_203/6.0MapBounded.png,0.05632261834042821,0.05258875943761107,0.1060051404593567
dataset/0510032192_A_40_1_203/7.0MapBounded.png,0.05931599682647303,0.05258875943761603,0.14327483939486008
dataset/0510032192_A_40_1_203/8.0MapBounded.png,0.054267813104798626,0.05258875943761273,0.1450666097329315
dataset/0510032192_A_40_1_203/9.0MapBounded.png,0.08771027757309911,0.05258875943761547,0.14939193128536118
dataset/0510032192_A_40_1_203/10.0MapBounded.png,0.06844562515809625,0.05258875943761492,0.14952714890635221
dataset/0510032192_A_40_1_203/11.0MapBounded.png,0.08694991323081605,0.052588759437611626,0.14950141923758065
dataset/0510032192_A_40_1_203/12.0MapBounded.png,0.09303562698525665,0.05258875943761713,0.14950141923758065
dataset/0510032192_A_40_1_203/13.0MapBounded.png,0.1076701396308663,0.05258875943761492,0.14948663836403103
dataset/0510032192_A_40_1_203/14.0MapBounded.png,0.16724255774093139,0.05258875943761658,0.14950251411710286
dataset/0510032216_A-40/0MapBounded.png,0.06045434792111359,0.0010339159057193826,0.008352835874822426
dataset/0510032216_A-40/1.0MapBounded.png,0.038010676118910326,0.0010339159057188266,0.0761477758891106
dataset/0510032216_A-40/2.0MapBounded.png,0.08326646276584614,0.0010339159057188266,0.12529910739946956
dataset/0510032216_A-40/3.0MapBounded.png,0.06014075415151792,0.0010339159057171593,0.1666368311996869
dataset/0510032216_A-40/4.0MapBounded.png,0.06322102077811323,0.001033915905717715,0.1699417250374312
dataset/0510032216_A-40/5.0MapBounded.png,0.04416479288880099,0.0010339159057188266,0.17019956916490803
dataset/0510032216_A-40/6.0MapBounded.png,0.01665608651146447,0.0010339159057193826,0.17019683196610252
dataset/0510032216_A-40/7.0MapBounded.png,0.06993936687468132,0.0010339159057193826,0.17162181766423878
dataset/0510032216_A-40/8.0MapBounded.png,0.04663191169055081,0.0010339159057188266,0.19143147285930526
dataset/0510032216_A-40/9.0MapBounded.png,0.04663191169055081,0.0010339159057188266,0.19303054440147044
dataset/0510032216_A-40/10.0MapBounded.png,0.05503623811875046,0.0010339159057210499,0.19303054440147044
dataset/0510032216_A-40/11.0MapBounded.png,0.061391582732868565,0.0010339159057188266,0.19298510690129936
dataset/0510032217_A-40/0MapBounded.png,0.2131450125284242,0.002396648189350577,0.02294210550806516
dataset/0510032217_A-40/1.0MapBounded.png,0.2110105901639934,0.0023966481893511332,0.05579122837270795
dataset/0510032217_A-40/2.0MapBounded.png,0.2118822928844355,0.002396648189350577,0.05579670277031892
dataset/0510032217_A-40/3.0MapBounded.png,0.2583832944122836,0.0023966481893511332,0.055799439969124405
dataset/0510032217_A-40/4.0MapBounded.png,0.20691532139335223,0.0023966481893511332,0.09338063212869215
dataset/0510032217_A-40/5.0MapBounded.png,0.22083975740562775,0.002396648189350577,0.11377878506693821
dataset/0510032217_A-40/6.0MapBounded.png,0.21778354515499765,0.0023966481893539114,0.1317468529056734
dataset/0510032217_A-40/7.0MapBounded.png,0.12907482042508983,0.002396648189350577,0.15449735449735452
dataset/0510032217_A-40/8.0MapBounded.png,0.04678205430682514,0.0023966481893511332,0.19060210162124286
dataset/0510032217_A-40/9.0MapBounded.png,0.11192946695677419,0.0023966481893500213,0.20835338331458356
dataset/0510032217_A-40/10.0MapBounded.png,0.10043444569885232,0.0023966481893522443,0.25926856573519796
dataset/0510032217_A-40/11.0MapBounded.png,0.03585267346765783,0.0023966481893494657,0.30608944618256567
dataset/0510032217_A-40/12.0MapBounded.png,0.10239401823156236,0.002396648189345576,0.3344758401147434
dataset/0510032217_A-40/13.0MapBounded.png,0.0251910703313876,0.0023966481893500213,0.3478010713396125
dataset/0510032217_A-40/14.0MapBounded.png,0.17014915958407412,0.002396648189350577,0.36917366705261173
dataset/0510032217_A-40/15.0MapBounded.png,0.2154825661490018,0.0023966481893500213,0.38098139525971914
dataset/0510032217_A-40/16.0MapBounded.png,0.21545776620299512,0.002396648189350577,0.38312352704489283
dataset/0510032217_A-40/17.0MapBounded.png,0.16982988170459606,0.002396648189350577,0.3831536362317532
dataset/0510032217_A-40/18.0MapBounded.png,0.06750682362298585,0.0023966481893528003,0.3861585330804162
dataset/0510032217_A-40/19.0MapBounded.png,0.06750682362298585,0.0023966481893528003,0.3871795082348627
dataset/0510032217_A-40/20.0MapBounded.png,0.07105374967943764,0.0023966481893483546,0.3871795082348627
dataset/0510032217_A-40/21.0MapBounded.png,0.1943016185921117,0.002396648189350577,0.38746472435039436
dataset/0510032217_A-40/22.0MapBounded.png,0.2338730692416669,0.00239664818934891,0.38819336667241483
dataset/0510032217_A-40/23.0MapBounded.png,0.21257892979818596,0.0023966481893511332,0.38826617616064074
dataset/0510032217_A-40/24.0MapBounded.png,0.21351800525568315,0.0023966481893500213,0.3886625225476752
dataset/0510032218_A-40/0MapBounded.png,0.15066685109640632,0.0009223604068427692,0.01595075231909169
dataset/0510032218_A-40/1.0MapBounded.png,0.133852563513337,0.0009223604068422131,0.08528509294158544
dataset/0510032218_A-40/2.0MapBounded.png,0.09915981370289524,0.0009223604068427692,0.12366773691139962
dataset/0510032218_A-40/3.0MapBounded.png,0.039342860511775685,0.0009223604068422131,0.18861434784869863
dataset/0510032218_A-40/4.0MapBounded.png,0.03713284026110851,0.0009223604068427692,0.20776707533044836
dataset/0510032218_A-40/5.0MapBounded.png,0.03418178046414815,0.0009223604068411016,0.2358759173037497
dataset/0510032218_A-40/6.0MapBounded.png,0.04891525845473271,0.0009223604068427692,0.26960751306328135
dataset/0510032218_A-40/7.0MapBounded.png,0.02649913919770721,0.0009223604068433249,0.2917229845320895
dataset/0510032218_A-40/8.0MapBounded.png,0.06411813112390484,0.0009223604068416573,0.3296945012413197
dataset/0510032218_A-40/9.0MapBounded.png,0.08663244405284737,0.0009223604068444365,0.3315886428147163
dataset/0510032218_A-40/10.0MapBounded.png,0.09301761201867208,0.0009223604068411016,0.33157386194116667
dataset/0510032218_A-40/11.0MapBounded.png,0.07631131154934917,0.0009223604068422131,0.33161656224253233
dataset/0510032259_A_40_1_101/0MapBounded.png,0.04793872904295843,0.03257630921989928,0.0025965067868844384
dataset/0510032259_A_40_1_101/1.0MapBounded.png,0.028478630732038605,0.03257630921989872,0.026251926303659363
dataset/0510032259_A_40_1_101/2.0MapBounded.png,0.013140608348237737,0.03257630921989928,0.04109356566676794
dataset/0510032259_A_40_1_101/3.0MapBounded.png,0.006490940638930759,0.03257630921990149,0.04275449790193712
dataset/0510032260_A_40_1_102/0MapBounded.png,0.13726197343054272,0.0020535601132604707,0.004665829083832188
dataset/0510032260_A_40_1_102/1.0MapBounded.png,0.15108937318750798,0.0020535601132604707,0.02852818083030189
dataset/0510032260_A_40_1_102/2.0MapBounded.png,0.14553597286903536,0.0020535601132604707,0.03492227723991821
dataset/0510032260_A_40_1_102/3.0MapBounded.png,0.12879706932992624,0.0020535601132599147,0.0675896501038767
dataset/0510032260_A_40_1_102/4.0MapBounded.png,0.13541621388832162,0.0020535601132604707,0.07299780750375681
dataset/0510032260_A_40_1_102/5.0MapBounded.png,0.07373609256503794,0.0020535601132632493,0.09442624207238796
dataset/0510032260_A_40_1_102/6.0MapBounded.png,0.05019741892163516,0.0020535601132604707,0.1013020854717699
dataset/0510032260_A_40_1_102/7.0MapBounded.png,0.13103447911207838,0.0020535601132632493,0.10381757117401194
dataset/0510032260_A_40_1_102/8.0MapBounded.png,0.14405032474544552,0.0020535601132543576,0.10933357420682822
dataset/0510032260_A_40_1_102/9.0MapBounded.png,0.13798815511643364,0.0020535601132626933,0.10937736938771601
dataset/0510032260_A_40_1_102/10.0MapBounded.png,0.14618488730895107,0.0020535601132610263,0.10939269770102673
dataset/0510032260_A_40_1_102/11.0MapBounded.png,0.14515465461880978,0.0020535601132604707,0.10949342661706864
dataset/0510032266_A_40_1_103/0MapBounded.png,0.019929141630360508,0.03641894233173918,0.005788628033842728
dataset/0510032266_A_40_1_103/1.0MapBounded.png,0.05329845804500759,0.0364189423317425,0.028822155982011134
dataset/0510032266_A_40_1_103/2.0MapBounded.png,0.07183439270883867,0.036418942331739736,0.03403214018837402
dataset/0510032266_A_40_1_103/3.0MapBounded.png,0.05222380435433107,0.036418942331735864,0.046905733610337855
dataset/0510032266_A_40_1_103/4.0MapBounded.png,0.058204639067217304,0.03641894233173918,0.058571127479559976
dataset/0510032266_A_40_1_103/5.0MapBounded.png,0.06604498033183512,0.03641894233174084,0.08057984819495426
dataset/0510032266_A_40_1_103/6.0MapBounded.png,0.0493091826371539,0.036418942331736974,0.08655296342828678
dataset/0510032266_A_40_1_103/7.0MapBounded.png,0.02070666303179292,0.03641894233173808,0.08652285424142642
dataset/0510032266_A_40_1_103/8.0MapBounded.png,0.02070666303179292,0.03641894233173808,0.08662358315746832
dataset/0510032266_A_40_1_103/9.0MapBounded.png,0.015621473538424578,0.03641894233173808,0.08662029851890174
dataset/0510032267_A_40_1_101/0MapBounded.png,0.050360992165719425,0.003699236947921254,0.0033738712476425875
dataset/0510032267_A_40_1_101/1.0MapBounded.png,0.034221744789713154,0.003699236947921254,0.00547713480977837
dataset/0510032267_A_40_1_101/2.0MapBounded.png,0.020663434776531514,0.0036992369479223654,0.00796415364444335
dataset/0510032267_A_40_1_101/3.0MapBounded.png,0.010809868958745491,0.0036992369479240316,0.04258260181695257
dataset/0510032267_A_40_1_101/4.0MapBounded.png,0.036736779582303994,0.003699236947923476,0.049223593558823775
dataset/0510032267_A_40_1_101/5.0MapBounded.png,0.021342696650277125,0.0036992369479218095,0.0714841365643228
dataset/0510032267_A_40_1_101/6.0MapBounded.png,0.03309018358456938,0.00369923694792681,0.07793790390789875
dataset/0510032267_A_40_1_101/7.0MapBounded.png,0.019287918780200194,0.003699236947921254,0.08176450783796879
dataset/0510032267_A_40_1_101/8.0MapBounded.png,0.02609649270998392,0.00369923694791792,0.08926716976380712
dataset/0510032270_A_40_1_104/0MapBounded.png,0.14533033443374943,0.02088188804100056,0.002193591122716834
dataset/0510032270_A_40_1_104/1.0MapBounded.png,0.14371910909830943,0.02088188804100111,0.03413067934537154
dataset/0510032270_A_40_1_104/2.0MapBounded.png,0.06115118728383386,0.020881888041003327,0.054331753969622566
dataset/0510032270_A_40_1_104/3.0MapBounded.png,0.026561580862551247,0.02088188804099945,0.07323539636007304
dataset/0510032270_A_40_1_104/4.0MapBounded.png,0.021632431000706876,0.02088188804100056,0.07411403717663417
dataset/0510032270_A_40_1_104/5.0MapBounded.png,0.06235521903266633,0.020881888041000003,0.07778243101574711
dataset/0510032270_A_40_1_104/6.0MapBounded.png,0.04835657560864471,0.02088188804100222,0.08278931507074291
dataset/0510032270_A_40_1_104/7.0MapBounded.png,0.04835657560864471,0.02088188804100222,0.08280026386596485
dataset/0510032270_A_40_1_104/8.0MapBounded.png,0.05118122889256844,0.02088188804100056,0.08280026386596485
dataset/0510032270_A_40_1_104/9.0MapBounded.png,0.05422881560078831,0.0208818880409989,0.084264117787139
dataset/0510034689_Layout1/0MapBounded.png,0.03462924425099051,0.003017980737561106,0.004210359202599244
dataset/0510034689_Layout1/1.0MapBounded.png,0.060510494522018406,0.00301798073756055,0.016313704880699192
dataset/0510034689_Layout1/2.0MapBounded.png,0.0939091659639867,0.003017980737562217,0.028708835951463993
dataset/0510034689_Layout1/3.0MapBounded.png,0.05840882095309386,0.003017980737559439,0.03805855963124458
dataset/0510034689_Layout1/4.0MapBounded.png,0.0374045706317768,0.003017980737561106,0.06724202585557992
dataset/0510034689_Layout1/5.0MapBounded.png,0.05006187945586924,0.00301798073756055,0.07714028417598
dataset/0510034690_Layout1/0MapBounded.png,0.12272372178364849,0.0004851736635686903,0.011136567060002135
dataset/0510034690_Layout1/1.0MapBounded.png,0.10570183194567473,0.0004851736635664031,0.04426214700399905
dataset/0510034690_Layout1/2.0MapBounded.png,0.02830879617111947,0.00048517366356558685,0.06596265913389557
dataset/0510034690_Layout1/3.0MapBounded.png,0.014592709794640451,0.0004851736635686971,0.08550680604482985
dataset/0510034690_Layout1/4.0MapBounded.png,0.0228149265636558,0.0004851736635665404,0.08633781960217553
dataset/0510034690_Layout1/5.0MapBounded.png,0.034993139910098274,0.0004851736635693854,0.0869471200562768
dataset/0510034690_Layout1/6.0MapBounded.png,0.034993139910098274,0.0004851736635693854,0.0869471200562768
dataset/0510034690_Layout1/7.0MapBounded.png,0.06971399240305065,0.0004851736635692852,0.086931244303205
dataset/0510034841_A-40.1-103/0MapBounded.png,0.014439182602576248,0.051203169306770324,0.0013226144628110486
dataset/0510034841_A-40.1-103/1.0MapBounded.png,0.0014627791128008169,0.051203169306771434,0.0066305903864103555
dataset/0510034859_A-40/0MapBounded.png,0.04055501466864001,0.11250408242250992,0.0037554367611273977
dataset/0510034859_A-40/1.0MapBounded.png,0.0022054362830648475,0.11250408242250992,0.0073231016841984265
dataset/0510034859_A-40/2.0MapBounded.png,0.00656597583870236,0.11250408242250992,0.0073231016841984265
dataset/0510034859_A-40/3.0MapBounded.png,0.005993098072826595,0.11250408242250992,0.0073285760818093985
dataset/0510034860_A-40/0MapBounded.png,0.09716363540719158,0.04311135814697374,0.0019056378083796607
dataset/0510034860_A-40/1.0MapBounded.png,0.06699295570104814,0.04311135814697374,0.004651048210282563
dataset/0510034860_A-40/2.0MapBounded.png,0.020260660470341436,0.043111358146974844,0.011091129559831062
dataset/0510034860_A-40/3.0MapBounded.png,0.005306921063036084,0.04311135814697153,0.011825246279462525
dataset/0510034860_A-40/4.0MapBounded.png,0.005306921063036084,0.04311135814697153,0.011814844924001677
dataset/0510034860_A-40/5.0MapBounded.png,0.052778486900470954,0.04311135814697595,0.01181593980352387
dataset/0510034860_A-40/6.0MapBounded.png,0.0525388194438863,0.04311135814697429,0.012707171734590255
dataset/0510034861_A-40/0MapBounded.png,0.010649326426792281,0.11642514495616246,0.0012525421733905957
dataset/0510034861_A-40/1.0MapBounded.png,0.00782307215452547,0.11642514495616246,0.009653552747189582
dataset/0510034861_A-40/2.0MapBounded.png,0.0013374757725507066,0.11642514495616464,0.011316127301642047
dataset/0510034870_A-40/0MapBounded.png,0.0437101088831268,0.06762867216189433,0.001995417929199616
dataset/0510034870_A-40/1.0MapBounded.png,0.008540046628661665,0.06762867216189597,0.012061192816495456
dataset/0510034870_A-40/2.0MapBounded.png,0.010489599708567264,0.06762867216189324,0.01295899402469501
dataset/0510034870_A-40/3.0MapBounded.png,0.010489599708567264,0.06762867216189324,0.01295899402469501
dataset/0510034870_A-40/4.0MapBounded.png,0.017318807448418152,0.06762867216189597,0.013026876555071072
dataset/0510035341_A_40_1_103/0MapBounded.png,0.14677446549459658,0.04367669822335493,0.004868381795438185
dataset/0510035341_A_40_1_103/1.0MapBounded.png,0.13796250946893418,0.04367669822335051,0.028031652966986644
dataset/0510035341_A_40_1_103/2.0MapBounded.png,0.1201681668017213,0.04367669822335382,0.04729441584071693
dataset/0510035341_A_40_1_103/3.0MapBounded.png,0.14168944160240338,0.04367669822335327,0.06716155221069861
dataset/0510035341_A_40_1_103/4.0MapBounded.png,0.04513957227245943,0.04367669822335382,0.08960001313855427
dataset/0510035341_A_40_1_103/5.0MapBounded.png,0.04460504057708648,0.04367669822335658,0.11264175268313915
dataset/0510035341_A_40_1_103/6.0MapBounded.png,0.09621883345457886,0.04367669822335271,0.12937041690275008
dataset/0510035341_A_40_1_103/7.0MapBounded.png,0.06993386576770047,0.04367669822335493,0.13647399524274847
dataset/0510035341_A_40_1_103/8.0MapBounded.png,0.12005010023618556,0.04367669822335547,0.1385093762745082
dataset/0510035341_A_40_1_103/9.0MapBounded.png,0.07401769669980121,0.04367669822335382,0.14083325806036617
dataset/0510035341_A_40_1_103/10.0MapBounded.png,0.07401769669980121,0.04367669822335382,0.1408135502289667
dataset/0510035341_A_40_1_103/11.0MapBounded.png,0.07424582641132804,0.04367669822335493,0.1408080758313557
dataset/0510035343_A_40_1_102/0MapBounded.png,0.03851644797769557,0.005147634922240712,0.0035917522725593086
dataset/0510035343_A_40_1_102/1.0MapBounded.png,0.0452120084946035,0.005147634922240156,0.03764086309352735
dataset/0510035343_A_40_1_102/2.0MapBounded.png,0.06019645074502875,0.005147634922241267,0.06124646559204242
dataset/0510035343_A_40_1_102/3.0MapBounded.png,0.06027226184162744,0.005147634922240156,0.08336631657893946
dataset/0510035343_A_40_1_102/4.0MapBounded.png,0.0578236830861096,0.005147634922240712,0.10900127827184217
dataset/0510035343_A_40_1_102/5.0MapBounded.png,0.028564628898684545,0.005147634922243488,0.1354667060823295
dataset/0510035343_A_40_1_102/6.0MapBounded.png,0.1173577030843037,0.005147634922240712,0.1425440073137952
dataset/0510035343_A_40_1_102/7.0MapBounded.png,0.05541834766987536,0.005147634922240156,0.14602353443532956
dataset/0510035343_A_40_1_102/8.0MapBounded.png,0.011100549909602856,0.005147634922241267,0.1467680525104219
dataset/0510035343_A_40_1_102/9.0MapBounded.png,0.02610124069537488,0.005147634922240156,0.1469875758546219
dataset/0510035343_A_40_1_102/10.0MapBounded.png,0.02610124069537488,0.005147634922240156,0.1469875758546219
dataset/0510035343_A_40_1_102/11.0MapBounded.png,0.03491454200694595,0.005147634922242378,0.14696896290274458
dataset/0510035517_A_40_1_105/0MapBounded.png,0.18854756234805212,0.008293896803619449,0.002026621995582162
dataset/0510035517_A_40_1_105/1.0MapBounded.png,0.20662843259788063,0.008293896803620002,0.024212713193571964
dataset/0510035517_A_40_1_105/2.0MapBounded.png,0.10725573759029344,0.008293896803625554,0.04912779160063175
dataset/0510035517_A_40_1_105/3.0MapBounded.png,0.04646043438849823,0.008293896803618892,0.08074024804495576
dataset/0510035517_A_40_1_105/4.0MapBounded.png,0.0693243147790461,0.008293896803618892,0.11198920448791118
dataset/0510035517_A_40_1_105/5.0MapBounded.png,0.07783650949614643,0.00829389680362056,0.1372371262697181
dataset/0510035517_A_40_1_105/6.0MapBounded.png,0.07801954488113763,0.008293896803621113,0.16471148555990772
dataset/0510035517_A_40_1_105/7.0MapBounded.png,0.029790517447445902,0.00829389680362167,0.18380289978841455
dataset/0510035517_A_40_1_105/8.0MapBounded.png,0.1041039906800598,0.008293896803620002,0.21299457760916635
dataset/0510035517_A_40_1_105/9.0MapBounded.png,0.11606275880383189,0.008293896803616672,0.23220533370559238
dataset/0510035517_A_40_1_105/10.0MapBounded.png,0.04874885048937354,0.008293896803619449,0.2779756772514145
dataset/0510035517_A_40_1_105/11.0MapBounded.png,0.06173566695736282,0.008293896803620002,0.30122872854378285
dataset/0510035517_A_40_1_105/12.0MapBounded.png,0.09815930774516261,0.008293896803619449,0.30529073157112474
dataset/0510035517_A_40_1_105/13.0MapBounded.png,0.07016022209228608,0.008293896803619449,0.3176382353826741
dataset/0510035517_A_40_1_105/14.0MapBounded.png,0.05902114032630007,0.008293896803619449,0.3258093212568123
dataset/0510035517_A_40_1_105/15.0MapBounded.png,0.03731561164538054,0.008293896803619449,0.32662281674180277
dataset/0510035517_A_40_1_105/16.0MapBounded.png,0.046506841541942824,0.008293896803619449,0.3374741676862733
dataset/0510035517_A_40_1_105/17.0MapBounded.png,0.022804048368991903,0.008293896803619449,0.33750153967432817
dataset/0510035517_A_40_1_105/18.0MapBounded.png,0.024599014602456913,0.008293896803618337,0.337923068290373
dataset/0510035517_A_40_1_105/19.0MapBounded.png,0.024599014602456913,0.008293896803618337,0.337923068290373
dataset/0510035517_A_40_1_105/20.0MapBounded.png,0.0795243231865124,0.008293896803619449,0.33792033109156755
dataset/0510035517_A_40_1_105/21.0MapBounded.png,0.16532414404104964,0.008293896803618892,0.3379121194951511
dataset/0510035517_A_40_1_105/22.0MapBounded.png,0.1790030841868066,0.008293896803619449,0.33792963756750616
dataset/0510035518_A_40_1_101/0MapBounded.png,0.13740593736559176,0.012635009753352173,0.016223924759879237
dataset/0510035518_A_40_1_101/1.0MapBounded.png,0.10313119928733616,0.012635009753350508,0.04939603708356942
dataset/0510035518_A_40_1_101/2.0MapBounded.png,0.12720456501536956,0.012635009753351065,0.07790943704032169
dataset/0510035518_A_40_1_101/3.0MapBounded.png,0.07790251800564582,0.012635009753351616,0.12689872638139582
dataset/0510035518_A_40_1_101/4.0MapBounded.png,0.07790251800564582,0.012635009753351616,0.12706186343020281
dataset/0510035518_A_40_1_101/5.0MapBounded.png,0.07159010766249972,0.012635009753352728,0.1270848559001689
dataset/0510035518_A_40_1_101/6.0MapBounded.png,0.13754490126660598,0.012635009753351616,0.17586611813202604
dataset/0510035518_A_40_1_101/7.0MapBounded.png,0.13536382125522683,0.012635009753352728,0.1918666874693776
dataset/0510035518_A_40_1_101/8.0MapBounded.png,0.12000282034390258,0.012635009753352173,0.2294073690866242
dataset/0510035518_A_40_1_101/9.0MapBounded.png,0.1305205895336474,0.012635009753349401,0.30175810279276394
dataset/0510035518_A_40_1_101/10.0MapBounded.png,0.09524022076144407,0.012635009753351065,0.31158847858278793
dataset/0510035518_A_40_1_101/11.0MapBounded.png,0.14250392420862512,0.012635009753352728,0.31284813747307283
dataset/0510035518_A_40_1_101/12.0MapBounded.png,0.0889035390894164,0.012635009753352728,0.3302890208218714
dataset/0510035518_A_40_1_101/13.0MapBounded.png,0.03673018786481927,0.012635009753352728,0.3313817105850216
dataset/0510035518_A_40_1_101/14.0MapBounded.png,0.08585597674895441,0.012635009753351065,0.33151364356744595
dataset/0510035518_A_40_1_101/15.0MapBounded.png,0.08585597674895441,0.012635009753351065,0.3315207602843403
dataset/0510035518_A_40_1_101/16.0MapBounded.png,0.1398080438578701,0.012635009753352173,0.3315207602843403
dataset/0510035518_A_40_1_101/17.0MapBounded.png,0.07188747599799383,0.012635009753349401,0.3315984967304161
dataset/0510035518_A_40_1_101/18.0MapBounded.png,0.0798168548410173,0.012635009753352173,0.3335714696294107
dataset/0510035518_A_40_1_101/19.0MapBounded.png,0.0818857695250261,0.012635009753352173,0.3341758431256621
dataset/0510035518_A_40_1_101/20.0MapBounded.png,0.10366861718991456,0.012635009753352173,0.3341955509570616
dataset/0510035519_A_40_1_102/0MapBounded.png,0.2511198353584898,0.007470237538965051,0.01365150532248308
dataset/0510035519_A_40_1_102/1.0MapBounded.png,0.25546052848954104,0.007470237538965607,0.1344085050241284
dataset/0510035519_A_40_1_102/2.0MapBounded.png,0.15487831215149084,0.007470237538961166,0.1731885902604992
dataset/0510035519_A_40_1_102/3.0MapBounded.png,0.13538082063845508,0.007470237538962276,0.20789024927669525
dataset/0510035519_A_40_1_102/4.0MapBounded.png,0.07627556078552444,0.007470237538964497,0.24561706041271478
dataset/0510035519_A_40_1_102/5.0MapBounded.png,0.07445362114360932,0.007470237538964497,0.2516635325740344
dataset/0510035519_A_40_1_102/6.0MapBounded.png,0.06252440466016314,0.007470237538963385,0.29242097022748864
dataset/0510035519_A_40_1_102/7.0MapBounded.png,0.054751808552976775,0.007470237538965607,0.35475629350435356
dataset/0510035519_A_40_1_102/8.0MapBounded.png,0.14405124211869144,0.007470237538965051,0.406611429994772
dataset/0510035519_A_40_1_102/9.0MapBounded.png,0.10017111007026613,0.007470237538964497,0.43934778026862875
dataset/0510035519_A_40_1_102/10.0MapBounded.png,0.021032097396684775,0.0074702375389694925,0.44612727427005755
dataset/0510035519_A_40_1_102/11.0MapBounded.png,0.03273667007570034,0.007470237538965051,0.44594497682961215
dataset/0510035519_A_40_1_102/12.0MapBounded.png,0.0500707223839373,0.007470237538965607,0.44605446478183164
dataset/0510035519_A_40_1_102/13.0MapBounded.png,0.0500707223839373,0.007470237538965607,0.44605446478183164
dataset/0510035519_A_40_1_102/14.0MapBounded.png,0.0835614023249664,0.007470237538968937,0.45453430668122863
dataset/0510035519_A_40_1_102/15.0MapBounded.png,0.044180795997426574,0.007470237538965607,0.4607532223672938
dataset/0510035519_A_40_1_102/16.0MapBounded.png,0.09048079621413155,0.007470237538965051,0.48158494759632886
dataset/0510035519_A_40_1_102/17.0MapBounded.png,0.06798501654134174,0.0074702375389639405,0.5157758453154212
dataset/0510035519_A_40_1_102/18.0MapBounded.png,0.05680137014098618,0.007470237538965051,0.5949728606738437
dataset/0510035519_A_40_1_102/19.0MapBounded.png,0.04218101900471498,0.00747023753896172,0.6107664977815004
dataset/0510035519_A_40_1_102/20.0MapBounded.png,0.04583645291524226,0.007470237538965051,0.6250864270522833
dataset/0510035519_A_40_1_102/21.0MapBounded.png,0.04924935554295453,0.007470237538965051,0.6707095093023702
dataset/0510035519_A_40_1_102/22.0MapBounded.png,0.06653501152107405,0.007470237538965051,0.6892080462696086
dataset/0510035519_A_40_1_102/23.0MapBounded.png,0.11545561971514376,0.007470237538965051,0.7118288046379098
dataset/0510035519_A_40_1_102/24.0MapBounded.png,0.08875780511768777,0.007470237538965607,0.7179037436668063
dataset/0510035519_A_40_1_102/25.0MapBounded.png,0.08752891692159936,0.007470237538966161,0.719196248942757
dataset/0510035519_A_40_1_102/26.0MapBounded.png,0.10106155377689027,0.007470237538964497,0.720034379216997
dataset/0510035519_A_40_1_102/27.0MapBounded.png,0.154484430679816,0.0074702375389639405,0.7200354740965191
dataset/0510035520_A_40_1_103/2.0MapBounded.png,0.9969832666660883,0.6859478154064751,0.08548381357486376
dataset/0510035520_A_40_1_103/3.0MapBounded.png,0.9682278384101378,0.6859478154064742,0.12805601403635547
dataset/0510035520_A_40_1_103/4.0MapBounded.png,0.8701783603409241,0.6859478154064761,0.15807870541445296
dataset/0510035520_A_40_1_103/5.0MapBounded.png,0.8432646496555641,0.6859478154064781,0.17432890728286488
dataset/0510035520_A_40_1_103/6.0MapBounded.png,0.8432646496555641,0.6859478154064781,0.17432671752382048
dataset/0510035520_A_40_1_103/7.0MapBounded.png,0.8432646496555641,0.6859478154064781,0.17432671752382048
dataset/0510035520_A_40_1_103/8.0MapBounded.png,0.8432646496555641,0.6859478154064781,0.17432671752382048
dataset/0510035520_A_40_1_103/9.0MapBounded.png,0.8432646496555641,0.6859478154064781,0.17433492912023696
dataset/0510035520_A_40_1_103/10.0MapBounded.png,0.8432646496555641,0.6859478154064781,0.17433547655999804
dataset/0510035520_A_40_1_103/11.0MapBounded.png,0.8432646496555641,0.6859478154064781,0.17433492912023696
dataset/0510035520_A_40_1_103/12.0MapBounded.png,0.8432646496555641,0.6859478154064781,0.17433492912023696
dataset/0510035520_A_40_1_103/13.0MapBounded.png,0.8432646496555641,0.6859478154064781,0.17433492912023696
dataset/0510035520_A_40_1_103/14.0MapBounded.png,0.8154959244816484,0.6859478154064772,0.18675086290192344
dataset/0510035520_A_40_1_103/15.0MapBounded.png,0.7806199459347292,0.6859478154064748,0.21517667249690015
dataset/0510035520_A_40_1_103/16.0MapBounded.png,0.7482807532970612,0.6859478154064756,0.23869139999507308
dataset/0510035520_A_40_1_103/17.0MapBounded.png,0.7374891416419382,0.6859478154064735,0.2761592721240937
dataset/0510035520_A_40_1_103/18.0MapBounded.png,0.83763956947542,0.6859478154064751,0.3036423904504609
dataset/0510035520_A_40_1_103/19.0MapBounded.png,0.923234415842445,0.6859478154064776,0.3272939778889081
dataset/0510035520_A_40_1_103/20.0MapBounded.png,0.9678027650348487,0.6859478154064756,0.394519033111894
dataset/0510035520_A_40_1_103/21.0MapBounded.png,0.7862069095580475,0.6859478154064756,0.41639691572438603
dataset/0510035520_A_40_1_103/22.0MapBounded.png,0.7534926754360233,0.6859478154064756,0.41805237356194425
dataset/0510035520_A_40_1_103/23.0MapBounded.png,0.7274368879141757,0.6859478154064735,0.42252933592819786
dataset/0510035520_A_40_1_103/24.0MapBounded.png,0.8119943582558278,0.6859478154064756,0.43241664545337594
dataset/0510035520_A_40_1_103/25.0MapBounded.png,0.78204367296317,0.6859478154064761,0.4326542343096922
dataset/0510035520_A_40_1_103/26.0MapBounded.png,0.78204367296317,0.6859478154064761,0.4326673728639585
dataset/0510035520_A_40_1_103/27.0MapBounded.png,0.78204367296317,0.6859478154064761,0.43268160629774705
dataset/0510035520_A_40_1_103/28.0MapBounded.png,0.78204367296317,0.6859478154064761,0.4326848909363136
dataset/0510035520_A_40_1_103/29.0MapBounded.png,0.7940752162370615,0.6859478154064748,0.43268434349655255
dataset/0510035520_A_40_1_103/30.0MapBounded.png,0.7940752162370615,0.6859478154064748,0.4326761319001361
dataset/0510035520_A_40_1_103/31.0MapBounded.png,0.8342935579852633,0.6859478154064781,0.4372116703208271
dataset/0510035520_A_40_1_103/32.0MapBounded.png,0.8080867893132004,0.6859478154064748,0.4381045445711768
dataset/0510035520_A_40_1_103/33.0MapBounded.png,0.8687041158487362,0.6859478154064756,0.44028390226010505
dataset/0510035520_A_40_1_103/34.0MapBounded.png,0.7475226071566138,0.6859478154064791,0.4411740393116493
dataset/0510035520_A_40_1_103/35.0MapBounded.png,0.7187130856441909,0.6859478154064751,0.441200863859943
dataset/0510035520_A_40_1_103/36.0MapBounded.png,0.6878484561400685,0.6859478154064756,0.441206338257554
dataset/0510035520_A_40_1_103/37.0MapBounded.png,0.6067727798985426,0.6859478154064761,0.44120852801659843
dataset/0510035520_A_40_1_103/38.0MapBounded.png,0.6262263455257412,0.6859478154064756,0.4412046959382707
dataset/0510035520_A_40_1_103/39.0MapBounded.png,0.5349963780526973,0.6859478154064772,0.4411904625044822
dataset/0510035520_A_40_1_103/40.0MapBounded.png,0.36652166109547973,0.6859478154064748,0.4411882727454378
dataset/0510035520_A_40_1_103/41.0MapBounded.png,0.3217675250895599,0.6859478154064718,0.4411882727454378
dataset/0510035520_A_40_1_103/42.0MapBounded.png,0.3726194022641167,0.6859478154064756,0.4411904625044822
dataset/0510035520_A_40_1_103/43.0MapBounded.png,0.31470319131654206,0.6859478154064742,0.44118608298639345
dataset/0510035520_A_40_1_103/44.0MapBounded.png,0.2560170035730786,0.6859478154064766,0.44117622907069365
dataset/0510035520_A_40_1_103/45.0MapBounded.png,0.2983502503947136,0.6859478154064772,0.44117787138997694
dataset/0510035520_A_40_1_103/46.0MapBounded.png,0.3225899668001375,0.6859478154064761,0.44116144819714403
dataset/0510035520_A_40_1_103/47.0MapBounded.png,0.39325153589641215,0.6859478154064761,0.44116254307666625
dataset/0510035520_A_40_1_103/48.0MapBounded.png,0.49806346660813117,0.6859478154064751,0.44116528027547175
dataset/0510035520_A_40_1_103/49.0MapBounded.png,0.625018365201363,0.6859478154064726,0.44115378404048866
dataset/0510035520_A_40_1_103/50.0MapBounded.png,0.6340428257208208,0.6859478154064756,0.4411767765104548
dataset/0510035520_A_40_1_103/51.0MapBounded.png,0.7469561217703815,0.6859478154064732,0.44117787138997694
dataset/0510035520_A_40_1_103/52.0MapBounded.png,0.7779396880141229,0.6859478154064756,0.44117568163093257
dataset/0510035520_A_40_1_103/53.0MapBounded.png,0.8496327944413158,0.6859478154064766,0.4411751341911715
dataset/0510035520_A_40_1_103/54.0MapBounded.png,0.8633696087435225,0.6859478154064756,0.4411795137092603
dataset/0510035520_A_40_1_103/55.0MapBounded.png,0.8613993705461064,0.6859478154064748,0.4411877253056767
dataset/0510035520_A_40_1_103/56.0MapBounded.png,0.8436674705415814,0.6859478154064756,0.4411800611490213
dataset/0510035520_A_40_1_103/57.0MapBounded.png,0.8776500820581418,0.6859478154064761,0.4411691123537994
dataset/0510035520_A_40_1_103/58.0MapBounded.png,0.8492355928305572,0.6859478154064756,0.4411603533176218
dataset/0510035520_A_40_1_103/59.0MapBounded.png,0.8726986087834558,0.6859478154064761,0.4411630905164273
dataset/0510035520_A_40_1_103/60.0MapBounded.png,0.8694006009558942,0.6859478154064766,0.4411647328357106
dataset/0510035520_A_40_1_103/61.0MapBounded.png,0.8662893330987391,0.6859478154064756,0.44116582771523283
dataset/0510035520_A_40_1_103/62.0MapBounded.png,0.8873710459838172,0.6859478154064751,0.4411663751549939
dataset/0510035520_A_40_1_103/63.0MapBounded.png,0.8614509725757796,0.6859478154064756,0.4411641853959495
dataset/0510035520_A_40_1_103/64.0MapBounded.png,0.8945433395224927,0.6859478154064751,0.4411663751549939
dataset/0510035520_A_40_1_103/65.0MapBounded.png,0.8704516562163984,0.6859478154064756,0.44116582771523283
dataset/0510035520_A_40_1_103/66.0MapBounded.png,0.8878742515728991,0.6859478154064761,0.4411619956369051
dataset/0510035520_A_40_1_103/67.0MapBounded.png,0.8905689078529198,0.6859478154064751,0.4411641853959495
dataset/0510035520_A_40_1_103/68.0MapBounded.png,0.8932219648318026,0.6859478154064751,0.44116582771523283
dataset/0510035520_A_40_1_103/69.0MapBounded.png,0.9177413100979185,0.6859478154064748,0.4411663751549939
dataset/0510035520_A_40_1_103/70.0MapBounded.png,0.8889843273948456,0.6859478154064756,0.4411674700345161
dataset/0510035520_A_40_1_103/71.0MapBounded.png,0.9240893182127249,0.6859478154064756,0.4411702072333216
dataset/0510035520_A_40_1_103/72.0MapBounded.png,0.9081902294340253,0.6859478154064751,0.44116856491403833
dataset/0510035520_A_40_1_103/73.0MapBounded.png,0.9138570882806343,0.6859478154064748,0.4411696597935605
dataset/0510035520_A_40_1_103/74.0MapBounded.png,0.9280233078886104,0.6859478154064751,0.4411691123537994
dataset/0510035520_A_40_1_103/75.0MapBounded.png,0.9115254692274846,0.6859478154064756,0.4411691123537994
dataset/0510035520_A_40_1_103/76.0MapBounded.png,0.9433094697603083,0.6859478154064756,0.4411696597935605
dataset/0510035520_A_40_1_103/77.0MapBounded.png,0.913187176974387,0.6859478154064756,0.441166922594755
dataset/0510035520_A_40_1_103/78.0MapBounded.png,0.9367599354506663,0.6859478154064751,0.4411641853959495
dataset/0510035520_A_40_1_103/79.0MapBounded.png,0.928410509067892,0.6859478154064756,0.4411630905164273
dataset/0510035520_A_40_1_103/80.0MapBounded.png,0.9313401983737929,0.6859478154064761,0.44116090075738296
dataset/0510035520_A_40_1_103/81.0MapBounded.png,0.9503836954876015,0.6859478154064751,0.44115980587786074
dataset/0510035737_A_40_1_105/0MapBounded.png,0.05787719829824019,0.018957911033717738,0.005506696556877623
dataset/0510035737_A_40_1_105/1.0MapBounded.png,0.10329869380838065,0.018957911033717738,0.05054237594330715
dataset/0510035737_A_40_1_105/2.0MapBounded.png,0.08771558486694751,0.018957911033718845,0.05353030215937614
dataset/0510035737_A_40_1_105/3.0MapBounded.png,0.023780265155564216,0.01895791103371663,0.05425347008378566
dataset/0510035737_A_40_1_105/4.0MapBounded.png,0.05607575924398187,0.018957911033717183,0.06525098744446908
dataset/0510035737_A_40_1_105/5.0MapBounded.png,0.027734093060349123,0.01895791103371441,0.10241174586751411
dataset/0510035737_A_40_1_105/6.0MapBounded.png,0.045565197090274116,0.018957911033717738,0.14249638005457976
dataset/0510035737_A_40_1_105/7.0MapBounded.png,0.08823052257347447,0.018957911033717738,0.16867713918929647
dataset/0510035737_A_40_1_105/8.0MapBounded.png,0.04728017130063122,0.01895791103371663,0.22424501213947673
dataset/0510035737_A_40_1_105/9.0MapBounded.png,0.1102809549026805,0.01895791103371663,0.23865910104916838
dataset/0510035737_A_40_1_105/10.0MapBounded.png,0.11279449493337752,0.018957911033719396,0.25653957852612796
dataset/0510035737_A_40_1_105/11.0MapBounded.png,0.06098373228705662,0.018957911033720503,0.27713097770004136
dataset/0510035737_A_40_1_105/12.0MapBounded.png,0.07469885515424436,0.018957911033717738,0.2832310989579484
dataset/0510035737_A_40_1_105/13.0MapBounded.png,0.08145824351499957,0.01895791103371663,0.28347470965163674
dataset/0510035737_A_40_1_105/14.0MapBounded.png,0.026994130074562018,0.018957911033717738,0.2923087450764637
dataset/0510035737_A_40_1_105/15.0MapBounded.png,0.011002892246158013,0.018957911033715517,0.2923952405587171
dataset/0510035739_A_40_1_102/0MapBounded.png,0.24419454223935702,0.025400282492884868,0.007181862225835325
dataset/0510035739_A_40_1_102/1.0MapBounded.png,0.25134872560957533,0.025400282492887633,0.01858120037116416
dataset/0510035739_A_40_1_102/2.0MapBounded.png,0.19870958932554114,0.02540028249288431,0.033412438378811894
dataset/0510035739_A_40_1_102/3.0MapBounded.png,0.18227704561624972,0.025400282492884868,0.05780142717545718
dataset/0510035739_A_40_1_102/4.0MapBounded.png,0.1622914942317724,0.025400282492884868,0.0829519046797888
dataset/0510035739_A_40_1_102/5.0MapBounded.png,0.1718487703037707,0.02540028249288431,0.12921001705274857
dataset/0510035739_A_40_1_102/6.0MapBounded.png,0.1612206033919065,0.025400282492886526,0.14219090866788747
dataset/0510035739_A_40_1_102/7.0MapBounded.png,0.1815406241504324,0.025400282492884868,0.146543602208372
dataset/0510035739_A_40_1_102/8.0MapBounded.png,0.1312841609869879,0.025400282492884868,0.14904813911539208
dataset/0510035739_A_40_1_102/9.0MapBounded.png,0.1018704176431494,0.02540028249288708,0.15397892904359536
dataset/0510035739_A_40_1_102/10.0MapBounded.png,0.07000818775399494,0.025400282492889847,0.15733254502007737
dataset/0510035739_A_40_1_102/11.0MapBounded.png,0.05728503813260178,0.025400282492883206,0.18398246003005445
dataset/0510035739_A_40_1_102/12.0MapBounded.png,0.07041385334858231,0.025400282492884868,0.18788187344835044
dataset/0510035739_A_40_1_102/13.0MapBounded.png,0.05514255396518914,0.02540028249288818,0.19233639078439907
dataset/0510035739_A_40_1_102/14.0MapBounded.png,0.04906185258055702,0.025400282492888736,0.19233693822416018
dataset/0510035739_A_40_1_102/15.0MapBounded.png,0.04183782548885704,0.02540028249288929,0.19233912798320457
dataset/0510035739_A_40_1_102/16.0MapBounded.png,0.06640245190759964,0.025400282492886526,0.19554986218204018
dataset/0510035739_A_40_1_102/17.0MapBounded.png,0.12434598903972893,0.025400282492884868,0.19876552333872563
dataset/0510035739_A_40_1_102/18.0MapBounded.png,0.09412701551965451,0.025400282492884868,0.20015656777167384
dataset/0510035739_A_40_1_102/19.0MapBounded.png,0.08785313699378293,0.025400282492884868,0.20015656777167384
dataset/0510035739_A_40_1_102/20.0MapBounded.png,0.10470179076143547,0.02540028249288376,0.2048590753194995
dataset/0510035739_A_40_1_102/21.0MapBounded.png,0.1267255955471304,0.025400282492884868,0.2486985988279314
dataset/0510035739_A_40_1_102/22.0MapBounded.png,0.12019441840081915,0.025400282492884868,0.26758581802554904
dataset/0510035739_A_40_1_102/23.0MapBounded.png,0.1109295622933509,0.025400282492884868,0.2885352428032201
dataset/0510035739_A_40_1_102/24.0MapBounded.png,0.17045109585792842,0.025400282492886526,0.2892759287999847
dataset/0510035739_A_40_1_102/25.0MapBounded.png,0.21663267101956332,0.025400282492883206,0.2909850357341305
dataset/0510035739_A_40_1_102/26.0MapBounded.png,0.264315654779594,0.02540028249288376,0.2966707450928868
dataset/0510035739_A_40_1_102/27.0MapBounded.png,0.28412604418993626,0.025400282492884868,0.3140213008811043
dataset/0510035739_A_40_1_102/28.0MapBounded.png,0.24735392612410945,0.02540028249288431,0.32114896657059105
dataset/0510035740_A_40_1_103/0MapBounded.png,0.13457277184798822,0.01144990379026772,0.003924048207545362
dataset/0510035740_A_40_1_103/1.0MapBounded.png,0.10503613531530397,0.01144990379026772,0.044073280286420484
dataset/0510035740_A_40_1_103/2.0MapBounded.png,0.10847647170676289,0.01144990379026772,0.051489994169766545
dataset/0510035740_A_40_1_103/3.0MapBounded.png,0.10151480358465834,0.01144990379026938,0.06093442492821696
dataset/0510035740_A_40_1_103/4.0MapBounded.png,0.06464777265340464,0.011449903790272156,0.08764948526976464
dataset/0510035740_A_40_1_103/5.0MapBounded.png,0.05822818453024415,0.01144990379026772,0.10904890553105764
dataset/0510035740_A_40_1_103/6.0MapBounded.png,0.08590369356487935,0.011449903790267163,0.15863161957316124
dataset/0510035740_A_40_1_103/7.0MapBounded.png,0.09562748927994986,0.011449903790269937,0.18133394646586576
dataset/0510035740_A_40_1_103/8.0MapBounded.png,0.09524134208328144,0.011449903790269937,0.1813312092670603
dataset/0510035740_A_40_1_103/9.0MapBounded.png,0.10917681616125031,0.011449903790264945,0.1866402800701818
dataset/0510035740_A_40_1_103/10.0MapBounded.png,0.10340282748930228,0.011449903790266053,0.21365862203937735
dataset/0510035740_A_40_1_103/11.0MapBounded.png,0.10565940525263469,0.01144990379026772,0.22967506712980065
dataset/0510035740_A_40_1_103/12.0MapBounded.png,0.1328491136749666,0.01144990379026938,0.2798167171679846
dataset/0510035740_A_40_1_103/13.0MapBounded.png,0.13779002807570753,0.011449903790263836,0.3107519906278313
dataset/0510035740_A_40_1_103/14.0MapBounded.png,0.1346575273049314,0.011449903790267163,0.321216301661206
dataset/0510035740_A_40_1_103/15.0MapBounded.png,0.13757266070243784,0.01144990379026772,0.33018117518893514
dataset/0510035740_A_40_1_103/16.0MapBounded.png,0.1782301293611405,0.01144990379026772,0.3408726737231652
dataset/0510035740_A_40_1_103/17.0MapBounded.png,0.14293439739649813,0.01144990379026772,0.34086938908459863
dataset/0510035740_A_40_1_103/18.0MapBounded.png,0.12993616048669054,0.01144990379026772,0.34111792673613683
dataset/0510035740_A_40_1_103/19.0MapBounded.png,0.12993616048669054,0.01144990379026772,0.34111792673613683
dataset/0510035740_A_40_1_103/20.0MapBounded.png,0.19003207820882229,0.011449903790268829,0.3411250434530311
dataset/0510035740_A_40_1_103/21.0MapBounded.png,0.26686915801782796,0.011449903790264388,0.3416385419489403
dataset/0510035741_A_40_1_104/0MapBounded.png,0.31460267761216915,0.004654283057177142,0.003385367482625631
dataset/0510035741_A_40_1_104/1.0MapBounded.png,0.22382450485178046,0.004654283057177142,0.051619737393146604
dataset/0510035741_A_40_1_104/2.0MapBounded.png,0.21137927617589655,0.004654283057179919,0.06679093549243575
dataset/0510035741_A_40_1_104/3.0MapBounded.png,0.18239368728196406,0.004654283057177142,0.09621418033213172
dataset/0510035741_A_40_1_104/4.0MapBounded.png,0.1328800763603901,0.004654283057174365,0.1680448462652291
dataset/0510035741_A_40_1_104/5.0MapBounded.png,0.07690194351054516,0.004654283057177142,0.21279476209636583
dataset/0510035741_A_40_1_104/6.0MapBounded.png,0.06797022260906443,0.004654283057177142,0.2518666327254015
dataset/0510035741_A_40_1_104/7.0MapBounded.png,0.08657806609922486,0.004654283057172698,0.26449059361630495
dataset/0510035741_A_40_1_104/8.0MapBounded.png,0.05630389671161846,0.004654283057177142,0.2873073354190788
dataset/0510035741_A_40_1_104/9.0MapBounded.png,0.11434061964495454,0.004654283057180475,0.3132975855169337
dataset/0510035741_A_40_1_104/10.0MapBounded.png,0.09332746643828418,0.004654283057179364,0.3357382362038338
dataset/0510035741_A_40_1_104/11.0MapBounded.png,0.11397975969075563,0.004654283057177142,0.34520894407081687
dataset/0510035741_A_40_1_104/12.0MapBounded.png,0.1324546346040322,0.0046542830571738095,0.34840708715514723
dataset/0510035741_A_40_1_104/13.0MapBounded.png,0.1248699025354256,0.004654283057177142,0.3638416037795242
dataset/0510035741_A_40_1_104/14.0MapBounded.png,0.14338646336705918,0.004654283057177142,0.36430802245597904
dataset/0510035741_A_40_1_104/15.0MapBounded.png,0.14508127688021205,0.004654283057177142,0.36431021221502347
dataset/0510035741_A_40_1_104/16.0MapBounded.png,0.16236084537517545,0.004654283057178809,0.36464798254762043
dataset/0510040941_A-40.1-805/0MapBounded.png,0.03135734314900523,0.00847568688367835,0.010950437541229057
dataset/0510040941_A-40.1-805/1.0MapBounded.png,0.005924494378863241,0.00847568688367724,0.02368388638435199
dataset/0510040941_A-40.1-805/2.0MapBounded.png,0.01238806673124732,0.00847568688367835,0.02368826590244076
dataset/0510040941_A-40.1-805/3.0MapBounded.png,0.04678939911661336,0.008475686883680571,0.06765753263425277
dataset/0510040941_A-40.1-805/4.0MapBounded.png,0.023684602547511965,0.00847568688367835,0.07026444077659805
dataset/0510040941_A-40.1-805/5.0MapBounded.png,0.01207472859071194,0.00847568688367835,0.08383437757467764
dataset/0510040941_A-40.1-805/6.0MapBounded.png,0.025776054146944376,0.008475686883678904,0.1076031171219997
dataset/0510040941_A-40.1-805/7.0MapBounded.png,0.005304363083774189,0.00847568688367724,0.10902262842252497
dataset/0510040943_A-40.1-803/0MapBounded.png,8.331520290666279e-06,0.253066180106877,0.00047846235119903
dataset/0510040943_A-40.1-803/1.0MapBounded.png,7.261266424720665e-07,0.25306618010687754,0.0005030971404484079
dataset/0510040946_A-40.1-806/0MapBounded.png,0.09028679497653588,0.023099777757479373,0.010882555010852994
dataset/0510040946_A-40.1-806/1.0MapBounded.png,0.04926571221114282,0.02309977775747771,0.06475281726187054
dataset/0510040946_A-40.1-806/2.0MapBounded.png,0.046689645749258324,0.023099777757479373,0.0969838806362345
dataset/0510040946_A-40.1-806/3.0MapBounded.png,0.026513038818331086,0.023099777757479373,0.10156978351494649
dataset/0510040946_A-40.1-806/4.0MapBounded.png,0.018530915992397815,0.023099777757479373,0.10157471047279636
dataset/0510040946_A-40.1-806/5.0MapBounded.png,0.043486714702643155,0.02309977775747882,0.10157854255112404
dataset/0510040946_A-40.1-806/6.0MapBounded.png,0.022638976161341706,0.023099777757478266,0.1108926826464333
dataset/0510045904_A_40_1_102/0MapBounded.png,0.4863119698949722,0.044994026339586685,0.023531698130766936
dataset/0510045904_A_40_1_102/1.0MapBounded.png,0.48357658533633835,0.044994026339586685,0.07704721941659345
dataset/0510045904_A_40_1_102/2.0MapBounded.png,0.4747415596045396,0.044994026339586685,0.13111346510208385
dataset/0510045904_A_40_1_102/3.0MapBounded.png,0.4660163158269498,0.044994026339586685,0.14566441395204976
dataset/0510045904_A_40_1_102/4.0MapBounded.png,0.45963905257902243,0.04499402633958778,0.2149248502067954
dataset/0510045904_A_40_1_102/5.0MapBounded.png,0.4280512043666593,0.044994026339586685,0.2569353774734012
dataset/0510045904_A_40_1_102/6.0MapBounded.png,0.4260435861331876,0.04499402633958722,0.2627382389410325
dataset/0510045904_A_40_1_102/7.0MapBounded.png,0.3867780646350394,0.04499402633958612,0.3491609117061782
dataset/0510045904_A_40_1_102/8.0MapBounded.png,0.3993277232063928,0.04499402633958722,0.3738887657149427
dataset/0510045904_A_40_1_102/9.0MapBounded.png,0.362441974569417,0.04499402633958612,0.3833096565636659
dataset/0510045904_A_40_1_102/10.0MapBounded.png,0.2712925344387037,0.04499402633958834,0.41648122144759503
dataset/0510045904_A_40_1_102/11.0MapBounded.png,0.2829910951384964,0.04499402633958778,0.42003027341878874
dataset/0510045904_A_40_1_102/12.0MapBounded.png,0.2848065055612091,0.044994026339586685,0.4204140286913179
dataset/0510045904_A_40_1_102/13.0MapBounded.png,0.3051472488688311,0.04499402633958612,0.42894040297040814
dataset/0510045904_A_40_1_102/14.0MapBounded.png,0.34230778027888803,0.04499402633958281,0.4679345371533681
dataset/0510045904_A_40_1_102/15.0MapBounded.png,0.3646176920365179,0.044994026339586685,0.5055288678672021
dataset/0510045904_A_40_1_102/16.0MapBounded.png,0.2758201402950172,0.04499402633958447,0.5371287331970208
dataset/0510045904_A_40_1_102/17.0MapBounded.png,0.2653252788412803,0.04499402633958612,0.5497652852024295
dataset/0510045904_A_40_1_102/18.0MapBounded.png,0.22536030387301523,0.04499402633958722,0.5544333040453061
dataset/0510045904_A_40_1_102/19.0MapBounded.png,0.2690599517616953,0.04499402633958778,0.5674322611725613
dataset/0510045904_A_40_1_102/20.0MapBounded.png,0.26422112478370635,0.04499402633958834,0.5882568696847021
dataset/0510045904_A_40_1_102/21.0MapBounded.png,0.25727617189199975,0.04499402633958612,0.6164434481040793
dataset/0510045904_A_40_1_102/22.0MapBounded.png,0.29114838859232656,0.04499402633958612,0.6184782816960779
dataset/0510045904_A_40_1_102/23.0MapBounded.png,0.27191917351292444,0.044994026339586685,0.6208848268858616
dataset/0510045904_A_40_1_102/24.0MapBounded.png,0.27689783586773103,0.04499402633958558,0.6808081305753318
dataset/0510045904_A_40_1_102/25.0MapBounded.png,0.29707166081738956,0.04499402633958834,0.7186696118925814
dataset/0510045904_A_40_1_102/26.0MapBounded.png,0.30372876685275413,0.044994026339586685,0.7372267249142573
dataset/0510045904_A_40_1_102/27.0MapBounded.png,0.3134398310202713,0.04499402633958612,0.7951803403432995
dataset/0510045904_A_40_1_102/28.0MapBounded.png,0.3083592834156552,0.04499402633958558,0.8258977327782294
dataset/0510045904_A_40_1_102/29.0MapBounded.png,0.3425544424414296,0.04499402633958612,0.8296898480033504
dataset/0510045904_A_40_1_102/30.0MapBounded.png,0.3011320850717534,0.044994026339590536,0.8296799940876507
dataset/0510045904_A_40_1_102/31.0MapBounded.png,0.25628129978200964,0.044994026339581716,0.8355485483266136
dataset/0510045904_A_40_1_102/32.0MapBounded.png,0.22109186329728742,0.044994026339586685,0.8374946966773145
dataset/0510045904_A_40_1_102/33.0MapBounded.png,0.24324500087890355,0.04499402633958722,0.8407448465389491
dataset/0510045904_A_40_1_102/34.0MapBounded.png,0.23885339137167108,0.04499402633958612,0.8406851756049895
dataset/0510045904_A_40_1_102/35.0MapBounded.png,0.23885339137167108,0.04499402633958612,0.8406769640085731
dataset/0510045904_A_40_1_102/36.0MapBounded.png,0.23889066290470282,0.04499402633958502,0.8406687524121564
dataset/0510045904_A_40_1_102/37.0MapBounded.png,0.24125587469658485,0.04499402633958558,0.8439145227557023
dataset/0510045904_A_40_1_102/38.0MapBounded.png,0.24343226070948873,0.044994026339586685,0.8491316236789594
dataset/0510045904_A_40_1_102/39.0MapBounded.png,0.22689559278796956,0.04499402633958281,0.850333253954568
dataset/0510045904_A_40_1_102/40.0MapBounded.png,0.22689559278796956,0.04499402633958281,0.850333253954568
dataset/0510045904_A_40_1_102/41.0MapBounded.png,0.22791611083055974,0.04499402633958722,0.8503206628400628
dataset/0510045904_A_40_1_102/42.0MapBounded.png,0.2377847966350802,0.044994026339591646,0.8511056914574764
dataset/0510045904_A_40_1_102/43.0MapBounded.png,0.26597237808291135,0.04499402633958834,0.8513755792596972
dataset/0510045904_A_40_1_102/44.0MapBounded.png,0.2728663007969651,0.044994026339586685,0.8515222931156713
dataset/0510045904_A_40_1_102/45.0MapBounded.png,0.2882567237443956,0.044994026339586685,0.8527272080298465
dataset/0510045904_A_40_1_102/46.0MapBounded.png,0.2877320495618174,0.044994026339586685,0.8527770250481064
dataset/0510045904_A_40_1_102/47.0MapBounded.png,0.2016713254251253,0.04499402633958888,0.852915527307664
dataset/0510045904_A_40_1_102/48.0MapBounded.png,0.1585081099999072,0.04499402633958558,0.8530151613441836
dataset/0510045904_A_40_1_102/49.0MapBounded.png,0.11784304835109559,0.04499402633958888,0.8537186214371937
dataset/0510045904_A_40_1_102/50.0MapBounded.png,0.2013344807871105,0.04499402633958612,0.8538516492991404
dataset/0510045904_A_40_1_102/51.0MapBounded.png,0.19836678930870827,0.04499402633958778,0.8538844956848061
dataset/0510045904_A_40_1_102/52.0MapBounded.png,0.2118393065776619,0.044994026339586685,0.8538713571305397
dataset/0510045904_A_40_1_102/53.0MapBounded.png,0.21753888221132955,0.044994026339586685,0.8539020137571613
dataset/0510045904_A_40_1_102/54.0MapBounded.png,0.17766860727362535,0.04499402633958612,0.853900371437878
dataset/0510045904_A_40_1_102/55.0MapBounded.png,0.19533226162677203,0.044994026339586685,0.8538735468895843
dataset/0510045904_A_40_1_102/56.0MapBounded.png,0.20010159801329863,0.044994026339586685,0.8539551154139877
dataset/0510045904_A_40_1_102/57.0MapBounded.png,0.19311655613363263,0.04499402633958778,0.853968253968254
dataset/0510045904_A_40_1_102/58.0MapBounded.png,0.1857681701891592,0.044994026339586685,0.8539660642092097
dataset/0510045904_A_40_1_102/59.0MapBounded.png,0.1767010283859627,0.044994026339586685,0.8539605898115987
dataset/0510045904_A_40_1_102/60.0MapBounded.png,0.2590500159291121,0.04499402633958834,0.8547001809288411
dataset/0510045904_A_40_1_102/61.0MapBounded.png,0.27608912939043323,0.04499402633958778,0.8547352170735514
dataset/0510045904_A_40_1_102/62.0MapBounded.png,0.19368316074664732,0.044994026339586685,0.8548233548750881
dataset/0510045904_A_40_1_102/63.0MapBounded.png,0.21641644368464807,0.044994026339586685,0.8548113112003438
dataset/0510045904_A_40_1_102/64.0MapBounded.png,0.1626958889335067,0.04499402633958502,0.8555782743056412
dataset/0510045904_A_40_1_102/65.0MapBounded.png,0.26818157729110853,0.04499402633958722,0.8565861109058213
dataset/0510045904_A_40_1_102/66.0MapBounded.png,0.2889471055781813,0.044994026339586685,0.8565937750624767
dataset/0510045904_A_40_1_102/67.0MapBounded.png,0.3261746317423747,0.04499402633958778,0.856651803677153
dataset/0510045904_A_40_1_102/68.0MapBounded.png,0.3875849961138542,0.044994026339586685,0.8570766169317645
dataset/0510045904_A_40_1_102/69.0MapBounded.png,0.416564231994525,0.04499402633958722,0.8574094603065117
dataset/0510045904_A_40_1_102/70.0MapBounded.png,0.45728202640127635,0.04499402633958447,0.85733884057733
dataset/0510045904_A_40_1_102/71.0MapBounded.png,0.4701675410117726,0.044994026339586685,0.8573744241618013
dataset/0510045904_A_40_1_102/72.0MapBounded.png,0.4821148081410549,0.044994026339586685,0.8573985115112897
dataset/0510045904_A_40_1_102/73.0MapBounded.png,0.4945366246127606,0.044994026339586685,0.8576169399759674
dataset/0510045904_A_40_1_102/74.0MapBounded.png,0.504202080420222,0.044994026339581716,0.8576174874157285
dataset/0510045904_A_40_1_102/75.0MapBounded.png,0.512937111045039,0.044994026339586685,0.8576174874157285
dataset/0510045904_A_40_1_102/76.0MapBounded.png,0.5014664684033824,0.044994026339586685,0.8576629249158996
dataset/0510045904_A_40_1_102/77.0MapBounded.png,0.5250533079008176,0.044994026339586685,0.8590857208549915
dataset/0510045922_A-40.1-030/0MapBounded.png,0.9375775667818947,0.11193611853085704,0.008058860723113181
dataset/0510045922_A-40.1-030/1.0MapBounded.png,0.9126961359806574,0.11193611853085648,0.027247171789334234
dataset/0510045922_A-40.1-030/2.0MapBounded.png,0.9324807032863229,0.1119361185308527,0.12761696734795544
dataset/0510045922_A-40.1-030/3.0MapBounded.png,0.9570044674216497,0.11193611853085868,0.16701018511675522
dataset/0510045922_A-40.1-030/4.0MapBounded.png,0.8878013472767105,0.1119361185308576,0.20206603765838116
dataset/0510045922_A-40.1-030/5.0MapBounded.png,0.9484845505399666,0.11193611853085704,0.23653722453515524
dataset/0510045922_A-40.1-030/8.0MapBounded.png,0.9888000488150306,0.1119361185308603,0.3398155675444864
dataset/0510045922_A-40.1-030/9.0MapBounded.png,0.97530083959073,0.11193611853085814,0.3497647377626685
dataset/0510045922_A-40.1-030/10.0MapBounded.png,0.9346870112670067,0.1119361185308576,0.36724832141283253
dataset/0510045922_A-40.1-030/11.0MapBounded.png,0.974485034443923,0.11193611853085648,0.375635098552843
dataset/0510045922_A-40.1-030/13.0MapBounded.png,0.8808747525827488,0.11193611853085704,0.38375198789063253
dataset/0510045922_A-40.1-030/14.0MapBounded.png,0.8850961922950642,0.11193611853085814,0.3838373884933637
dataset/0510045922_A-40.1-030/15.0MapBounded.png,0.8671433429446731,0.11193611853085648,0.38384560008978014
dataset/0510045922_A-40.1-030/16.0MapBounded.png,0.8645134353439727,0.11193611853085648,0.38385052704763006
dataset/0510045922_A-40.1-030/17.0MapBounded.png,0.8352313453236944,0.11193611853085922,0.3838516219271523
dataset/0510045922_A-40.1-030/18.0MapBounded.png,0.8151585950739647,0.11193611853085704,0.3838543591259577
dataset/0510045922_A-40.1-030/19.0MapBounded.png,0.7942718517006905,0.11193611853085599,0.38384833728858564
dataset/0510045922_A-40.1-030/20.0MapBounded.png,0.7710896968224332,0.1119361185308576,0.3840404886447308
dataset/0510045922_A-40.1-030/21.0MapBounded.png,0.751212788557333,0.11193611853085648,0.3840388463254475
dataset/0510045922_A-40.1-030/22.0MapBounded.png,0.72392225317522,0.11193611853085704,0.3840372040061642
dataset/0510045922_A-40.1-030/23.0MapBounded.png,0.7039966193019701,0.11193611853085814,0.38402789753022554
dataset/0510045922_A-40.1-030/24.0MapBounded.png,0.6716651644967887,0.11193611853085704,0.38400709481930384
dataset/0510045922_A-40.1-030/25.0MapBounded.png,0.64695041191138,0.11193611853085704,0.38400271530121505
dataset/0510045922_A-40.1-030/26.0MapBounded.png,0.6173524937852066,0.11193611853085599,0.3839983357831263
dataset/0510045922_A-40.1-030/27.0MapBounded.png,0.5793816487169564,0.11193611853085648,0.3839955985843208
dataset/0510045922_A-40.1-030/28.0MapBounded.png,0.5512029604272879,0.11193611853085599,0.3839988832228874
dataset/0510045922_A-40.1-030/29.0MapBounded.png,0.5007755804111501,0.11193611853085922,0.3839955985843208
dataset/0510045922_A-40.1-030/30.0MapBounded.png,0.469338652013498,0.1119361185308576,0.3839955985843208
dataset/0510045922_A-40.1-030/31.0MapBounded.png,0.4182658078830808,0.11193611853085648,0.3839955985843208
dataset/0510045922_A-40.1-030/32.0MapBounded.png,0.362778354078367,0.11193611853085814,0.383996693463843
dataset/0510045922_A-40.1-030/33.0MapBounded.png,0.33383878834613623,0.11193611853085599,0.38399176650599315
dataset/0510045922_A-40.1-030/34.0MapBounded.png,0.3479044424114147,0.11193611853085814,0.38398738698790436
dataset/0510045922_A-40.1-030/35.0MapBounded.png,0.25671368801222305,0.11193611853085599,0.3839868395481433
dataset/0510045922_A-40.1-030/36.0MapBounded.png,0.20496862894137535,0.11193611853085922,0.3839895767469487
dataset/0510045922_A-40.1-030/37.0MapBounded.png,0.15241431101188221,0.11193611853085648,0.38399012418670986
dataset/0510045922_A-40.1-030/38.0MapBounded.png,0.13236521224411898,0.1119361185308576,0.38399340882527644
dataset/0510045922_A-40.1-030/39.0MapBounded.png,0.1472651922470657,0.11193611853085704,0.3839977883433652
dataset/0510045922_A-40.1-030/40.0MapBounded.png,0.26394985652455155,0.11193611853085814,0.38399943066264847
dataset/0510045922_A-40.1-030/41.0MapBounded.png,0.259431031385712,0.11193611853085648,0.38400162042169284
dataset/0510045922_A-40.1-030/42.0MapBounded.png,0.3491432489772493,0.11193611853085704,0.3840005255421707
dataset/0510045922_A-40.1-030/43.0MapBounded.png,0.39186234092946015,0.11193611853085868,0.384002167861454
dataset/0510045922_A-40.1-030/44.0MapBounded.png,0.3932379985190155,0.11193611853085922,0.38400271530121505
dataset/0510045922_A-40.1-030/45.0MapBounded.png,0.41785049542781977,0.11193611853085868,0.38400709481930384
dataset/0510045922_A-40.1-030/46.0MapBounded.png,0.4604293421988258,0.11193611853085648,0.3840032627409762
dataset/0510045922_A-40.1-030/47.0MapBounded.png,0.464360149736533,0.11193611853085704,0.3840032627409762
dataset/0510045922_A-40.1-030/48.0MapBounded.png,0.5104396129974841,0.11193611853085648,0.38400545250002055
dataset/0510045922_A-40.1-030/49.0MapBounded.png,0.5108839225398422,0.11193611853085704,0.3839972409036041
dataset/0510045922_A-40.1-030/50.0MapBounded.png,0.5478480333721522,0.11193611853085704,0.383996693463843
dataset/0510045922_A-40.1-030/51.0MapBounded.png,0.5802643712418377,0.11193611853085542,0.3840087371385872
dataset/0510045922_A-40.1-030/52.0MapBounded.png,0.5847427228989527,0.11193611853085814,0.3840103794578705
dataset/0510045922_A-40.1-030/53.0MapBounded.png,0.6194044812353172,0.1119361185308576,0.38398519722886
dataset/0510045922_A-40.1-030/54.0MapBounded.png,0.6214648368321887,0.1119361185308603,0.38399943066264847
dataset/0510045922_A-40.1-030/55.0MapBounded.png,0.653424509303408,0.11193611853085648,0.3839999781024096
dataset/0510045922_A-40.1-030/56.0MapBounded.png,0.6649450018351298,0.11193611853085704,0.3839977883433652
dataset/0510045922_A-40.1-030/57.0MapBounded.png,0.6842252070558899,0.11193611853085542,0.3839977883433652
dataset/0510045922_A-40.1-030/58.0MapBounded.png,0.7019958417327987,0.11193611853085868,0.383996693463843
dataset/0510045922_A-40.1-030/59.0MapBounded.png,0.7183141967365703,0.11193611853085542,0.38399505114455973
dataset/0510045922_A-40.1-030/60.0MapBounded.png,0.7260616538396585,0.1119361185308603,0.3839972409036041
dataset/0510045922_A-40.1-030/61.0MapBounded.png,0.7537659376914637,0.1119361185308576,0.3839988832228874
dataset/0510045922_A-40.1-030/62.0MapBounded.png,0.7591020275868775,0.11193611853085542,0.38399943066264847
dataset/0510045922_A-40.1-030/63.0MapBounded.png,0.7685811060014354,0.11193611853085922,0.3840005255421707
dataset/0510045922_A-40.1-030/64.0MapBounded.png,0.7919278094971249,0.11193611853085922,0.3840043576204984
dataset/0510045922_A-40.1-030/65.0MapBounded.png,0.8105983105315839,0.11193611853085814,0.3840087371385872
dataset/0510045922_A-40.1-030/66.0MapBounded.png,0.8128428753115814,0.11193611853085868,0.38401421153619814
dataset/0510045922_A-40.1-030/67.0MapBounded.png,0.837641152339513,0.11193611853085814,0.384013664096437
dataset/0510045922_A-40.1-030/68.0MapBounded.png,0.837972776099436,0.11193611853085488,0.3840311821687922
dataset/0510045922_A-40.1-030/69.0MapBounded.png,0.8508563975595133,0.11193611853085704,0.3840147589759592
dataset/0510045922_A-40.1-030/70.0MapBounded.png,0.8626763710481408,0.11193611853085599,0.3840158538554814
dataset/0510045922_A-40.1-030/71.0MapBounded.png,0.8666477428374071,0.11193611853085979,0.38401421153619814
dataset/0510045922_A-40.1-030/72.0MapBounded.png,0.88675279173392,0.11193611853085704,0.3840153064157203
dataset/0510045922_A-40.1-030/73.0MapBounded.png,0.8855692838665835,0.11193611853085648,0.3840153064157203
dataset/0510045922_A-40.1-030/74.0MapBounded.png,0.9018614713721245,0.11193611853085704,0.3840147589759592
dataset/0510045922_A-40.1-030/75.0MapBounded.png,0.9117372686771631,0.11193611853085599,0.3840153064157203
dataset/0510045922_A-40.1-030/76.0MapBounded.png,0.9194390213803129,0.11193611853085488,0.3840174961747647
dataset/0510045922_A-40.1-030/77.0MapBounded.png,0.9232565518332715,0.1119361185308576,0.3840174961747647
dataset/0510045922_A-40.1-030/78.0MapBounded.png,0.9428449198780681,0.11193611853085648,0.3840185910542869
dataset/0510045922_A-40.1-030/79.0MapBounded.png,0.9411737641953728,0.11193611853085814,0.384019138494048
dataset/0510045922_A-40.1-030/80.0MapBounded.png,0.9567755433123463,0.1119361185308576,0.3840202333735702
dataset/0510045922_A-40.1-030/81.0MapBounded.png,0.9601566663045148,0.11193611853085648,0.38402297057237567
dataset/0510045925_40.1-010/0MapBounded.png,0.10664173315405263,0.00852064667203831,0.004377875769495014
dataset/0510045925_40.1-010/1.0MapBounded.png,0.12904712225857548,0.008520646672040532,0.017576648409550633
dataset/0510045925_40.1-010/2.0MapBounded.png,0.12248877358973954,0.008520646672038865,0.035862778749483355
dataset/0510045925_40.1-010/3.0MapBounded.png,0.0501906340853691,0.0085206466720372,0.044955753181309316
dataset/0510045925_40.1-010/4.0MapBounded.png,0.04955330252728212,0.00852064667203831,0.04907250018476093
dataset/0510045925_40.1-010/5.0MapBounded.png,0.059318566032183995,0.008520646672038865,0.04920443316718537
dataset/0510045925_40.1-010/6.0MapBounded.png,0.032496874020878724,0.008520646672039976,0.049501145517700094
dataset/0510045925_40.1-010/7.0MapBounded.png,0.032496874020878724,0.008520646672039976,0.049501145517700094
dataset/0510045925_40.1-010/8.0MapBounded.png,0.11931823793682392,0.00852064667203831,0.04956793316855397
dataset/0510045925_40.1-010/9.0MapBounded.png,0.10280791113131257,0.008520646672037755,0.056010751716907954
dataset/0510045926_A-40.1-020/0MapBounded.png,0.016731879749458174,0.03844252326758771,0.009697895367838463
dataset/0510045926_A-40.1-020/1.0MapBounded.png,0.02901449119459838,0.038442523267583295,0.04172147907274654
dataset/0510045926_A-40.1-020/2.0MapBounded.png,0.016023908477570944,0.03844252326758551,0.07206606503036923
dataset/0510045926_A-40.1-020/3.0MapBounded.png,0.02441374143325315,0.03844252326758771,0.079621828613034
dataset/0510045926_A-40.1-020/4.0MapBounded.png,0.008681687114514773,0.03844252326758826,0.07971489337242053
dataset/1-0/0MapBounded.png,0.1193598438398765,0.006360403791795242,0.016125933042642822
dataset/1-0/1.0MapBounded.png,0.10893211087003223,0.006360403791795797,0.09100912308361869
dataset/1-0/2.0MapBounded.png,0.086270787947107,0.006360403791795242,0.1471884862469446
dataset/1-0/3.0MapBounded.png,0.09028203517189143,0.0063604037917924655,0.20981559491647436
dataset/1-0/4.0MapBounded.png,0.052243719148331196,0.006360403791795797,0.211225799741061
dataset/1-0/5.0MapBounded.png,0.08940430315581738,0.006360403791793574,0.22860974935470532
dataset/1-0/6.0MapBounded.png,0.07183063551887717,0.0063604037917924655,0.22889222827143163
dataset/1-0/7.0MapBounded.png,0.1221677263809343,0.006360403791796352,0.24246818690688332
dataset/1-0/8.0MapBounded.png,0.1455403503920338,0.006360403791796907,0.25682424720189856
dataset/1-0/9.0MapBounded.png,0.16734469141900446,0.006360403791795797,0.29174378724301125
dataset/1-0/10.0MapBounded.png,0.13381950560309833,0.006360403791794687,0.35396031609171813
dataset/1-0/11.0MapBounded.png,0.13910718095214428,0.006360403791799128,0.3585095405064366
dataset/1-0/12.0MapBounded.png,0.14003070805015777,0.006360403791800238,0.3936360127772441
dataset/1-0/13.0MapBounded.png,0.09055279733880538,0.006360403791795242,0.4397506959327963
dataset/1-0/14.0MapBounded.png,0.04883362317201312,0.006360403791795242,0.44429006643181507
dataset/1-0/15.0MapBounded.png,0.21507698689518862,0.006360403791796907,0.45047832549125877
dataset/1-0/16.0MapBounded.png,0.21380677283717833,0.006360403791795242,0.4562532675310741
dataset/1-0/17.0MapBounded.png,0.18636205615361592,0.006360403791793574,0.46424424572381123
dataset/1-0/18.0MapBounded.png,0.15069452137213413,0.006360403791796352,0.4697109791781287
dataset/1-0/19.0MapBounded.png,0.08735214452417432,0.006360403791796352,0.47527132483159373
dataset/1-0/20.0MapBounded.png,0.05744522200239296,0.006360403791795242,0.4768238639940658
dataset/1-0/21.0MapBounded.png,0.05744522200239296,0.006360403791795242,0.47681674727717155
dataset/1-0/22.0MapBounded.png,0.07805004416768116,0.006360403791795797,0.47681674727717155
dataset/1-0/23.0MapBounded.png,0.07503694410878795,0.006360403791796352,0.476814010078366
dataset/1-1/0MapBounded.png,0.020486437348359258,0.09238255957408108,0.016289070091449812
dataset/1-1/1.0MapBounded.png,0.009210463300734694,0.0923825595740827,0.033730500880009416
dataset/1-1/2.0MapBounded.png,0.002044531950634891,0.09238255957408216,0.03372831112096503
dataset/1-2/0MapBounded.png,0.27872393967488024,0.07859832213099885,0.011450250043110883
dataset/1-2/1.0MapBounded.png,0.19724977124719123,0.0785983221309983,0.052907863151008525
dataset/1-2/2.0MapBounded.png,0.1784834414829318,0.07859832213099885,0.0713845025278031
dataset/1-2/3.0MapBounded.png,0.20981428714796857,0.07859832213099666,0.08742558240747585
dataset/1-2/4.0MapBounded.png,0.2418405491950342,0.07859832213099721,0.11607693718402463
dataset/1-2/5.0MapBounded.png,0.23214913717851993,0.07859832213100543,0.15817341249312278
dataset/1-2/6.0MapBounded.png,0.17153362475792058,0.07859832213099885,0.17544349463645895
dataset/1-2/7.0MapBounded.png,0.09389141983678183,0.0785983221309983,0.18140237643600293
dataset/1-2/8.0MapBounded.png,0.11907559275770696,0.07859832213099721,0.19908303840016206
dataset/1-2/9.0MapBounded.png,0.1387299364498178,0.07859832213099777,0.2292622975499333
dataset/1-2/10.0MapBounded.png,0.11372377666984988,0.07859832213100104,0.2591054286863909
dataset/1-2/11.0MapBounded.png,0.10822433218270361,0.0785983221309983,0.2875410921970674
dataset/1-2/12.0MapBounded.png,0.10935174027417087,0.07859832213100433,0.3118567240657256
dataset/1-2/13.0MapBounded.png,0.13113730203624394,0.07859832213099995,0.35569351037535213
dataset/1-2/14.0MapBounded.png,0.14687159143998968,0.07859832213099885,0.3780181038328995
dataset/1-2/15.0MapBounded.png,0.1744070470626697,0.07859832213099995,0.4002813840372041
dataset/1-2/16.0MapBounded.png,0.12060384208344416,0.07859832213099885,0.4104292748886645
dataset/1-2/17.0MapBounded.png,0.0853070099148782,0.07859832213099885,0.4150732063820528
dataset/1-2/18.0MapBounded.png,0.16258172934947127,0.07859832213099885,0.42656341952772375
dataset/1-2/19.0MapBounded.png,0.3035529858924314,0.0785983221309983,0.4313425686421031
dataset/1-2/20.0MapBounded.png,0.2890137064149554,0.07859832213099885,0.4320263209037136
dataset/1-2/21.0MapBounded.png,0.1724239156216874,0.07859832213099777,0.4325628118695889
dataset/1-2/22.0MapBounded.png,0.090837725483879,0.07859832213099777,0.43956730361282875
dataset/1-2/23.0MapBounded.png,0.1409707805068905,0.07859832213099995,0.43988865075259287
dataset/1-2/24.0MapBounded.png,0.1396114769956434,0.07859832213099885,0.43988865075259287
dataset/1-2/25.0MapBounded.png,0.21485771021734731,0.07859832213099777,0.43982405286078335
dataset/1-2/26.0MapBounded.png,0.231170369594003,0.07859832213099721,0.43990288418638135
dataset/10-0/0MapBounded.png,0.2142089790799602,0.04383220697165134,0.00928457834821001
dataset/10-0/1.0MapBounded.png,0.1837308393990355,0.04383220697165134,0.08366412380897638
dataset/10-0/2.0MapBounded.png,0.15844824974397556,0.04383220697165134,0.11419648160465543
dataset/10-0/3.0MapBounded.png,0.15734271141966455,0.04383220697164968,0.12997971735685138
dataset/10-0/4.0MapBounded.png,0.13640047212369372,0.04383220697164859,0.14607554121263383
dataset/10-0/5.0MapBounded.png,0.16780998914886874,0.04383220697165245,0.18016516257592308
dataset/10-0/6.0MapBounded.png,0.05493894394780664,0.04383220697165134,0.269004234446552
dataset/10-0/7.0MapBounded.png,0.025487720106716898,0.0438322069716541,0.31151676397408423
dataset/10-0/8.0MapBounded.png,0.07286218108817402,0.043832206971651896,0.3323512264019249
dataset/10-0/9.0MapBounded.png,0.10278185859781436,0.04383220697165134,0.3408650095665099
dataset/10-0/10.0MapBounded.png,0.11923106048505752,0.04383220697165134,0.3456786473858383
dataset/10-0/11.0MapBounded.png,0.1033750661219163,0.04383220697165742,0.35020816396915727
dataset/10-0/12.0MapBounded.png,0.06781388436004848,0.04383220697165245,0.35128935749732443
dataset/10-0/13.0MapBounded.png,0.1269597032695756,0.043832206971651896,0.3517574184930626
dataset/10-0/14.0MapBounded.png,0.1478525515336097,0.04383220697165465,0.3516736602096147
dataset/10-0/15.0MapBounded.png,0.1322208802721236,0.04383220697164693,0.351675302528898
dataset/10-0/16.0MapBounded.png,0.053898142531983106,0.04383220697165134,0.35211927617514793
dataset/10-0/17.0MapBounded.png,0.12208414686447659,0.04383220697164968,0.352558870303309
dataset/10-2/0MapBounded.png,0.2686326547268728,0.003994429884405795,0.004040105436897988
dataset/10-2/1.0MapBounded.png,0.2368743456042957,0.00399442988440524,0.020047791491143795
dataset/10-2/2.0MapBounded.png,0.2498229272994456,0.003994429884401907,0.10513306891992873
dataset/10-2/3.0MapBounded.png,0.22610566418584999,0.00399442988440524,0.13158097865806093
dataset/10-2/4.0MapBounded.png,0.20632058975592263,0.003994429884401907,0.14147704721941662
dataset/10-2/5.0MapBounded.png,0.17584768324420322,0.00399442988440524,0.14756731456162395
dataset/10-2/6.0MapBounded.png,0.14067340837210263,0.003994429884405795,0.15322455705280333
dataset/10-2/7.0MapBounded.png,0.08993896707042599,0.003994429884406351,0.16514888992902443
dataset/10-2/8.0MapBounded.png,0.0748611739881361,0.00399442988440524,0.16891582292513488
dataset/10-2/9.0MapBounded.png,0.07165484101181929,0.00399442988440524,0.16893334099749
dataset/10-2/10.0MapBounded.png,0.11547945616496784,0.003994429884405795,0.16894374235295084
dataset/10-2/11.0MapBounded.png,0.18617341015194075,0.003994429884406351,0.16893169867820673
dataset/10-2/12.0MapBounded.png,0.16645508344643692,0.003994429884406351,0.16920925063708303
dataset/10-2/13.0MapBounded.png,0.16645508344643692,0.003994429884406351,0.16921144039612743
dataset/10-2/14.0MapBounded.png,0.18758060332022955,0.003994429884405795,0.16921198783588853
dataset/10-2/15.0MapBounded.png,0.1957608763984323,0.003994429884404685,0.16920103904066658
dataset/11-4/0MapBounded.png,0.11881869253360393,0.10512255242384085,0.0013784533184429718
dataset/11-4/1.0MapBounded.png,0.1643784020661981,0.10512255242384085,0.015909146897248296
dataset/11-4/2.0MapBounded.png,0.07013012793902354,0.10512255242384137,0.02351582237769511
dataset/11-4/3.0MapBounded.png,0.020176501436491318,0.10512255242384085,0.027589321640020037
dataset/11-4/4.0MapBounded.png,0.01733122095095612,0.10512255242384085,0.027582204923125773
dataset/11-4/5.0MapBounded.png,0.019134667257830668,0.1051225524238403,0.027582204923125773
dataset/11-4/6.0MapBounded.png,0.09289168510830088,0.10512255242384085,0.029409011405907428
dataset/11-4/7.0MapBounded.png,0.0981937670480715,0.10512255242384085,0.030163383396699488
dataset/11-4/8.0MapBounded.png,0.1064676845812243,0.10512255242384137,0.030154624360521933
dataset/12-1/0MapBounded.png,0.3633830074315023,0.5491180306732035,0.008477652140352607
dataset/12-1/1.0MapBounded.png,0.5838648984161573,0.5491180306732042,0.08439605076956345
dataset/12-1/2.0MapBounded.png,0.5527447552727162,0.5491180306732031,0.12305186718016517
dataset/12-1/3.0MapBounded.png,0.6538181372696642,0.5491180306732031,0.16413284173242787
dataset/12-1/4.0MapBounded.png,0.6053881527080952,0.5491180306732035,0.2030683998609503
dataset/12-1/5.0MapBounded.png,0.5361345886775538,0.5491180306732042,0.24269920648606633
dataset/12-1/6.0MapBounded.png,0.5860182970468542,0.5491180306731971,0.24584753255213676
dataset/12-1/7.0MapBounded.png,0.4352759232499618,0.5491180306732072,0.25896966362563884
dataset/12-1/8.0MapBounded.png,0.3912757564464383,0.5491180306732022,0.2627541146941043
dataset/12-1/9.0MapBounded.png,0.3806247262275707,0.5491180306732046,0.2626719987299397
dataset/12-1/10.0MapBounded.png,0.5159862871881453,0.5491180306732035,0.2854099092071156
dataset/12-1/11.0MapBounded.png,0.5689637154366278,0.5491180306732035,0.2998727202555449
dataset/12-1/12.0MapBounded.png,0.09396897266814187,0.5491180306732035,0.3288454221718578
dataset/12-1/13.0MapBounded.png,0.20445760774114638,0.5491180306732016,0.35069319559748946
dataset/12-1/14.0MapBounded.png,0.17256955753886358,0.5491180306732042,0.35075669860977676
dataset/12-1/15.0MapBounded.png,0.1787883247098755,0.5491180306732026,0.35151873475722417
dataset/12-1/16.0MapBounded.png,0.5055602371333388,0.5491180306732035,0.3518532204512546
dataset/12-1/17.0MapBounded.png,0.10614027935263785,0.5491180306732046,0.3536991873256747
dataset/12-1/18.0MapBounded.png,0.22853597881959972,0.5491180306732035,0.36102338388939537
dataset/12-1/19.0MapBounded.png,0.35909884540635834,0.5491180306732026,0.36263230934726026
dataset/12-1/20.0MapBounded.png,0.4299966212105718,0.5491180306732035,0.3651258974590584
dataset/12-1/21.0MapBounded.png,0.42692391407847535,0.5491180306732031,0.3656010751716909
dataset/12-1/22.0MapBounded.png,0.33282773803132754,0.5491180306732022,0.3671700375269956
dataset/12-1/23.0MapBounded.png,0.14144639885512203,0.5491180306732035,0.3671995992740949
dataset/12-1/24.0MapBounded.png,0.10527828146272249,0.5491180306732046,0.36719412487648395
dataset/12-1/25.0MapBounded.png,0.32236223895892807,0.5491180306731996,0.3671848184005453
dataset/12-1/26.0MapBounded.png,0.47653970610074814,0.5491180306732026,0.36824192457922417
dataset/12-1/27.0MapBounded.png,0.32164204825383846,0.5491180306732026,0.3685304253333224
dataset/12-1/28.0MapBounded.png,0.3444429485529238,0.5491180306732035,0.36903406991353194
dataset/12-1/29.0MapBounded.png,0.18988421666886565,0.5491180306732042,0.3690411866304262
dataset/12-1/30.0MapBounded.png,0.23317479994550183,0.5491180306732056,0.3690636316606312
dataset/12-1/31.0MapBounded.png,0.20040168832212074,0.5491180306732035,0.3690592521425424
dataset/12-1/32.0MapBounded.png,0.2466526013486845,0.5491180306732052,0.36903625967257636
dataset/12-1/33.0MapBounded.png,0.2533730423372936,0.5491180306732001,0.36908607669083615
dataset/12-1/34.0MapBounded.png,0.3271558234885112,0.5491180306732061,0.3690855292510751
dataset/12-1/35.0MapBounded.png,0.3657108462978049,0.5491180306732022,0.3693603440111459
dataset/12-1/36.0MapBounded.png,0.23993402107162856,0.5491180306732061,0.3693603440111459
dataset/12-1/37.0MapBounded.png,0.3693378824122241,0.5491180306732046,0.3710606919091141
dataset/12-1/38.0MapBounded.png,0.4923189760064784,0.5491180306732031,0.3712424419097984
dataset/12-1/39.0MapBounded.png,0.5194197017666161,0.5491180306732035,0.37306541631425233
dataset/12-1/40.0MapBounded.png,0.6126583199555516,0.5491180306732052,0.37408201195061
dataset/12-1/41.0MapBounded.png,0.6127121562055103,0.5491180306732031,0.37414223032433075
dataset/12-1/42.0MapBounded.png,0.6511763155307815,0.5491180306732035,0.378808606847924
dataset/12-1/43.0MapBounded.png,0.6688225999073502,0.5491180306732042,0.37897557597505865
dataset/12-1/44.0MapBounded.png,0.778931477114711,0.5491180306732035,0.3822733530959087
dataset/12-1/45.0MapBounded.png,0.7091691713999285,0.5491180306732006,0.38302498788789535
dataset/12-1/46.0MapBounded.png,0.6241659377064446,0.5491180306732006,0.38329049617202754
dataset/12-1/47.0MapBounded.png,0.5918764898286222,0.5491180306732042,0.3832888538527442
dataset/12-1/48.0MapBounded.png,0.5571532462958014,0.5491180306732035,0.3833019924070105
dataset/12-1/49.0MapBounded.png,0.5399332919033544,0.5491180306732022,0.38423811439848693
dataset/12-1/50.0MapBounded.png,0.4519704013768177,0.5491180306732031,0.38426931846486945
dataset/12-1/51.0MapBounded.png,0.46825936076433056,0.5491180306732072,0.384339938194051
dataset/12-1/52.0MapBounded.png,0.47198870407862,0.5491180306732052,0.3844264336763044
dataset/12-1/53.0MapBounded.png,0.35463980086891944,0.5491180306732031,0.38443355039319865
dataset/12-1/54.0MapBounded.png,0.11622031815135625,0.5491180306731975,0.38444833126674827
dataset/12-1/55.0MapBounded.png,0.21654606040050592,0.5491180306732076,0.3844620172607757
dataset/12-1/56.0MapBounded.png,0.13258759375482237,0.5491180306732052,0.384463659580059
dataset/12-1/57.0MapBounded.png,0.1485121213390306,0.5491180306732042,0.3844609223812535
dataset/12-1/58.0MapBounded.png,0.30173986892729204,0.5491180306732052,0.3844620172607757
dataset/12-1/59.0MapBounded.png,0.43104859488230823,0.5491180306732022,0.3845008854838136
dataset/12-1/60.0MapBounded.png,0.4113896247221778,0.5491180306732022,0.38450964451999115
dataset/12-1/61.0MapBounded.png,0.40666679670559697,0.5491180306732067,0.3845189509959298
dataset/12-1/62.0MapBounded.png,0.49005252650991465,0.5491180306732076,0.38452114075497423
dataset/12-1/63.0MapBounded.png,0.4881766983386886,0.5491180306732042,0.3845337318694794
dataset/12-1/64.0MapBounded.png,0.4992755729388026,0.5491180306732072,0.3845583666587288
dataset/12-1/65.0MapBounded.png,0.5110156573280221,0.5491180306732001,0.38457150521299516
dataset/12-1/66.0MapBounded.png,0.5972666881963249,0.5491180306732072,0.38457862192988945
dataset/12-1/67.0MapBounded.png,0.6405008546205325,0.5491180306732022,0.3845835488877393
dataset/12-1/68.0MapBounded.png,0.5737854944365202,0.5491180306732035,0.38460380415889994
dataset/12-1/69.0MapBounded.png,0.6046310093673062,0.5491180306732026,0.38460708879746647
dataset/12-1/70.0MapBounded.png,0.6637834184914891,0.5491180306732042,0.38471219723159716
dataset/12-1/71.0MapBounded.png,0.6958710464116183,0.5491180306732061,0.38582897434423563
dataset/12-1/72.0MapBounded.png,0.6845066299688736,0.5491180306732022,0.3858278794647134
dataset/12-1/73.0MapBounded.png,0.7360213374139437,0.5491180306732067,0.38588043368177877
dataset/12-1/74.0MapBounded.png,0.7131079797283413,0.5491180306732052,0.3858787913624955
dataset/12-1/75.0MapBounded.png,0.7459964157644065,0.5491180306732042,0.3858995940734172
dataset/12-1/76.0MapBounded.png,0.7427621592279667,0.5491180306732035,0.38590178383246154
dataset/12-1/77.0MapBounded.png,0.7317168355076143,0.5491180306732076,0.38590561591078926
dataset/12-1/78.0MapBounded.png,0.7478258446398262,0.5491180306732061,0.38740614829595693
dataset/12-1/79.0MapBounded.png,0.7067565919557782,0.5491180306732046,0.38740341109715143
dataset/12-1/80.0MapBounded.png,0.740225144274583,0.5491180306732067,0.38740012645858485
dataset/12-1/81.0MapBounded.png,0.780963480325082,0.5491180306732052,0.38740450597667364
dataset/13-1/0MapBounded.png,0.05776566379416457,0.05496792793957314,0.0023047213942195837
dataset/13-1/1.0MapBounded.png,0.06399346587022527,0.05496792793957314,0.028507378119380193
dataset/13-1/2.0MapBounded.png,0.023637050374623114,0.05496792793957369,0.03011794589652841
dataset/13-1/3.0MapBounded.png,0.051005283357325404,0.05496792793957369,0.03860709427186406
dataset/13-1/4.0MapBounded.png,0.029952949119339642,0.05496792793957369,0.0655717871444721
dataset/13-1/5.0MapBounded.png,0.029033868062392002,0.054967927939575896,0.07519687302408462
dataset/13-1/6.0MapBounded.png,0.030787920052122754,0.05496792793957864,0.07529322242203774
dataset/13-2/0MapBounded.png,0.17563285570168105,0.003089774423480343,0.00775010469785431
dataset/13-2/1.0MapBounded.png,0.21436087956988623,0.003089774423480343,0.07418629922509902
dataset/13-2/2.0MapBounded.png,0.1468190169123893,0.003089774423480343,0.11762673914769105
dataset/13-2/3.0MapBounded.png,0.11794841010769506,0.0030897744234820094,0.15358586729512752
dataset/13-2/4.0MapBounded.png,0.16429003038912215,0.0030897744234797873,0.16304015196927768
dataset/13-2/5.0MapBounded.png,0.16947538912433158,0.0030897744234797873,0.16688263165241957
dataset/13-2/6.0MapBounded.png,0.14528097919114238,0.003089774423480898,0.1905758245127102
dataset/13-2/7.0MapBounded.png,0.11846897641461164,0.0030897744234786757,0.25252629763752366
dataset/13-2/8.0MapBounded.png,0.06762173195105611,0.0030897744234781206,0.2721990928923159
dataset/13-2/9.0MapBounded.png,0.08708977794848967,0.003089774423480343,0.2999614054968427
dataset/13-2/10.0MapBounded.png,0.024962954819434013,0.0030897744234797873,0.3325105313724041
dataset/13-2/11.0MapBounded.png,0.03744542294611279,0.003089774423479232,0.3328712941749673
dataset/13-2/12.0MapBounded.png,0.08254391364921443,0.00308977442348312,0.35006090267342216
dataset/13-2/13.0MapBounded.png,0.11084898377643992,0.003089774423480343,0.38565379362068447
dataset/13-2/14.0MapBounded.png,0.15761764615497223,0.003089774423477565,0.41135335320539673
dataset/13-2/15.0MapBounded.png,0.13407126076258297,0.003089774423477565,0.4253108773543332
dataset/13-2/16.0MapBounded.png,0.1300020311812281,0.003089774423479232,0.4577516101571974
dataset/13-2/17.0MapBounded.png,0.15860469649297268,0.0030897744234847876,0.48037565316406505
dataset/13-2/18.0MapBounded.png,0.12057685304300113,0.0030897744234797873,0.4993285651330142
dataset/13-2/19.0MapBounded.png,0.18216871525528303,0.0030897744234797873,0.522809351365999
dataset/13-2/20.0MapBounded.png,0.1592788174897783,0.0030897744234797873,0.5286647670506958
dataset/13-2/21.0MapBounded.png,0.15315404319015988,0.003089774423481454,0.5316160148027712
dataset/13-2/22.0MapBounded.png,0.11978147151164105,0.003089774423480343,0.5316800652548196
dataset/13-2/23.0MapBounded.png,0.10345218524310333,0.0030897744234764535,0.5323025042631871
dataset/13-2/24.0MapBounded.png,0.1505293655063851,0.003089774423477565,0.5336623446297528
dataset/13-2/25.0MapBounded.png,0.1591813367948976,0.003089774423479232,0.5380987964536853
dataset/13-2/26.0MapBounded.png,0.1652253507170073,0.003089774423481454,0.5396135622726415
dataset/13-2/27.0MapBounded.png,0.1715676580753914,0.003089774423480343,0.5423814177047493
dataset/13-2/28.0MapBounded.png,0.11802501176850107,0.003089774423481454,0.545198542715356
dataset/13-2/29.0MapBounded.png,0.10504781092168132,0.003089774423480343,0.5469525397099118
dataset/13-2/30.0MapBounded.png,0.11604355997561877,0.003089774423480343,0.5480249742019013
dataset/13-2/31.0MapBounded.png,0.057675274379821104,0.0030897744234786757,0.5485663921256265
dataset/13-2/32.0MapBounded.png,0.041002482074277466,0.0030897744234786757,0.5485165751073666
dataset/13-2/33.0MapBounded.png,0.03858515431710801,0.0030897744234797873,0.5484913928783562
dataset/13-2/34.0MapBounded.png,0.05321613208674422,0.003089774423480343,0.5485943115534425
dataset/13-2/35.0MapBounded.png,0.037249827252966834,0.003089774423479232,0.5486079975474699
dataset/13-2/36.0MapBounded.png,0.07166264185302691,0.0030897744234847876,0.5486194937824529
dataset/13-2/37.0MapBounded.png,0.08506162204034116,0.003089774423480343,0.5486069026679476
dataset/13-2/38.0MapBounded.png,0.09587348688307985,0.003089774423480343,0.5485247867037831
dataset/13-2/39.0MapBounded.png,0.09626614815354179,0.003089774423480343,0.5485138379085612
dataset/13-2/40.0MapBounded.png,0.09626614815354179,0.003089774423480343,0.5485138379085612
dataset/13-2/41.0MapBounded.png,0.050761186621674205,0.003089774423482565,0.548546136854466
dataset/13-2/42.0MapBounded.png,0.062347397452137784,0.0030897744234820094,0.5485319034206774
dataset/13-2/43.0MapBounded.png,0.07855291318462222,0.003089774423485343,0.5485313559809163
dataset/13-2/44.0MapBounded.png,0.10503411243103043,0.003089774423480343,0.5489183958920121
dataset/13-2/45.0MapBounded.png,0.23260775335781889,0.003089774423480898,0.5491466782723896
dataset/13-3/0MapBounded.png,0.3451482784437578,0.018758393954249945,0.008422908164242878
dataset/13-3/1.0MapBounded.png,0.3565126424984426,0.018758393954248838,0.02641068383437758
dataset/13-3/2.0MapBounded.png,0.35425135026525845,0.018758393954249945,0.07699357032000592
dataset/13-3/3.0MapBounded.png,0.28536988479363284,0.018758393954250496,0.12204019850165738
dataset/13-3/4.0MapBounded.png,0.2707355879514844,0.01875839395424939,0.14663174000990867
dataset/13-3/5.0MapBounded.png,0.22973532611900238,0.018758393954248838,0.17927447808461777
dataset/13-3/6.0MapBounded.png,0.14031933363315338,0.018758393954249945,0.21400843604671851
dataset/13-3/7.0MapBounded.png,0.08280447141553836,0.01875839395424939,0.22963565146700174
dataset/13-3/8.0MapBounded.png,0.08280447141553836,0.01875839395424939,0.22965207465983462
dataset/13-3/9.0MapBounded.png,0.08280447141553836,0.01875839395424939,0.22965262209959572
dataset/13-3/10.0MapBounded.png,0.08280447141553836,0.01875839395424939,0.229653716979118
dataset/13-3/11.0MapBounded.png,0.08280447141553836,0.01875839395424939,0.229653716979118
dataset/13-3/12.0MapBounded.png,0.16329562256856403,0.01875839395425438,0.23584197603856175
dataset/13-3/13.0MapBounded.png,0.16964753230542307,0.018758393954249945,0.24245340603333357
dataset/13-3/14.0MapBounded.png,0.16680185221242733,0.018758393954249945,0.2520533096839357
dataset/13-3/15.0MapBounded.png,0.12613990201340564,0.018758393954252158,0.27881599728469886
dataset/13-3/16.0MapBounded.png,0.07705449412421081,0.018758393954248838,0.3109315508694712
dataset/13-3/17.0MapBounded.png,0.12629196055761413,0.018758393954250496,0.3537539313017844
dataset/13-3/18.0MapBounded.png,0.1060609665304888,0.01875839395425105,0.3666570864708475
dataset/13-3/19.0MapBounded.png,0.11092493872754183,0.01875839395424939,0.3862056128998706
dataset/13-3/20.0MapBounded.png,0.07493127960414049,0.01875839395424939,0.3891415323386353
dataset/13-3/21.0MapBounded.png,0.09016494710285176,0.018758393954252158,0.3982755647525436
dataset/13-3/22.0MapBounded.png,0.07078011039813445,0.018758393954252713,0.44209373811029273
dataset/13-3/23.0MapBounded.png,0.02212199575806631,0.018758393954250496,0.47277992647884015
dataset/13-3/24.0MapBounded.png,0.04492745943632057,0.01875839395425438,0.4899930748870221
dataset/13-3/25.0MapBounded.png,0.02792511969652255,0.018758393954250496,0.5180367715287529
dataset/13-3/26.0MapBounded.png,0.09139989207818157,0.018758393954249945,0.5383900344065891
dataset/13-3/27.0MapBounded.png,0.062046362098858845,0.018758393954246617,0.5503827972529474
dataset/13-3/28.0MapBounded.png,0.15714795882150376,0.01875839395425438,0.5572783484837287
dataset/13-3/29.0MapBounded.png,0.18666127768885263,0.018758393954248838,0.5606363439782995
dataset/13-3/30.0MapBounded.png,0.15298066491841703,0.018758393954250496,0.562743987058524
dataset/13-3/31.0MapBounded.png,0.16405672238090296,0.018758393954249945,0.5631956248614293
dataset/13-3/32.0MapBounded.png,0.2415392222263614,0.01875839395424939,0.5633368643197925
dataset/13-3/33.0MapBounded.png,0.2355056296211801,0.018758393954250496,0.5634228123622848
dataset/13-3/34.0MapBounded.png,0.1679074453715456,0.018758393954249945,0.5645204290832848
dataset/13-3/35.0MapBounded.png,0.16768831506459803,0.018758393954246066,0.5658140292387577
dataset/13-3/36.0MapBounded.png,0.2027102037394882,0.01875839395425438,0.5658140292387577
dataset/13-3/37.0MapBounded.png,0.2423606132858035,0.018758393954248838,0.566693764934841
dataset/13-3/38.0MapBounded.png,0.29923779466088307,0.018758393954249945,0.5676687551493554
dataset/13-3/39.0MapBounded.png,0.16881141686677148,0.018758393954251606,0.5676583537938944
dataset/13-3/40.0MapBounded.png,0.1708191738504041,0.018758393954248838,0.5677010540952601
dataset/13-4/0MapBounded.png,0.06089140742667443,0.004356311003855893,0.01012435094173325
dataset/13-4/1.0MapBounded.png,0.08583361463830964,0.004356311003859226,0.07948551611252078
dataset/13-4/2.0MapBounded.png,0.14932518965557076,0.0043563110038536725,0.16204600136312503
dataset/13-4/3.0MapBounded.png,0.12693415132443106,0.004356311003855893,0.1911418772256848
dataset/13-4/4.0MapBounded.png,0.028155431455141634,0.004356311003855893,0.19593580721361373
dataset/13-4/5.0MapBounded.png,0.0163924976077179,0.004356311003854783,0.22373972523998392
dataset/13-4/6.0MapBounded.png,0.034781457497394794,0.0043563110038542276,0.22828840221494123
dataset/13-4/7.0MapBounded.png,0.04630684614707166,0.0043563110038542276,0.22825281863046998
dataset/13-4/8.0MapBounded.png,0.04662487684319452,0.004356311003855893,0.22825062887142558
dataset/13-4/9.0MapBounded.png,0.03791571492202473,0.0043563110038542276,0.22825062887142558
dataset/13-4/10.0MapBounded.png,0.07462595859511144,0.004356311003858671,0.2336801364219885
dataset/13-4/11.0MapBounded.png,0.11387874333870505,0.004356311003856449,0.2541357705351498
dataset/13-4/12.0MapBounded.png,0.06678340111761677,0.004356311003854783,0.286711720959005
dataset/13-4/13.0MapBounded.png,0.17273294219825247,0.0043563110038531165,0.33041055244883494
dataset/13-4/14.0MapBounded.png,0.17049455574108124,0.004356311003854783,0.3593317950276047
dataset/13-4/15.0MapBounded.png,0.1872194930163126,0.004356311003858116,0.4050714819468053
dataset/13-4/16.0MapBounded.png,0.22495400319519995,0.004356311003857005,0.4306954948444861
dataset/13-4/17.0MapBounded.png,0.1825984754331663,0.004356311003859783,0.4377158623407977
dataset/13-4/18.0MapBounded.png,0.25579091542669286,0.004356311003855338,0.4716445364143242
dataset/13-4/19.0MapBounded.png,0.25866433192600613,0.004356311003855338,0.49144707489249656
dataset/13-4/20.0MapBounded.png,0.2664289071115728,0.0043563110038542276,0.5090757300793513
dataset/13-4/21.0MapBounded.png,0.24782792435928874,0.004356311003858671,0.5308178476310914
dataset/13-4/22.0MapBounded.png,0.1644057199269295,0.004356311003849228,0.5307346367874045
dataset/13-4/23.0MapBounded.png,0.12872932956454208,0.004356311003856449,0.5364904184355814
dataset/13-4/24.0MapBounded.png,0.09749721710639692,0.004356311003855338,0.541592009569247
dataset/13-4/25.0MapBounded.png,0.13792419508839004,0.0043563110038531165,0.5456748153075106
dataset/13-4/26.0MapBounded.png,0.08676394406063818,0.004356311003855338,0.5497116361058421
dataset/13-4/27.0MapBounded.png,0.2070030339176253,0.004356311003855893,0.5533466361195281
dataset/13-4/28.0MapBounded.png,0.18814141980115234,0.004356311003852005,0.5566652159512999
dataset/13-4/29.0MapBounded.png,0.16290076840270828,0.004356311003854783,0.5575712287559158
dataset/13-4/30.0MapBounded.png,0.14147786536124926,0.004356311003859226,0.5584865480364705
dataset/13-4/31.0MapBounded.png,0.10333184567163407,0.004356311003856449,0.5593547874975707
dataset/13-4/32.0MapBounded.png,0.1226753380028309,0.004356311003855893,0.5595250412632721
dataset/13-4/33.0MapBounded.png,0.16423690174936922,0.004356311003858116,0.5595272310223164
dataset/13-4/34.0MapBounded.png,0.15641786769102786,0.004356311003859226,0.5599213876503064
dataset/13-4/35.0MapBounded.png,0.18183957572515752,0.0043563110038620035,0.5599394531624227
dataset/13-4/36.0MapBounded.png,0.18894860156421095,0.004356311003854783,0.559946569879317
dataset/13-4/37.0MapBounded.png,0.17379034545693406,0.004356311003855893,0.5600527731929698
dataset/13-4/38.0MapBounded.png,0.18389757538399107,0.004356311003852005,0.5600270435241983
dataset/13-4/39.0MapBounded.png,0.17276733533577526,0.004356311003857005,0.5600248537651538
dataset/13-4/40.0MapBounded.png,0.19286999798814372,0.004356311003855893,0.5603494855434845
dataset/13-4/41.0MapBounded.png,0.16893417897848362,0.004356311003855893,0.5609768515097021
dataset/13-4/42.0MapBounded.png,0.15088944894238435,0.004356311003852005,0.5610387122027061
dataset/13-4/43.0MapBounded.png,0.1637466613563412,0.004356311003860338,0.561280680577111
dataset/13-4/44.0MapBounded.png,0.1440381095724921,0.004356311003854783,0.5613578695834257
dataset/13-4/45.0MapBounded.png,0.12915417540056323,0.00435631100385756,0.5627987310346337
dataset/13-4/46.0MapBounded.png,0.10056362626533569,0.004356311003855338,0.5696543191628552
dataset/13-4/47.0MapBounded.png,0.14955905589385746,0.0043563110038542276,0.5795531249230164
dataset/13-4/48.0MapBounded.png,0.10564925593805574,0.004356311003855893,0.579506045103562
dataset/13-4/49.0MapBounded.png,0.09732211034995432,0.0043563110038536725,0.5825481678559795
dataset/13-4/50.0MapBounded.png,0.02515999551423383,0.004356311003852005,0.5835937777996754
dataset/13-4/51.0MapBounded.png,0.18032863410647723,0.004356311003855893,0.5841685895488276
dataset/13-4/52.0MapBounded.png,0.15276367577802552,0.004356311003858116,0.5855749622950865
dataset/13-4/53.0MapBounded.png,0.15335900239540465,0.004356311003855893,0.5855859110903084
dataset/13-4/54.0MapBounded.png,0.18903510128855297,0.004356311003852005,0.5856045240421858
dataset/13-4/55.0MapBounded.png,0.20108246595487514,0.004356311003855338,0.5929632093108554
dataset/13-4/56.0MapBounded.png,0.1813649069175831,0.004356311003855338,0.5954989502842581
dataset/13-4/57.0MapBounded.png,0.19309277568604513,0.004356311003855893,0.5955159209168521
dataset/13-4/58.0MapBounded.png,0.15002199560068624,0.00435631100385756,0.5954984028444971
dataset/13-4/59.0MapBounded.png,0.20990512927404312,0.004356311003855893,0.5958181076649779
dataset/13-4/60.0MapBounded.png,0.20990512927404312,0.004356311003855893,0.5959467560088357
dataset/13-4/61.0MapBounded.png,0.23264694987373155,0.004356311003860893,0.5961246739311923
dataset/13-4/62.0MapBounded.png,0.2523957797483275,0.004356311003855893,0.5961941987808517
dataset/13-4/63.0MapBounded.png,0.2558473293294563,0.004356311003858116,0.59617832302778
dataset/13-4/64.0MapBounded.png,0.274349972722759,0.004356311003855893,0.5966803252887062
dataset/13-4/65.0MapBounded.png,0.28232882876902965,0.004356311003859226,0.5966365301078183
dataset/13-4/66.0MapBounded.png,0.28996805285052996,0.004356311003855893,0.5966316031499684
dataset/13-4/67.0MapBounded.png,0.3116958020405051,0.0043563110038536725,0.5985711822235361
dataset/13-5/0MapBounded.png,0.2571353023860854,0.0036987228512139077,0.008367616748372051
dataset/13-5/1.0MapBounded.png,0.19456016009269317,0.003698722851211129,0.0493401982279375
dataset/13-5/2.0MapBounded.png,0.11849430952550782,0.0036987228512133517,0.12801714581331758
dataset/13-5/3.0MapBounded.png,0.010341186620137369,0.003698722851215019,0.16153414518649906
dataset/13-5/4.0MapBounded.png,0.08554040869321766,0.003698722851211685,0.19244697361614072
dataset/13-5/5.0MapBounded.png,0.07091228003777611,0.0036987228512133517,0.22010253546725353
dataset/13-5/6.0MapBounded.png,0.07186698820884681,0.0036987228512139077,0.2277316559779053
dataset/13-5/7.0MapBounded.png,0.11220848679946928,0.003698722851215019,0.2734275477162182
dataset/13-5/8.0MapBounded.png,0.11859753450925983,0.0036987228512139077,0.3339787648116671
dataset/13-5/9.0MapBounded.png,0.19019141417840377,0.0036987228512155744,0.3679227671985044
dataset/13-5/10.0MapBounded.png,0.16614155771727307,0.0036987228512133517,0.39646518146259474
dataset/13-5/11.0MapBounded.png,0.07579511319513059,0.0036987228512139077,0.45725453485412104
dataset/13-5/12.0MapBounded.png,0.09228027472097183,0.0036987228512127958,0.47903880526746545
dataset/13-5/13.0MapBounded.png,0.09687476975737093,0.0036987228512133517,0.4953317074372429
dataset/13-5/14.0MapBounded.png,0.08232282452181537,0.0036987228512139077,0.5065733829313758
dataset/13-5/15.0MapBounded.png,0.08134224911204678,0.003698722851214463,0.5095886811354996
dataset/13-5/16.0MapBounded.png,0.03130659112132742,0.0036987228512139077,0.5231646397709512
dataset/13-5/17.0MapBounded.png,0.020375168962163744,0.0036987228512133517,0.5239759454968974
dataset/13-5/18.0MapBounded.png,0.06690656179285565,0.0036987228512133517,0.5243421826970716
dataset/13-5/19.0MapBounded.png,0.1060576463395514,0.0036987228512122415,0.5263824906866811
dataset/13-5/20.0MapBounded.png,0.1809405295900081,0.0036987228512155744,0.5338342407147374
dataset/13-5/21.0MapBounded.png,0.2146895523871414,0.0036987228512122415,0.5382126639239936
dataset/13-5/22.0MapBounded.png,0.19613751046289238,0.0036987228512139077,0.5394504252238345
dataset/13-5/23.0MapBounded.png,0.07502571647937104,0.0036987228512166846,0.5396743280861233
dataset/13-5/24.0MapBounded.png,0.05835463398754049,0.0036987228512139077,0.5397558966105267
dataset/13-5/25.0MapBounded.png,0.11149257311102982,0.0036987228512127958,0.5410834380311876
dataset/13-5/26.0MapBounded.png,0.12141512656307407,0.0036987228512155744,0.5412547866764112
dataset/13-5/27.0MapBounded.png,0.12894514364166723,0.0036987228512139077,0.5412520494776056
dataset/13-5/28.0MapBounded.png,0.12894514364166723,0.0036987228512139077,0.5412520494776056
dataset/13-5/29.0MapBounded.png,0.07377576495713621,0.0036987228512139077,0.5412449327607114
dataset/13-5/30.0MapBounded.png,0.05506559680453593,0.0036987228512133517,0.5412416481221448
dataset/13-5/31.0MapBounded.png,0.08039051332169012,0.0036987228512139077,0.5411589847182192
dataset/13-5/32.0MapBounded.png,0.07585627825818705,0.0036987228512139077,0.541169933513441
dataset/14-0/0MapBounded.png,0.31017548534696476,0.02424198530826331,0.013848583636478102
dataset/14-0/1.0MapBounded.png,0.3038176146662362,0.02424198530826331,0.01677410171978201
dataset/14-0/2.0MapBounded.png,0.3169204637278669,0.024241985308263863,0.11567292664033482
dataset/14-0/3.0MapBounded.png,0.27650620655086544,0.024241985308267742,0.14479945912951606
dataset/14-0/4.0MapBounded.png,0.23745804093110795,0.024241985308262756,0.1759756060842455
dataset/14-0/5.0MapBounded.png,0.23411484533643492,0.024241985308261098,0.19643452483597337
dataset/14-0/6.0MapBounded.png,0.20346169848668075,0.024241985308267742,0.22387603774049714
dataset/14-0/7.0MapBounded.png,0.15330828452046596,0.024241985308261656,0.3020022609262134
dataset/14-0/8.0MapBounded.png,0.13702278474079307,0.02424198530826331,0.3406219463125827
dataset/14-0/9.0MapBounded.png,0.13891964386889996,0.024241985308264418,0.3674968590643708
dataset/14-0/10.0MapBounded.png,0.1634299722623613,0.024241985308263863,0.42729698880759415
dataset/14-0/11.0MapBounded.png,0.17088972859956036,0.02424198530826331,0.4443656131188465
dataset/14-0/12.0MapBounded.png,0.16511637522893524,0.02424198530826331,0.46555974346972795
dataset/14-0/13.0MapBounded.png,0.15235538790649716,0.024241985308262756,0.46925441441737353
dataset/14-0/14.0MapBounded.png,0.1849043260264971,0.02424198530826663,0.4697000303829068
dataset/14-0/15.0MapBounded.png,0.21380051185798485,0.02424198530826331,0.48167691747619323
dataset/14-0/16.0MapBounded.png,0.18403786415700069,0.02424198530825999,0.4843626569441366
dataset/14-0/17.0MapBounded.png,0.1438486577266333,0.024241985308260546,0.5002126803471864
dataset/14-0/18.0MapBounded.png,0.15630921622808452,0.024241985308261656,0.5036642880409048
dataset/14-0/19.0MapBounded.png,0.15653686683326118,0.024241985308260546,0.5039210372888593
dataset/14-0/20.0MapBounded.png,0.1794269709145198,0.02424198530826331,0.5318990411592586
dataset/14-0/21.0MapBounded.png,0.12500477603444457,0.02424198530826331,0.6120869224852671
dataset/14-0/22.0MapBounded.png,0.11396779982678615,0.02424198530826331,0.6435630664290779
dataset/14-0/23.0MapBounded.png,0.08879171568621638,0.024241985308263863,0.6645885853335414
dataset/14-0/24.0MapBounded.png,0.10935265824396109,0.02424198530826331,0.6804632435258405
dataset/14-0/25.0MapBounded.png,0.07337075012064935,0.024241985308267742,0.6983990124186711
dataset/14-0/26.0MapBounded.png,0.07223715357971366,0.02424198530826331,0.7150816916983498
dataset/14-0/27.0MapBounded.png,0.052887612540903114,0.024241985308263863,0.7278052866257729
dataset/14-0/28.0MapBounded.png,0.08919717796672133,0.024241985308262205,0.7330119861935693
dataset/14-0/29.0MapBounded.png,0.089292718140864,0.02424198530826497,0.7330355261032965
dataset/14-0/30.0MapBounded.png,0.05759018613785787,0.02424198530826331,0.7331017663143893
dataset/14-0/31.0MapBounded.png,0.09872601409999447,0.02424198530826331,0.7331214741457888
dataset/14-0/32.0MapBounded.png,0.16663677005802535,0.02424198530826331,0.7331313280614884
dataset/14-0/33.0MapBounded.png,0.21234148423992164,0.02424198530826331,0.7331192843867443
dataset/14-0/34.0MapBounded.png,0.26560519221656187,0.02424198530826331,0.7331143574288944
dataset/14-0/35.0MapBounded.png,0.2817078836975759,0.024241985308264418,0.7331192843867443
dataset/14-0/36.0MapBounded.png,0.31752864952756016,0.02424198530826331,0.7331209267060277
dataset/14-0/37.0MapBounded.png,0.3228768070821367,0.02424198530826331,0.7331313280614884
dataset/14-0/38.0MapBounded.png,0.3509253726153975,0.02424198530826331,0.733134065260294
dataset/14-0/39.0MapBounded.png,0.30179848115464253,0.024241985308262756,0.7331433717362327
dataset/14-0/40.0MapBounded.png,0.2747102622501153,0.024241985308263863,0.7331488461338437
dataset/14-0/41.0MapBounded.png,0.25263074984434475,0.024241985308262756,0.7331587000495433
dataset/14-0/42.0MapBounded.png,0.22465114740682313,0.02424198530826331,0.7331652693266765
dataset/14-0/43.0MapBounded.png,0.19051866152584593,0.02424198530826497,0.7331767655616596
dataset/14-0/44.0MapBounded.png,0.17977010481140523,0.02424198530826331,0.7331882617966426
dataset/14-0/45.0MapBounded.png,0.16897052512833607,0.024241985308262756,0.7332139914654141
dataset/14-0/46.0MapBounded.png,0.1661077006878873,0.02424198530826331,0.7332200133027863
dataset/14-0/47.0MapBounded.png,0.12597658470150022,0.024241985308263863,0.7332320569775304
dataset/14-0/48.0MapBounded.png,0.11342383953245032,0.02424198530826331,0.7332441006522745
dataset/14-0/49.0MapBounded.png,0.11387423231522219,0.02424198530826331,0.7332457429715578
dataset/14-0/50.0MapBounded.png,0.12331717266445158,0.02424198530826331,0.7332490276101244
dataset/14-0/51.0MapBounded.png,0.14260266697098006,0.02424198530826331,0.7332490276101244
dataset/14-0/52.0MapBounded.png,0.13540639903298515,0.02424198530826331,0.7332599764053463
dataset/14-0/53.0MapBounded.png,0.11417627463343924,0.02424198530826331,0.733263261043913
dataset/14-0/54.0MapBounded.png,0.14037845210078692,0.02424198530826331,0.7341271209869245
dataset/14-0/55.0MapBounded.png,0.14359595462525884,0.02424198530826331,0.7341736533666178
dataset/14-0/56.0MapBounded.png,0.09406164729916887,0.024241985308264418,0.7341643468906791
dataset/14-0/57.0MapBounded.png,0.12144342502598349,0.02424198530826331,0.7341309530652521
dataset/14-0/58.0MapBounded.png,0.1479701116557735,0.02424198530826331,0.7351190818340327
dataset/14-0/59.0MapBounded.png,0.1539432855182502,0.024241985308261656,0.7362303845490602
dataset/14-0/60.0MapBounded.png,0.15030457123482022,0.024241985308263863,0.7362648732540095
dataset/14-0/61.0MapBounded.png,0.1752633260303437,0.024241985308258884,0.7389736051919188
dataset/14-0/62.0MapBounded.png,0.17788418889762161,0.02424198530825999,0.7389090073001092
dataset/14-0/63.0MapBounded.png,0.1732573979025454,0.024241985308261098,0.7388942264265598
dataset/14-0/64.0MapBounded.png,0.17414382162673644,0.024241985308261656,0.7388756134746823
dataset/14-0/65.0MapBounded.png,0.14131495921280876,0.024241985308263863,0.7410878175492764
dataset/14-0/66.0MapBounded.png,0.14131495921280876,0.024241985308263863,0.7410878175492764
dataset/14-0/67.0MapBounded.png,0.17035188851328537,0.024241985308261098,0.7501567046316141
dataset/14-0/68.0MapBounded.png,0.19055486448337403,0.024241985308262756,0.7552062889879756
dataset/14-0/69.0MapBounded.png,0.16891217459836877,0.02424198530826331,0.7578646564678639
dataset/14-0/70.0MapBounded.png,0.2585169894250501,0.024241985308262205,0.7579796188176945
dataset/14-0/71.0MapBounded.png,0.19239503832059973,0.02424198530826331,0.7579845457755443
dataset/14-0/72.0MapBounded.png,0.11798943796866278,0.02424198530826331,0.7581104569205966
dataset/14-0/73.0MapBounded.png,0.11223523447602937,0.024241985308263863,0.7589069817729932
dataset/14-0/74.0MapBounded.png,0.05819765116508664,0.024241985308268845,0.7622020216950378
dataset/14-0/75.0MapBounded.png,0.14599957001860253,0.024241985308267742,0.7633943454947077
dataset/14-0/76.0MapBounded.png,0.23866030196195187,0.024241985308263863,0.7693214757881081
dataset/14-0/77.0MapBounded.png,0.23839432351418782,0.024241985308263863,0.7694003071137061
dataset/14-0/78.0MapBounded.png,0.21760496012845104,0.02424198530826331,0.7696751218737768
dataset/14-0/79.0MapBounded.png,0.21691998324221837,0.02424198530826331,0.7696455601266776
dataset/14-0/80.0MapBounded.png,0.25874341283491215,0.02424198530826331,0.7710552175115032
dataset/16-2/0MapBounded.png,0.09059176692785312,0.01445116821306416,0.004386087365911474
dataset/16-2/1.0MapBounded.png,0.07567196993102052,0.014451168213066377,0.027925997093094873
dataset/16-2/2.0MapBounded.png,0.06595846396034898,0.014451168213063604,0.05750690458398685
dataset/16-2/3.0MapBounded.png,0.09870914305583628,0.01445116821306416,0.06947174800252917
dataset/16-2/4.0MapBounded.png,0.019391411846314096,0.014451168213062495,0.09590323454782845
dataset/16-2/5.0MapBounded.png,0.02346817197430787,0.01445116821306305,0.09591308846352821
dataset/16-2/6.0MapBounded.png,0.05266530431796515,0.01445116821306416,0.09608443710875166
dataset/16-2/7.0MapBounded.png,0.05266530431796515,0.01445116821306416,0.09608443710875166
dataset/16-2/8.0MapBounded.png,0.01942115879136717,0.01445116821306416,0.09610414494015115
dataset/16-2/9.0MapBounded.png,0.045958476498076585,0.014451168213062495,0.09614684524151675
dataset/16-3/0MapBounded.png,0.08873999417075878,0.0626025810080878,0.012207359232708432
dataset/16-3/1.0MapBounded.png,0.08580047857010821,0.0626025810080878,0.05230567941380151
dataset/16-3/2.0MapBounded.png,0.10195984779839842,0.0626025810080878,0.07841636625909777
dataset/16-3/3.0MapBounded.png,0.13074756636607976,0.06260258100808835,0.08263274729906908
dataset/16-3/4.0MapBounded.png,0.1657435540525054,0.06260258100808835,0.10973703731075693
dataset/16-3/5.0MapBounded.png,0.19086383921019426,0.0626025810080878,0.1191283664123809
dataset/16-3/6.0MapBounded.png,0.06733694554575352,0.0626025810080878,0.1424701029460471
dataset/16-3/7.0MapBounded.png,0.1411009992790463,0.0626025810080933,0.15815972649909535
dataset/16-3/8.0MapBounded.png,0.03485812103792972,0.0626025810080867,0.16075185376789103
dataset/16-3/9.0MapBounded.png,0.05019677192708786,0.06260258100808999,0.1607753936776182
dataset/16-3/10.0MapBounded.png,0.13648521629136945,0.0626025810080856,0.16079564894877882
dataset/16-3/11.0MapBounded.png,0.15451987042216367,0.06260258100808615,0.16079400662949553
dataset/16-3/12.0MapBounded.png,0.08834454193452917,0.06260258100808615,0.16157410828905916
dataset/16-3/13.0MapBounded.png,0.08854976894830983,0.06260258100808724,0.1640047408283311
dataset/16-4/1.0MapBounded.png,0.07410916816714992,0.10459701498044954,0.03144329755814495
dataset/16-4/2.0MapBounded.png,0.0671828312698264,0.10459701498046756,0.05330366209828186
dataset/16-4/3.0MapBounded.png,0.12335560982613523,0.10459701498049537,0.08565954173817598
dataset/16-4/4.0MapBounded.png,0.11636336633199906,0.10459701498047409,0.10192780911870411
dataset/16-4/5.0MapBounded.png,0.07551485390763389,0.10459701498044736,0.10194751695010361
dataset/16-4/6.0MapBounded.png,0.07551485390763389,0.10459701498044736,0.10196229782365324
dataset/16-4/7.0MapBounded.png,0.03743780907172298,0.10459701498045991,0.10652794543120461
dataset/16-4/8.0MapBounded.png,0.016567243002791242,0.104597014980473,0.10652849287096572
dataset/16-4/9.0MapBounded.png,0.016567243002791242,0.104597014980473,0.10652849287096572
dataset/16-4/10.0MapBounded.png,0.16324329323204478,0.10459701498046481,0.10652028127454927
dataset/16-4/11.0MapBounded.png,0.13148018346272944,0.10459701498046317,0.10976057722048412
dataset/16-5/0MapBounded.png,0.42547099701198415,0.046182874197204876,0.013556798243813247
dataset/16-5/1.0MapBounded.png,0.3850676849001559,0.046182874197205424,0.044502473059120765
dataset/16-5/2.0MapBounded.png,0.4152449701708706,0.046182874197204876,0.054912040116385695
dataset/16-5/3.0MapBounded.png,0.4290837222231481,0.046182874197204335,0.06212784360740905
dataset/16-5/4.0MapBounded.png,0.38588806071921417,0.046182874197205424,0.08960822473497074
dataset/16-5/5.0MapBounded.png,0.4128600218686091,0.046182874197204876,0.12048163750181341
dataset/16-5/6.0MapBounded.png,0.33703069672876235,0.046182874197204335,0.14379654948718582
dataset/16-5/7.0MapBounded.png,0.16098954628888487,0.04618287419720707,0.14734833865718502
dataset/16-5/8.0MapBounded.png,0.1541378538637898,0.046182874197204876,0.14734505401861844
dataset/16-5/9.0MapBounded.png,0.3730475983705803,0.046182874197205424,0.14734614889814063
dataset/16-5/10.0MapBounded.png,0.4411549696467563,0.046182874197205424,0.1483375623054878
dataset/16-5/11.0MapBounded.png,0.393120669840451,0.046182874197204876,0.14837697796828683
dataset/16-5/12.0MapBounded.png,0.34088683203249637,0.04618287419720157,0.149672220443043
dataset/16-5/13.0MapBounded.png,0.35022070490266505,0.046182874197204876,0.149672220443043
dataset/16-5/14.0MapBounded.png,0.4309772618084294,0.046182874197204335,0.14966400884662653
dataset/16-8/0MapBounded.png,0.06927275347629436,0.049665036290124843,0.008766700334211975
dataset/16-8/1.0MapBounded.png,0.055255672746463654,0.049665036290124843,0.030940747857457634
dataset/16-8/2.0MapBounded.png,0.1317489207334119,0.04966503629012373,0.07791326911864936
dataset/16-8/3.0MapBounded.png,0.020741293907372976,0.04966503629012373,0.09000511856176627
dataset/16-8/4.0MapBounded.png,0.08017497324993159,0.04966503629012428,0.10157416303303525
dataset/16-8/5.0MapBounded.png,0.048472094261676646,0.049665036290124843,0.10397742358425235
dataset/16-8/6.0MapBounded.png,0.03272172960493136,0.049665036290125385,0.11709736489870996
dataset/18-5/0MapBounded.png,0.02238999275998314,0.007959680387025065,0.006318549722584901
dataset/18-5/1.0MapBounded.png,0.0793740669556816,0.007959680387022845,0.015646923251682692
dataset/18-5/2.0MapBounded.png,0.058643349966314935,0.00795968038702673,0.027102100252643455
dataset/18-5/3.0MapBounded.png,0.07308186261454226,0.007959680387025065,0.06406249572312687
dataset/18-5/4.0MapBounded.png,0.06550520192007447,0.007959680387025065,0.07273339409914682
dataset/18-5/5.0MapBounded.png,0.06550520192007447,0.007959680387025065,0.07273722617747451
dataset/18-5/6.0MapBounded.png,0.018577600935927044,0.00795968038702673,0.0980327752184969
dataset/18-5/7.0MapBounded.png,0.04179476470296346,0.007959680387025065,0.11538880540432533
dataset/18-5/8.0MapBounded.png,0.06744371433331038,0.007959680387022288,0.13673019705094203
dataset/18-5/9.0MapBounded.png,0.05766876008326007,0.007959680387028396,0.14760837254370623
dataset/18-5/10.0MapBounded.png,0.0481842798371291,0.007959680387021734,0.15541103145862586
dataset/18-5/11.0MapBounded.png,0.05394412675067706,0.007959680387025065,0.15682342604225688
dataset/18-5/12.0MapBounded.png,0.05394412675067706,0.007959680387025065,0.1569208703197322
dataset/18-5/13.0MapBounded.png,0.08189727515193414,0.00795968038702673,0.16469615724659697
dataset/18-5/14.0MapBounded.png,0.07752521661139301,0.00795968038702451,0.1710174441679874
dataset/18-5/15.0MapBounded.png,0.07809356975623283,0.007959680387023955,0.17106178678863626
dataset/18-5/16.0MapBounded.png,0.05874197080764527,0.007959680387021734,0.17106178678863626
dataset/18-5/17.0MapBounded.png,0.031991538682043526,0.00795968038702562,0.1711132461261794
dataset/18-5/18.0MapBounded.png,0.06788269500130341,0.00795968038702451,0.1711137935659405
dataset/18-5/19.0MapBounded.png,0.03422594457644621,0.00795968038702451,0.17214024311799792
dataset/18-5/20.0MapBounded.png,0.03422594457644621,0.00795968038702451,0.17539148785915473
dataset/18-5/21.0MapBounded.png,0.02825883546283072,0.007959680387025065,0.17539148785915473
dataset/18-5/22.0MapBounded.png,0.08525841114391221,0.00795968038702007,0.17538984553987141
dataset/18-5/23.0MapBounded.png,0.049945140850304076,0.007959680387025065,0.17903415202949607
dataset/18-5/24.0MapBounded.png,0.03088974426954343,0.007959680387020624,0.18282955189318356
dataset/18-5/25.0MapBounded.png,0.011858473481136717,0.007959680387021734,0.18374158653517164
dataset/2-0/0MapBounded.png,0.6321289896115024,0.050919257840394035,0.016710598707494726
dataset/2-0/1.0MapBounded.png,0.6217493376009455,0.050919257840394035,0.06291779918267244
dataset/2-0/2.0MapBounded.png,0.5631116461758313,0.050919257840395145,0.09443007415071565
dataset/2-0/3.0MapBounded.png,0.5568994013230459,0.05091925784039294,0.09442022023501591
dataset/2-0/4.0MapBounded.png,0.584294360065706,0.050919257840394035,0.0944382857471321
dataset/2-0/5.0MapBounded.png,0.584294360065706,0.050919257840394035,0.09444594990378746
dataset/2-0/6.0MapBounded.png,0.5850147429560758,0.0509192578403946,0.09448153348825879
dataset/2-0/7.0MapBounded.png,0.5218728067419341,0.0509192578403946,0.107098377662268
dataset/2-0/8.0MapBounded.png,0.4486385931900834,0.05091925784039569,0.16640581162050383
dataset/2-0/9.0MapBounded.png,0.5638911046011749,0.0509192578403968,0.20754098270911517
dataset/2-0/10.0MapBounded.png,0.5156100709682415,0.050919257840394035,0.2439112381171357
dataset/2-0/11.0MapBounded.png,0.4118646637838925,0.0509192578403946,0.25145386314553414
dataset/2-0/12.0MapBounded.png,0.5538035141571321,0.05091925784039294,0.27256642497201217
dataset/2-0/13.0MapBounded.png,0.4600442638305417,0.0509192578403946,0.27914610346064045
dataset/2-0/14.0MapBounded.png,0.3464477963891776,0.050919257840394035,0.27916143177395114
dataset/2-0/15.0MapBounded.png,0.16977396348983476,0.05091925784039846,0.27916581129204
dataset/2-0/16.0MapBounded.png,0.14684700313712498,0.05091925784039349,0.27917566520773973
dataset/2-0/17.0MapBounded.png,0.2823252523339755,0.050919257840395145,0.2792030371957946
dataset/2-0/18.0MapBounded.png,0.4307072797720953,0.05091925784039349,0.2792189129488664
dataset/2-0/19.0MapBounded.png,0.44221306121475507,0.05091925784039349,0.27923314638265495
dataset/2-0/20.0MapBounded.png,0.4291829631316585,0.050919257840394035,0.2792397156597881
dataset/2-0/21.0MapBounded.png,0.4039445159765664,0.05091925784039349,0.27923369382241603
dataset/2-0/22.0MapBounded.png,0.37795948337643287,0.050919257840394035,0.27922712454528287
dataset/2-0/23.0MapBounded.png,0.3923431042499009,0.05091925784039349,0.27924135797907135
dataset/2-0/24.0MapBounded.png,0.487819331814378,0.05091925784039349,0.279312525148014
dataset/2-0/25.0MapBounded.png,0.5511339107505617,0.05091925784039294,0.279334970178219
dataset/2-0/26.0MapBounded.png,0.618693284461094,0.050919257840394035,0.27933825481678565
dataset/2-0/27.0MapBounded.png,0.6700843307278136,0.0509192578403968,0.2793475612927243
dataset/2-0/28.0MapBounded.png,0.5696218743004958,0.0509192578403924,0.2809428007565618
dataset/2-0/29.0MapBounded.png,0.48458745832187283,0.05091925784039569,0.31356802075891577
dataset/2-0/30.0MapBounded.png,0.4467672685869038,0.05091925784039349,0.35708181760949487
dataset/2-0/31.0MapBounded.png,0.3017042409563245,0.0509192578403924,0.3744438696326953
dataset/2-0/32.0MapBounded.png,0.19592831907029343,0.05091925784039349,0.41275753619261124
dataset/2-0/33.0MapBounded.png,0.27737308756181306,0.05091925784039294,0.43159001141411907
dataset/2-0/34.0MapBounded.png,0.34299709563109393,0.050919257840395145,0.43850417559677785
dataset/2-0/35.0MapBounded.png,0.27211743278629774,0.050919257840394035,0.44319244971081495
dataset/2-0/36.0MapBounded.png,0.43125435660125955,0.050919257840389635,0.4529598699283128
dataset/2-0/37.0MapBounded.png,0.47868475852239073,0.0509192578403924,0.4574439490114607
dataset/2-0/38.0MapBounded.png,0.36789573742421583,0.05091925784039129,0.46017184134100847
dataset/2-0/39.0MapBounded.png,0.17641963070462285,0.05091925784039294,0.46641320205727865
dataset/2-0/40.0MapBounded.png,0.12587604819745413,0.050919257840394035,0.47408119079096833
dataset/2-0/41.0MapBounded.png,0.15418988827339633,0.05091925784039349,0.4740308263329474
dataset/2-0/42.0MapBounded.png,0.15418988827339633,0.05091925784039349,0.4740220672967698
dataset/2-0/43.0MapBounded.png,0.13915416902934039,0.050919257840394035,0.4740133082605923
dataset/2-0/44.0MapBounded.png,0.15437904871398667,0.050919257840394035,0.4740083813027424
dataset/2-0/45.0MapBounded.png,0.15728900842154106,0.050919257840394035,0.47400947618226463
dataset/2-2/0MapBounded.png,0.5877747933006929,0.10917402537134488,0.005326041435715518
dataset/2-2/1.0MapBounded.png,0.5924509989157972,0.10917402537134652,0.04750572758850049
dataset/2-2/2.0MapBounded.png,0.5633985910456778,0.10917402537134269,0.08747266222693022
dataset/2-2/3.0MapBounded.png,0.5698856300061744,0.10917402537134488,0.09317096270019189
dataset/2-2/4.0MapBounded.png,0.5981051059345021,0.10917402537134488,0.13095634989064892
dataset/2-2/5.0MapBounded.png,0.6485076311960698,0.10917402537134377,0.17124134703027616
dataset/2-2/6.0MapBounded.png,0.6687804728850434,0.10917402537134652,0.18224379134880947
dataset/2-2/7.0MapBounded.png,0.6498695714222618,0.10917402537134488,0.2034143817899638
dataset/2-2/8.0MapBounded.png,0.6441227627102438,0.10917402537134432,0.2141376318303375
dataset/2-2/9.0MapBounded.png,0.6252634192029828,0.10917402537134432,0.26293531725502756
dataset/2-2/10.0MapBounded.png,0.5883368162288647,0.10917402537134488,0.2997851298937694
dataset/2-2/11.0MapBounded.png,0.5617414738998634,0.10917402537134868,0.312005080240983
dataset/2-2/12.0MapBounded.png,0.6209178512868317,0.1091740253713416,0.31738860285161374
dataset/2-2/13.0MapBounded.png,0.438666281228249,0.10917402537134596,0.334839340116112
dataset/2-2/14.0MapBounded.png,0.371810747373902,0.10917402537134488,0.36713007442443557
dataset/2-2/15.0MapBounded.png,0.21187807506909356,0.1091740253713476,0.3989543900563042
dataset/2-2/16.0MapBounded.png,0.15085491109063878,0.10917402537134488,0.42277130430260285
dataset/2-2/17.0MapBounded.png,0.14163585277718554,0.10917402537134432,0.44787251222843566
dataset/2-2/18.0MapBounded.png,0.3923969547196768,0.10917402537134432,0.45199801826806485
dataset/2-2/19.0MapBounded.png,0.5217923653652495,0.10917402537134269,0.45205933152130773
dataset/2-2/20.0MapBounded.png,0.567156365506581,0.10917402537134706,0.45262812143308784
dataset/2-2/21.0MapBounded.png,0.5954117791583053,0.10917402537134432,0.4527545800179013
dataset/2-2/22.0MapBounded.png,0.5248687820216058,0.10917402537134324,0.45273979914435164
dataset/2-2/23.0MapBounded.png,0.26097118757576176,0.10917402537134488,0.4528908925184145
dataset/2-2/24.0MapBounded.png,0.42188265500787236,0.10917402537134652,0.453113700501181
dataset/2-2/25.0MapBounded.png,0.4913598708607511,0.10917402537134706,0.4531251967361642
dataset/2-2/26.0MapBounded.png,0.4893214415462258,0.1091740253713476,0.4531503789651746
dataset/2-2/27.0MapBounded.png,0.4935544943405778,0.10917402537134216,0.4531564008025467
dataset/2-2/28.0MapBounded.png,0.4632330523130939,0.10917402537134817,0.4531832253508405
dataset/2-2/29.0MapBounded.png,0.47755545671347716,0.10917402537134269,0.45319143694725694
dataset/2-2/30.0MapBounded.png,0.382630671041249,0.10917402537134216,0.45320074342319555
dataset/2-2/31.0MapBounded.png,0.31250293223879994,0.10917402537134105,0.4532127870979399
dataset/2-2/32.0MapBounded.png,0.25476421302991203,0.10917402537134052,0.45321059733889535
dataset/2-2/33.0MapBounded.png,0.17972444040024946,0.10917402537134269,0.45321607173650635
dataset/2-2/34.0MapBounded.png,0.1823783837673888,0.10917402537134377,0.4532324949293392
dataset/2-2/35.0MapBounded.png,0.1754020123895232,0.1091740253713416,0.4532434437245612
dataset/2-2/36.0MapBounded.png,0.1845090622928771,0.10917402537134105,0.4532494655619333
dataset/2-2/37.0MapBounded.png,0.16306553410132998,0.10917402537134105,0.4532489181221722
dataset/2-2/38.0MapBounded.png,0.17423982001471974,0.10917402537134377,0.45325877203787196
dataset/2-2/39.0MapBounded.png,0.16944350193614557,0.10917402537134377,0.4532615092366774
dataset/2-2/40.0MapBounded.png,0.14398354033303257,0.10917402537134269,0.4532609617969163
dataset/2-2/41.0MapBounded.png,0.18474367090060623,0.10917402537134105,0.4532582245981108
dataset/2-2/42.0MapBounded.png,0.2582590776990625,0.10917402537134269,0.45326862595357165
dataset/2-2/43.0MapBounded.png,0.21352328130534037,0.10917402537133998,0.4532680785138106
dataset/2-2/44.0MapBounded.png,0.26754571350820494,0.10917402537134432,0.4532691733933327
dataset/2-2/45.0MapBounded.png,0.2643357055732288,0.10917402537134596,0.45327081571261607
dataset/2-2/46.0MapBounded.png,0.2821774011711508,0.10917402537134324,0.45327081571261607
dataset/2-2/47.0MapBounded.png,0.3393058620880083,0.10917402537134542,0.45327136315237715
dataset/2-2/48.0MapBounded.png,0.3184848690939843,0.10917402537134432,0.45326972083309386
dataset/2-2/49.0MapBounded.png,0.2819070235446549,0.10917402537134488,0.4532773849897492
dataset/2-2/50.0MapBounded.png,0.3367961852714891,0.10917402537134432,0.45328121706807706
dataset/2-2/51.0MapBounded.png,0.3241212081990895,0.10917402537134377,0.4532872389054489
dataset/2-2/52.0MapBounded.png,0.3418627582560868,0.10917402537134105,0.45328778634521005
dataset/2-2/53.0MapBounded.png,0.35746469619573623,0.10917402537134706,0.4532883337849712
dataset/2-2/54.0MapBounded.png,0.34688700181507165,0.10917402537134269,0.4533025672187597
dataset/2-2/55.0MapBounded.png,0.31641015483266133,0.10917402537134596,0.4532970928211487
dataset/2-2/56.0MapBounded.png,0.40403241133845863,0.10917402537134105,0.4533140634537427
dataset/2-2/57.0MapBounded.png,0.4731252275507708,0.10917402537134324,0.4533129685742206
dataset/2-2/58.0MapBounded.png,0.5010622687949318,0.10917402537134432,0.4533184429718315
dataset/2-2/59.0MapBounded.png,0.5128640410321774,0.10917402537134216,0.4533184429718315
dataset/2-2/60.0MapBounded.png,0.5129769879291444,0.1091740253713476,0.45331899041159246
dataset/2-2/61.0MapBounded.png,0.5354781758908335,0.10917402537134105,0.4533195378513537
dataset/2-2/62.0MapBounded.png,0.5138408807206117,0.10917402537134488,0.45332336992968136
dataset/2-2/63.0MapBounded.png,0.5489690149492694,0.10917402537134105,0.4533244648092036
dataset/2-2/64.0MapBounded.png,0.5434022000162366,0.10917402537134488,0.4533365084839478
dataset/2-2/65.0MapBounded.png,0.5425139978225401,0.10917402537134377,0.45336059583343596
dataset/2-2/66.0MapBounded.png,0.576738151238232,0.10917402537134377,0.453371544628658
dataset/2-2/67.0MapBounded.png,0.5900049002770704,0.1091740253713416,0.45337373438770223
dataset/2-2/68.0MapBounded.png,0.5794191553506126,0.10917402537134596,0.4533726395081802
dataset/2-2/69.0MapBounded.png,0.6088305026685875,0.10917402537134105,0.4533742818274634
dataset/2-2/70.0MapBounded.png,0.5984580850731236,0.10917402537134216,0.4533835883034021
dataset/2-2/71.0MapBounded.png,0.6266720753425365,0.10917402537134105,0.45338961014077417
dataset/2-2/72.0MapBounded.png,0.5309010360665262,0.10917402537134105,0.4535045724906046
dataset/2-2/73.0MapBounded.png,0.5505573715740054,0.10917402537134488,0.45346898890613324
dataset/2-2/74.0MapBounded.png,0.5142737155944,0.10917402537134377,0.45342902580357314
dataset/2-2/75.0MapBounded.png,0.5216693929029158,0.10917402537134488,0.45342902580357314
dataset/2-2/76.0MapBounded.png,0.48383695183707687,0.10917402537134542,0.4534126026107403
dataset/2-2/77.0MapBounded.png,0.5067314159693858,0.10917402537134432,0.45339836917695175
dataset/2-2/78.0MapBounded.png,0.49521633088968503,0.10917402537134432,0.4533978217371906
dataset/2-2/79.0MapBounded.png,0.48273978489868963,0.10917402537134488,0.4533923473395796
dataset/2-2/80.0MapBounded.png,0.4987964256732776,0.10917402537134432,0.45338851526125196
dataset/2-2/81.0MapBounded.png,0.518052946320059,0.10917402537134488,0.4533934422191018
dataset/24-0/0MapBounded.png,0.31854921377011475,0.04422270991923179,0.014388359240920029
dataset/24-0/1.0MapBounded.png,0.31174396549443606,0.04422270991923179,0.05234400019707832
dataset/24-0/2.0MapBounded.png,0.320710689342556,0.044222709919229594,0.07993167951781507
dataset/24-0/3.0MapBounded.png,0.20057977635859678,0.04422270991923179,0.11738969773113593
dataset/24-0/4.0MapBounded.png,0.21146953267159818,0.04422270991923345,0.18462953382767147
dataset/24-0/5.0MapBounded.png,0.16610000474009876,0.044222709919227936,0.19926095632251867
dataset/24-0/6.0MapBounded.png,0.14582182293092003,0.04422270991923125,0.21987042100854828
dataset/24-0/7.0MapBounded.png,0.16517621068878635,0.04422270991923179,0.23344911684280548
dataset/24-0/8.0MapBounded.png,0.18130079435775373,0.04422270991923179,0.2490599090702557
dataset/24-0/9.0MapBounded.png,0.12231505221159943,0.04422270991923125,0.27919208840057264
dataset/24-0/10.0MapBounded.png,0.11761215783676192,0.044222709919227936,0.28660825484415764
dataset/24-0/11.0MapBounded.png,0.08910196621164711,0.04422270991923125,0.28706919912300155
dataset/24-0/12.0MapBounded.png,0.06557107629274497,0.04422270991923235,0.32325168269296567
dataset/24-0/13.0MapBounded.png,0.0557804695934795,0.04422270991923069,0.3648428711025711
dataset/24-0/14.0MapBounded.png,0.06587678474182328,0.04422270991923345,0.37851134705764816
dataset/24-0/15.0MapBounded.png,0.11573525419011522,0.0442227099192329,0.3995866829803716
dataset/24-0/16.0MapBounded.png,0.1372058823027512,0.04422270991923179,0.40267807531128796
dataset/24-0/17.0MapBounded.png,0.14623164074557643,0.04422270991923179,0.40269230874507644
dataset/24-0/18.0MapBounded.png,0.13204511674597116,0.04422270991923179,0.4027333667271587
dataset/24-0/19.0MapBounded.png,0.15730238089090068,0.04422270991923566,0.40272570257050344
dataset/24-0/20.0MapBounded.png,0.20738592342412857,0.044222709919229594,0.4049083448979983
dataset/24-0/21.0MapBounded.png,0.27921873682353276,0.04422270991923179,0.4048508637230831
dataset/24-0/22.0MapBounded.png,0.27921873682353276,0.04422270991923179,0.4048880896268377
dataset/24-0/23.0MapBounded.png,0.2225730538975517,0.04422270991923179,0.40488261522922675
dataset/24-0/24.0MapBounded.png,0.21725836383295247,0.04422270991923069,0.4048492214037998
dataset/24-0/25.0MapBounded.png,0.24689838034506004,0.04422270991923235,0.4048152801386118
dataset/24-2/0MapBounded.png,0.06619414073193125,0.03947233307304708,0.003981529382460578
dataset/24-2/1.0MapBounded.png,0.05062287632537333,0.03947233307304763,0.02583039768761445
dataset/24-2/2.0MapBounded.png,0.056439893731447324,0.03947233307304708,0.03016885779431046
dataset/24-2/3.0MapBounded.png,0.06882621982108113,0.03947233307304763,0.05357683453906941
dataset/24-2/4.0MapBounded.png,0.039871718187876375,0.03947233307304652,0.08078623298488793
dataset/24-2/5.0MapBounded.png,0.08377404393437825,0.03947233307304708,0.09695924584698512
dataset/24-2/6.0MapBounded.png,0.11916415904891536,0.03947233307304652,0.09867492205826402
dataset/24-2/7.0MapBounded.png,0.09980035730482444,0.03947233307304818,0.09871598004034632
dataset/24-2/8.0MapBounded.png,0.07129147382839017,0.03947233307304873,0.09871598004034632
dataset/24-2/9.0MapBounded.png,0.10111352979893744,0.03947233307304708,0.09870448380536329
dataset/24-2/10.0MapBounded.png,0.10111352979893744,0.03947233307304708,0.09870448380536329
dataset/24-2/11.0MapBounded.png,0.05819627948983925,0.03947233307304763,0.09873459299222363
dataset/24-2/12.0MapBounded.png,0.09749141325859773,0.03947233307304929,0.09965812386919475
dataset/24-3/0MapBounded.png,0.23831635086042943,0.019878817508626467,0.004712361463525458
dataset/24-3/1.0MapBounded.png,0.16621694665039136,0.019878817508626467,0.0635084866848964
dataset/24-3/2.0MapBounded.png,0.1415278455329746,0.01987881750862924,0.0698325108050923
dataset/24-3/3.0MapBounded.png,0.004217491962791912,0.019878817508626467,0.08742886704604243
dataset/24-3/4.0MapBounded.png,0.0884085039948975,0.019878817508626467,0.09967235730298328
dataset/24-3/5.0MapBounded.png,0.07464320211656336,0.019878817508626467,0.102270506409151
dataset/24-3/6.0MapBounded.png,0.0742572142176312,0.019878817508625916,0.10395935807213615
dataset/24-3/7.0MapBounded.png,0.07433156758387115,0.019878817508626467,0.10395935807213615
dataset/24-3/8.0MapBounded.png,0.07427335343165228,0.019878817508625916,0.10395607343356955
dataset/24-5/0MapBounded.png,0.004866573701710331,0.01528386514468649,0.0034713155251179053
dataset/24-5/1.0MapBounded.png,0.0035439617067568696,0.015283865144687046,0.010325261334055955
dataset/24-5/2.0MapBounded.png,0.002176123865965547,0.015283865144685936,0.010319239496683884
dataset/26-0/0MapBounded.png,0.9776807815450405,0.8965497928048897,0.006909784664569973
dataset/26-0/1.0MapBounded.png,0.9419245045666231,0.8965497928048908,0.05656311843585512
dataset/26-0/6.0MapBounded.png,0.8485479676915085,0.8965497928048892,0.22090453471726107
dataset/26-0/7.0MapBounded.png,0.9708488718663797,0.8965497928048897,0.22481434949101783
dataset/26-0/8.0MapBounded.png,0.9585055179719109,0.8965497928048883,0.2248028532560348
dataset/26-0/9.0MapBounded.png,0.9522823288312243,0.8965497928048887,0.2247968314186628
dataset/26-0/10.0MapBounded.png,0.9658402673767615,0.8965497928048911,0.22479956861746833
dataset/26-0/11.0MapBounded.png,0.9540371849473009,0.8965497928048927,0.22478807238248524
dataset/26-0/12.0MapBounded.png,0.962904143465389,0.8965497928048901,0.23316609048631814
dataset/26-0/13.0MapBounded.png,0.9487865670668344,0.8965497928048892,0.24555629459923306
dataset/26-0/14.0MapBounded.png,0.9531046521340765,0.8965497928048897,0.26635736320164677
dataset/26-0/15.0MapBounded.png,0.9655238245093332,0.8965497928048883,0.29647530909817515
dataset/26-0/16.0MapBounded.png,0.9351048232531811,0.8965497928048887,0.3388252490166614
dataset/26-0/17.0MapBounded.png,0.936660316142312,0.8965497928048897,0.3887364269154233
dataset/26-0/18.0MapBounded.png,0.9763719493223132,0.896549792804886,0.39993321234914614
dataset/26-0/21.0MapBounded.png,0.941364308182088,0.8965497928048897,0.46557123970471115
dataset/26-0/22.0MapBounded.png,0.892448178085846,0.8965497928048897,0.4682597163714598
dataset/26-0/23.0MapBounded.png,0.8939617806813375,0.8965497928048897,0.4683308835404025
dataset/26-0/25.0MapBounded.png,0.995437504243047,0.8965497928048897,0.46851208610132566
dataset/26-0/27.0MapBounded.png,0.953839025575189,0.8965497928048897,0.4685060642639536
dataset/26-0/28.0MapBounded.png,0.9652211851748795,0.8965497928048908,0.4684951154687317
dataset/26-0/29.0MapBounded.png,0.9099762734847266,0.8965497928048897,0.468491830830165
dataset/26-0/30.0MapBounded.png,0.8607806944342616,0.8965497928048887,0.4684852615530319
dataset/26-0/31.0MapBounded.png,0.8938729033594728,0.8965497928048892,0.46848197691446536
dataset/26-0/32.0MapBounded.png,0.8342928624338316,0.896549792804892,0.46848252435422644
dataset/26-0/33.0MapBounded.png,0.7482435058675022,0.8965497928048897,0.46848088203494315
dataset/26-0/34.0MapBounded.png,0.690526426662199,0.8965497928048911,0.46848088203494315
dataset/26-0/35.0MapBounded.png,0.5536937293315524,0.8965497928048897,0.46848416667350967
dataset/26-0/36.0MapBounded.png,0.6002953307302394,0.8965497928048869,0.46848307179398735
dataset/26-0/37.0MapBounded.png,0.5146701963877438,0.8965497928048897,0.46848416667350967
dataset/26-0/38.0MapBounded.png,0.4035423886115842,0.8965497928048897,0.4684847141132708
dataset/26-0/39.0MapBounded.png,0.43462622871874385,0.896549792804892,0.468480334595182
dataset/26-0/40.0MapBounded.png,0.34421492627473155,0.8965497928048897,0.46848909363135954
dataset/26-0/41.0MapBounded.png,0.44499222930116367,0.8965497928048864,0.46848690387231523
dataset/26-0/42.0MapBounded.png,0.5238403531065752,0.8965497928048869,0.46848416667350967
dataset/26-0/43.0MapBounded.png,0.6244884309551528,0.8965497928048897,0.4684863564325542
dataset/26-0/44.0MapBounded.png,0.6814308050094131,0.8965497928048897,0.4684814294747042
dataset/26-0/45.0MapBounded.png,0.7135292149836266,0.8965497928048897,0.46848307179398735
dataset/26-0/46.0MapBounded.png,0.7487284139758399,0.8965497928048883,0.4684836192337486
dataset/26-0/47.0MapBounded.png,0.8108465483354017,0.8965497928048897,0.46848197691446536
dataset/26-0/48.0MapBounded.png,0.7932194614301107,0.8965497928048897,0.46848307179398735
dataset/26-0/49.0MapBounded.png,0.8653396015506086,0.8965497928048849,0.4684852615530319
dataset/26-0/50.0MapBounded.png,0.9147563847495196,0.8965497928048897,0.46848252435422644
dataset/26-0/51.0MapBounded.png,0.9416566518062727,0.8965497928048897,0.468485808992793
dataset/26-0/52.0MapBounded.png,0.9177739979302243,0.8965497928048911,0.4684814294747042
dataset/26-0/53.0MapBounded.png,0.9929620607556413,0.8965497928048901,0.46847869227589867
dataset/26-2/0MapBounded.png,0.12484753773208558,0.027182623386378998,0.005056153633494554
dataset/26-2/1.0MapBounded.png,0.12523865978666807,0.027182623386378998,0.03657882995699861
dataset/26-2/2.0MapBounded.png,0.16098512026986542,0.02718262338637955,0.04569808149735723
dataset/26-2/3.0MapBounded.png,0.1432880991364289,0.027182623386381763,0.09601710201813668
dataset/26-2/4.0MapBounded.png,0.1276879395486976,0.027182623386378998,0.14155642598477572
dataset/26-2/5.0MapBounded.png,0.05198990623012378,0.027182623386378998,0.15355247346970058
dataset/26-2/6.0MapBounded.png,0.05365151694715706,0.027182623386378446,0.16079564894877882
dataset/26-2/7.0MapBounded.png,0.05365151694715706,0.027182623386378446,0.16102447876891748
dataset/26-2/8.0MapBounded.png,0.035857967099247066,0.027182623386375677,0.1685671037973159
dataset/26-2/9.0MapBounded.png,0.06845305372242307,0.027182623386378446,0.19325116262519265
dataset/26-2/10.0MapBounded.png,0.04849350873842402,0.02718262338637955,0.20988238256732827
dataset/26-2/11.0MapBounded.png,0.07407129729604121,0.027182623386380105,0.2430627064874349
dataset/26-2/12.0MapBounded.png,0.16545021453343056,0.027182623386383428,0.2507049655523531
dataset/26-2/13.0MapBounded.png,0.10389174910395756,0.027182623386376784,0.2508286869383611
dataset/26-2/14.0MapBounded.png,0.12380555837753274,0.027182623386382318,0.2515715626941701
dataset/26-2/15.0MapBounded.png,0.09283984369612551,0.027182623386376784,0.2515715626941701
dataset/26-2/16.0MapBounded.png,0.17478270967547677,0.027182623386378998,0.25156116133870915
dataset/26-4/0MapBounded.png,0.1631970021096184,0.007793950873052835,0.0026342801304001517
dataset/26-4/1.0MapBounded.png,0.15510600112031087,0.007793950873052835,0.05809759208621082
dataset/26-4/2.0MapBounded.png,0.11789680878018863,0.007793950873052835,0.07135384590118166
dataset/26-4/3.0MapBounded.png,0.06864112640430262,0.007793950873047839,0.10960291456928808
dataset/26-4/4.0MapBounded.png,0.08842894645755893,0.0077939508730511696,0.13034595455702544
dataset/26-4/5.0MapBounded.png,0.06951549271266985,0.007793950873052835,0.15739331083355915
dataset/26-4/6.0MapBounded.png,0.13006138946182322,0.007793950873048949,0.19171778385435914
dataset/26-4/7.0MapBounded.png,0.08038522355557974,0.007793950873049503,0.23456041955783294
dataset/26-4/8.0MapBounded.png,0.05710937153716492,0.007793950873052835,0.24681485860999572
dataset/26-4/9.0MapBounded.png,0.05738446130127925,0.0077939508730511696,0.24689806945368256
dataset/26-4/10.0MapBounded.png,0.05738446130127925,0.0077939508730511696,0.2469046387308157
dataset/26-4/11.0MapBounded.png,0.05738446130127925,0.0077939508730511696,0.2469046387308157
dataset/26-4/12.0MapBounded.png,0.047439652621544634,0.007793950873053945,0.2469051861705768
dataset/26-4/13.0MapBounded.png,0.09814051009781574,0.007793950873055055,0.24808327653645812
dataset/26-4/14.0MapBounded.png,0.03525431606402853,0.007793950873052281,0.2508598910047436
dataset/26-4/15.0MapBounded.png,0.03525431606402853,0.007793950873052281,0.2510191959752229
dataset/26-4/16.0MapBounded.png,0.14024466921511897,0.00779395087305339,0.2509710212762463
dataset/26-4/17.0MapBounded.png,0.14575085707061192,0.007793950873052835,0.25188415079775667
dataset/26-5/0MapBounded.png,0.2397687103251025,0.029355419139582853,0.005352318544248189
dataset/26-5/1.0MapBounded.png,0.15676884053150308,0.029355419139582853,0.052254220076258365
dataset/26-5/2.0MapBounded.png,0.14245682476137042,0.02935541913957843,0.05728464404098135
dataset/26-5/3.0MapBounded.png,0.09609242822923234,0.029355419139582853,0.09271275562015346
dataset/26-5/4.0MapBounded.png,0.09671446658060097,0.029355419139580636,0.1289001661479675
dataset/26-5/5.0MapBounded.png,0.1726438869740865,0.02935541913958175,0.16377153149010368
dataset/26-5/6.0MapBounded.png,0.21437574697206027,0.02935541913958175,0.19318382753457766
dataset/26-5/7.0MapBounded.png,0.23883102569348003,0.029355419139582853,0.20965136298814518
dataset/26-5/8.0MapBounded.png,0.22403311769915016,0.029355419139582853,0.20969023121118308
dataset/26-5/9.0MapBounded.png,0.1918400703606318,0.029355419139579536,0.21265352263800275
dataset/26-5/10.0MapBounded.png,0.19758489881631294,0.029355419139581194,0.2203882990225463
dataset/26-5/11.0MapBounded.png,0.2087126920449696,0.0293554191395823,0.22864642781869884
dataset/26-5/12.0MapBounded.png,0.24958794752142954,0.029355419139579536,0.2370600295070032
dataset/26-5/13.0MapBounded.png,0.2355831656565062,0.0293554191395823,0.24204939548964374
dataset/26-5/14.0MapBounded.png,0.1390336626434361,0.02935541913957843,0.24203351973657194
dataset/26-5/15.0MapBounded.png,0.1642079045267896,0.029355419139582853,0.24203735181489974
dataset/26-5/16.0MapBounded.png,0.09784959437617821,0.029355419139587276,0.24204173133298854
dataset/26-5/17.0MapBounded.png,0.04193159291634454,0.029355419139580636,0.24205924940534357
dataset/26-5/18.0MapBounded.png,0.020659988454441433,0.029355419139578977,0.24205979684510467
dataset/26-5/19.0MapBounded.png,0.16054740044140164,0.029355419139581194,0.2420740302788932
dataset/26-5/20.0MapBounded.png,0.24465901707543028,0.029355419139582853,0.24208224187530966
dataset/3-0/0MapBounded.png,0.27449995511777986,0.02168479101943308,0.025724741813722675
dataset/3-0/1.0MapBounded.png,0.21139918322609416,0.02168479101943308,0.07084855900168886
dataset/3-0/2.0MapBounded.png,0.1490079315121727,0.02168479101943308,0.12591005017285412
dataset/3-0/3.0MapBounded.png,0.10443160403619507,0.02168479101943252,0.16616439068585992
dataset/3-0/4.0MapBounded.png,0.10755450994510589,0.02168479101943252,0.185105258980065
dataset/3-0/5.0MapBounded.png,0.11150586607048849,0.02168479101943363,0.2441143382685028
dataset/3-0/6.0MapBounded.png,0.09646111451291373,0.021684791019431417,0.2710779362615886
dataset/3-0/7.0MapBounded.png,0.11700512619472493,0.021684791019435847,0.2830082909751818
dataset/3-0/8.0MapBounded.png,0.015667782943067404,0.02168479101943806,0.2850940364649625
dataset/3-0/9.0MapBounded.png,0.02492467498821244,0.02168479101943363,0.28509567878424585
dataset/3-0/10.0MapBounded.png,0.026421866689684225,0.021684791019434185,0.28510443782042333
dataset/3-0/11.0MapBounded.png,0.026421866689684225,0.021684791019434185,0.2851060801397066
dataset/3-0/12.0MapBounded.png,0.026421866689684225,0.021684791019434185,0.28510662757946775
dataset/3-0/13.0MapBounded.png,0.006561062440358539,0.02168479101943363,0.2851520650796388
dataset/3-0/14.0MapBounded.png,0.010246215754552685,0.021684791019435292,0.285153159959161
dataset/3-0/15.0MapBounded.png,0.015395456828599632,0.0216847910194364,0.2851493278808333
dataset/3-0/16.0MapBounded.png,0.026114610438183073,0.021684791019435292,0.2851526125194
dataset/3-0/17.0MapBounded.png,0.020531666336096814,0.021684791019435847,0.2873598896361442
dataset/3-0/18.0MapBounded.png,0.038266200029322746,0.021684791019430865,0.2873171893347786
dataset/3-0/19.0MapBounded.png,0.03940587525600305,0.02168479101943197,0.2885450967189198
dataset/3-0/20.0MapBounded.png,0.03940587525600305,0.02168479101943197,0.2885450967189198
dataset/3-0/21.0MapBounded.png,0.06302521108785997,0.02168479101943197,0.2903231810629638
dataset/3-0/22.0MapBounded.png,0.0637579702499404,0.02168479101943363,0.294280075656175
dataset/3-0/23.0MapBounded.png,0.11116156333451697,0.02168479101943252,0.36638336659029885
dataset/3-0/24.0MapBounded.png,0.10525489850832595,0.021684791019431417,0.3924962431946395
dataset/3-0/25.0MapBounded.png,0.07547843559764614,0.02168479101943308,0.40837199626646087
dataset/3-0/26.0MapBounded.png,0.07025379803802011,0.02168479101943308,0.4366850332706515
dataset/3-0/27.0MapBounded.png,0.08482370423118152,0.021684791019431417,0.4850600951997746
dataset/3-0/28.0MapBounded.png,0.10573434632895323,0.02168479101943308,0.486643838428629
dataset/3-0/29.0MapBounded.png,0.09670933758654383,0.02168479101943308,0.4871354393340943
dataset/3-0/30.0MapBounded.png,0.30456848165457473,0.02168479101943308,0.4936291697802303
dataset/3-0/31.0MapBounded.png,0.18812152355443468,0.02168479101943363,0.5000325726657855
dataset/3-0/32.0MapBounded.png,0.19738272018228387,0.02168479101943474,0.5000106750753415
dataset/3-1/0MapBounded.png,0.15434397320912394,0.013293155279423393,0.002542857690296904
dataset/3-1/1.0MapBounded.png,0.05855441664337988,0.013293155279423393,0.06389443171647001
dataset/3-1/2.0MapBounded.png,0.03784372960173794,0.013293155279423393,0.0688219370061067
dataset/3-1/3.0MapBounded.png,0.03430516019099274,0.01329315527942395,0.07995083990945347
dataset/3-1/4.0MapBounded.png,0.03430516019099274,0.01329315527942395,0.08144151837892138
dataset/3-1/5.0MapBounded.png,0.03430516019099274,0.01329315527942395,0.08144151837892138
dataset/3-1/6.0MapBounded.png,0.04572297780770124,0.013293155279426165,0.08146013133079869
dataset/3-3/0MapBounded.png,0.03345300744047303,0.043732688831868656,0.0028127454925178674
dataset/3-3/1.0MapBounded.png,0.0394259601392424,0.043732688831868656,0.045991509209305385
dataset/3-3/2.0MapBounded.png,0.06477213762112533,0.04373268883186591,0.0948039755075451
dataset/3-3/3.0MapBounded.png,0.039117660686183685,0.043732688831868115,0.11233135433859698
dataset/3-3/4.0MapBounded.png,0.044534627072661086,0.043732688831870314,0.12420149067846947
dataset/3-3/5.0MapBounded.png,0.052442758563721055,0.043732688831868656,0.12736350273856742
dataset/3-3/6.0MapBounded.png,0.02348883645334425,0.04373268883186921,0.12737609385307266
dataset/3-3/7.0MapBounded.png,0.03947532228162785,0.043732688831868656,0.12737499897355045
dataset/3-3/8.0MapBounded.png,0.02365228121059973,0.043732688831868656,0.1273684296964173
dataset/3-3/9.0MapBounded.png,0.022022330540932944,0.043732688831868656,0.12736952457593947
dataset/3-3/10.0MapBounded.png,0.034211306527335374,0.043732688831868656,0.12737007201570058
dataset/3-3/11.0MapBounded.png,0.03470284105701796,0.043732688831868656,0.1273711668952228
dataset/3-3/12.0MapBounded.png,0.04725228376187888,0.043732688831868656,0.1273711668952228
dataset/3-3/13.0MapBounded.png,0.06896740255974133,0.043732688831868656,0.1273662399373729
dataset/3-3/14.0MapBounded.png,0.0360717208634815,0.04373268883186921,0.1273897798471001
dataset/3-3/15.0MapBounded.png,0.0360835477191852,0.043732688831868115,0.12739963376279984
dataset/31-0/0MapBounded.png,0.264071188404918,0.050731756420901906,0.007777476685909174
dataset/31-0/1.0MapBounded.png,0.270844899269789,0.05073175642090082,0.03572701368873123
dataset/31-0/2.0MapBounded.png,0.20915541744903557,0.05073175642090302,0.12386536266515574
dataset/31-0/3.0MapBounded.png,0.19129538782819627,0.05073175642090744,0.14403851786159083
dataset/31-0/4.0MapBounded.png,0.18134340021595904,0.050731756420901906,0.17401084478166734
dataset/31-0/5.0MapBounded.png,0.13293147533304042,0.05073175642089917,0.2373102094778246
dataset/31-0/6.0MapBounded.png,0.06793749128989447,0.05073175642090412,0.25256133378223394
dataset/31-0/7.0MapBounded.png,0.04672230691979686,0.05073175642090138,0.2738764483203179
dataset/31-0/8.0MapBounded.png,0.11380685355510693,0.05073175642090247,0.30656955085304805
dataset/31-0/9.0MapBounded.png,0.1246719965695036,0.05073175642089972,0.313417474824614
dataset/31-0/10.0MapBounded.png,0.09009072084121288,0.05073175642090138,0.329004179702576
dataset/31-0/11.0MapBounded.png,0.08845895030874228,0.050731756420906333,0.3447726345812223
dataset/31-0/12.0MapBounded.png,0.14226198256626157,0.05073175642090247,0.3474709651636709
dataset/31-0/13.0MapBounded.png,0.15627478155907965,0.05073175642090247,0.35473987031152066
dataset/31-0/14.0MapBounded.png,0.1461704083070737,0.05073175642090247,0.35757834547281003
dataset/31-0/15.0MapBounded.png,0.16218799760339522,0.05073175642089917,0.357819766407454
dataset/32-D8/0MapBounded.png,0.2113765179922475,0.04808180395737631,0.0033585429343318636
dataset/32-D8/1.0MapBounded.png,0.17476016829088706,0.04808180395737631,0.03566898507405492
dataset/32-D8/2.0MapBounded.png,0.07262875330891864,0.0480818039573752,0.06879292269876855
dataset/32-D8/3.0MapBounded.png,0.06693370195781022,0.04808180395737794,0.0701954633666998
dataset/32-D8/4.0MapBounded.png,0.020341545658955032,0.04808180395737631,0.07026553565612025
dataset/32-D8/5.0MapBounded.png,0.03768992809246679,0.04808180395737631,0.10364129557093861
dataset/32-D8/6.0MapBounded.png,0.027456351324857343,0.0480818039573752,0.1161628852265169
dataset/32-D8/7.0MapBounded.png,0.1322037494237116,0.048081803957372445,0.13299227836216973
dataset/32-D8/8.0MapBounded.png,0.121949281657503,0.04808180395737631,0.13322494026063608
dataset/32-D8/9.0MapBounded.png,0.12121507832122778,0.04808180395737794,0.13319811571234233
dataset/32-G5/0MapBounded.png,0.010776731755851289,0.053305410434344794,0.006044829842036257
dataset/32-G5/1.0MapBounded.png,0.0003808013028183338,0.053305410434344246,0.013091474446880552
dataset/32-G5/2.0MapBounded.png,0.0003808013028183338,0.053305410434344246,0.013091474446880552
dataset/32-G5/3.0MapBounded.png,0.000809973084416658,0.0533054104343437,0.013129795230157363
dataset/32-G7/0MapBounded.png,0.43568274399724255,0.24449021897896464,0.005360530140664647
dataset/32-G7/1.0MapBounded.png,0.33391770439767765,0.24449021897896464,0.04686686538729995
dataset/32-G7/2.0MapBounded.png,0.3506282940132826,0.24449021897896522,0.04908016434141629
dataset/32-G7/3.0MapBounded.png,0.34181969403367307,0.24449021897896991,0.07037666592762298
dataset/32-G7/4.0MapBounded.png,0.41922525767531243,0.24449021897896464,0.08326558766289754
dataset/32-G7/5.0MapBounded.png,0.4290907482549358,0.24449021897896306,0.09557915020925885
dataset/32-G7/6.0MapBounded.png,0.25580656803148677,0.24449021897896464,0.11520979260244651
dataset/32-G7/7.0MapBounded.png,0.22740977329081674,0.24449021897896198,0.14009257206360157
dataset/32-G7/8.0MapBounded.png,0.2905665093466022,0.24449021897896728,0.16104418660031697
dataset/32-G7/9.0MapBounded.png,0.350447962108515,0.24449021897896198,0.16739120319047893
dataset/32-G7/10.0MapBounded.png,0.31184738735489076,0.24449021897896306,0.1674579908413328
dataset/32-G7/11.0MapBounded.png,0.3335338960522048,0.2444902189789636,0.16827696072393436
dataset/32-G7/12.0MapBounded.png,0.29210093441819,0.24449021897896306,0.16892184476250696
dataset/32-G7/13.0MapBounded.png,0.29210585916367726,0.24449021897896145,0.16892184476250696
dataset/32-G7/14.0MapBounded.png,0.2966476552290994,0.24449021897896306,0.16892293964202915
dataset/32-G7/15.0MapBounded.png,0.23240890179072335,0.2444902189789636,0.16892403452155133
dataset/32-G7/16.0MapBounded.png,0.1766159459741714,0.24449021897896622,0.16893115123844563
dataset/32-G7/17.0MapBounded.png,0.06941040919225203,0.24449021897896306,0.16892896147940123
dataset/32-G7/18.0MapBounded.png,0.07650427607717838,0.24449021897896464,0.16893169867820673
dataset/32-G7/19.0MapBounded.png,0.12384070535543161,0.24449021897896253,0.16893169867820673
dataset/32-G7/20.0MapBounded.png,0.17462488911973664,0.24449021897896464,0.1689349833167733
dataset/32-G7/21.0MapBounded.png,0.23217911223497406,0.24449021897896253,0.16893662563605658
dataset/32-G7/22.0MapBounded.png,0.2762133022096245,0.24449021897896522,0.1689338884372511
dataset/32-G7/23.0MapBounded.png,0.3387629650451264,0.24449021897896522,0.1689360781962955
dataset/32-G7/24.0MapBounded.png,0.37180310109242176,0.2444902189789609,0.1689338884372511
dataset/32-G7/25.0MapBounded.png,0.3946998313680854,0.2444902189789636,0.1689355307565344
dataset/32-G7/26.0MapBounded.png,0.4532566634805435,0.24449021897896253,0.1689694720217224
dataset/32-G7/27.0MapBounded.png,0.47710305993570384,0.24449021897896572,0.16896618738315583
dataset/32-G7/28.0MapBounded.png,0.5158489265366426,0.2444902189789641,0.16896399762411143
dataset/32-G7/29.0MapBounded.png,0.5480490393987474,0.24449021897896622,0.16896235530482817
dataset/32-G7/30.0MapBounded.png,0.4320789537099946,0.24449021897896783,0.16894538467223416
dataset/32-G9/0MapBounded.png,0.022351083672327868,0.03948849907828545,0.004381160408061599
dataset/32-G9/1.0MapBounded.png,0.018766799075698573,0.03948849907828435,0.039803797589622734
dataset/32-G9/2.0MapBounded.png,0.034470093823073325,0.03948849907828545,0.07401276082083118
dataset/32-G9/3.0MapBounded.png,0.0029917719935451913,0.03948849907828324,0.07827512680073467
dataset/32-G9/4.0MapBounded.png,0.0029917719935451913,0.03948849907828324,0.07827786399954016
dataset/32-G9/5.0MapBounded.png,0.0029917719935451913,0.03948849907828324,0.07827895887906235
dataset/32-G9/6.0MapBounded.png,0.0029917719935451913,0.03948849907828324,0.07827895887906235
dataset/32-G9/7.0MapBounded.png,0.0029917719935451913,0.03948849907828324,0.07827895887906235
dataset/32-G9/8.0MapBounded.png,0.002981432359697203,0.039488499078281586,0.07827731655977906
dataset/32-G9/9.0MapBounded.png,0.003074623653671649,0.0394884990782871,0.07827567424049577
dataset/32D-8/0MapBounded.png,0.09868613706686549,0.04235621934456155,0.0033787982054924635
dataset/32D-8/1.0MapBounded.png,0.07958039294166107,0.04235621934455879,0.029477988815805684
dataset/32D-8/2.0MapBounded.png,0.06130417481597673,0.04235621934455935,0.0668243293178627
dataset/32D-8/3.0MapBounded.png,0.09866065066812098,0.04235621934456155,0.10520861560696015
dataset/32D-8/4.0MapBounded.png,0.06991600000162512,0.04235621934456321,0.1198958769574393
dataset/32D-8/5.0MapBounded.png,0.05079343626641428,0.04235621934455935,0.12008474367501788
dataset/32D-8/6.0MapBounded.png,0.09407084288926525,0.04235621934456211,0.12059386265283835
dataset/32D-8/7.0MapBounded.png,0.056902052806923537,0.042356219344562664,0.12579891990135136
dataset/32D-8/8.0MapBounded.png,0.012139055706467368,0.04235621934456155,0.13028792594234911
dataset/32D-8/9.0MapBounded.png,0.012223566201820399,0.04235621934456211,0.13029504265924338
dataset/32D-8/10.0MapBounded.png,0.012902478737494337,0.04235621934456155,0.1302955900990045
dataset/32D-8/11.0MapBounded.png,0.012902478737494337,0.04235621934456155,0.13029504265924338
dataset/32D-8/12.0MapBounded.png,0.02656638338930418,0.04235621934456431,0.13114850124679406
dataset/32G-5/0MapBounded.png,0.08003636347744744,0.001172803083784591,0.003671678477679512
dataset/32G-5/1.0MapBounded.png,0.07139600109291627,0.001172803083784591,0.03222230433818639
dataset/32G-5/2.0MapBounded.png,0.019003883841195102,0.0011728030837857028,0.055807104125779765
dataset/32G-5/3.0MapBounded.png,0.02954869282973539,0.0011728030837857028,0.07241861623651588
dataset/32G-5/4.0MapBounded.png,0.025858949331962,0.001172803083785147,0.07259598671911141
dataset/32G-5/5.0MapBounded.png,0.025858949331962,0.001172803083785147,0.07664266143314255
dataset/32G-5/6.0MapBounded.png,0.03607142984216597,0.0011728030837834798,0.07664266143314255
dataset/32G-5/7.0MapBounded.png,0.02362131341447347,0.001172803083784591,0.08195063735674187
dataset/32G-7/0MapBounded.png,0.034318771638300355,0.007523204170391986,0.00349868751317277
dataset/32G-7/1.0MapBounded.png,0.0026127825690580304,0.007523204170393649,0.012911914205240642
dataset/33-2/0MapBounded.png,0.11540626855074812,0.017293886821370494,0.005171115983324986
dataset/33-2/1.0MapBounded.png,0.11603659952342525,0.01729388682137493,0.04764641960710249
dataset/33-2/2.0MapBounded.png,0.059018244080362985,0.01729388682136994,0.05646950623670748
dataset/33-2/3.0MapBounded.png,0.07569089861621002,0.01729388682136994,0.08446174354089513
dataset/33-2/4.0MapBounded.png,0.050177273243028835,0.01729388682137271,0.11888201851988713
dataset/33-2/5.0MapBounded.png,0.029476746444204116,0.01729388682137382,0.1284786375319226
dataset/33-2/6.0MapBounded.png,0.07123423791342572,0.017293886821373266,0.13266107730670587
dataset/33-2/7.0MapBounded.png,0.07123423791342572,0.017293886821373266,0.13266107730670587
dataset/33-2/8.0MapBounded.png,0.06311117958383827,0.01729388682137216,0.13271144176472682
dataset/33-2/9.0MapBounded.png,0.049649450337361505,0.01729388682137105,0.1326742158609722
dataset/35-1/0MapBounded.png,0.05701763842585789,0.016090328692317777,0.009695158169032976
dataset/35-1/1.0MapBounded.png,0.1077445718134684,0.016090328692317777,0.06325173743694179
dataset/35-1/2.0MapBounded.png,0.05813548544569737,0.016090328692317777,0.08757831810082199
dataset/35-1/3.0MapBounded.png,0.06073273312281731,0.016090328692317225,0.10872591607201024
dataset/35-1/4.0MapBounded.png,0.04278825969645207,0.016090328692319442,0.1569411255908928
dataset/35-1/5.0MapBounded.png,0.02358064958403087,0.01609032869231667,0.1693192860290636
dataset/35-1/6.0MapBounded.png,0.05246289803755819,0.016090328692317777,0.1767458538281094
dataset/35-1/7.0MapBounded.png,0.07380855082326608,0.016090328692317225,0.17682249539466302
dataset/35-1/8.0MapBounded.png,0.07380855082326608,0.016090328692317225,0.17682249539466302
dataset/35-1/9.0MapBounded.png,0.08067637358687987,0.016090328692318332,0.17682359027418523
dataset/35-2/0MapBounded.png,0.04172301520591668,0.02141614497906514,0.003321317030577248
dataset/35-2/1.0MapBounded.png,0.031559626887952504,0.021416144979064584,0.039222964003098514
dataset/35-2/2.0MapBounded.png,0.06502983765685949,0.021416144979064033,0.0923377593838018
dataset/35-2/3.0MapBounded.png,0.08148514789621614,0.021416144979064033,0.13646140412824326
dataset/35-2/4.0MapBounded.png,0.048279548308584226,0.021416144979064033,0.1505174674341772
dataset/35-2/5.0MapBounded.png,0.04229330653570721,0.02141614497906514,0.17322745848353713
dataset/35-2/6.0MapBounded.png,0.0267342758031952,0.021416144979064584,0.17413566104719755
dataset/35-2/7.0MapBounded.png,0.0267342758031952,0.021416144979064584,0.1741602958364469
dataset/35-2/8.0MapBounded.png,0.027040187275086957,0.021416144979064584,0.17415865351716364
dataset/35-2/9.0MapBounded.png,0.040972400220637556,0.021416144979064584,0.17432288544549282
dataset/35-3/1.0MapBounded.png,0.09172978403902561,0.010086703151949964,0.02329027719612303
dataset/35-3/2.0MapBounded.png,0.12967416499711545,0.010086703151734103,0.06850113730610369
dataset/35-3/3.0MapBounded.png,0.17972102072725038,0.010086703151648647,0.08506556959738544
dataset/35-3/4.0MapBounded.png,0.08221821325980924,0.010086703151584832,0.18644046455738128
dataset/35-3/5.0MapBounded.png,0.14440853659904004,0.01008670315141281,0.1921070135244993
dataset/35-3/6.0MapBounded.png,0.16093870341637775,0.010086703151492163,0.1920675978617003
dataset/35-3/7.0MapBounded.png,0.16110057600748237,0.010086703151489388,0.19211632000043796
dataset/35-3/8.0MapBounded.png,0.1611020445904342,0.010086703151491053,0.19211577256067688
dataset/35-4/0MapBounded.png,0.11761795303802364,0.03512440519195777,0.004738638572058127
dataset/35-4/1.0MapBounded.png,0.12259901418915985,0.035124405191959425,0.028985293030818125
dataset/35-4/2.0MapBounded.png,0.19641005898379876,0.03512440519195832,0.0806088625022924
dataset/35-4/3.0MapBounded.png,0.2041367966573728,0.03512440519195832,0.11345743792717408
dataset/35-4/4.0MapBounded.png,0.2138817301106123,0.03512440519195777,0.13321015938708644
dataset/35-4/5.0MapBounded.png,0.1928531954513868,0.03512440519195777,0.1360497294278981
dataset/35-4/6.0MapBounded.png,0.2241930968857935,0.03512440519195777,0.14827570161248382
dataset/35-4/7.0MapBounded.png,0.24844341658731817,0.03512440519195777,0.15436706383421336
dataset/35-4/8.0MapBounded.png,0.20083300534860465,0.03512440519195777,0.15509296895742836
dataset/35-4/9.0MapBounded.png,0.17378194383342124,0.03512440519195777,0.15515647196971566
dataset/35-4/10.0MapBounded.png,0.1596203590174027,0.03512440519195997,0.15514771293353807
dataset/35-4/11.0MapBounded.png,0.025764401577827542,0.03512440519195777,0.15515866172876003
dataset/35-4/12.0MapBounded.png,0.045771594419877444,0.03512440519195666,0.15517234772278748
dataset/35-4/13.0MapBounded.png,0.13450430542455,0.03512440519195777,0.1551887709156204
dataset/35-4/14.0MapBounded.png,0.2048854516538883,0.03512440519195777,0.15520355178917
dataset/35-4/15.0MapBounded.png,0.19216049618147338,0.03512440519195777,0.1552473469700578
dataset/35-4/16.0MapBounded.png,0.19216049618147338,0.03512440519195777,0.1552495367291022
dataset/35-4/17.0MapBounded.png,0.19216049618147338,0.03512440519195777,0.15525172648814656
dataset/35-4/18.0MapBounded.png,0.19216049618147338,0.03512440519195777,0.15525172648814656
dataset/35-4/19.0MapBounded.png,0.17527993605081257,0.03512440519195777,0.15525172648814656
dataset/35-4/20.0MapBounded.png,0.2271582186717455,0.03512440519195777,0.1557301888393456
dataset/35-4/21.0MapBounded.png,0.2168328966341777,0.03512440519195777,0.15723619562212424
dataset/35-4/22.0MapBounded.png,0.1945750206560996,0.03512440519195887,0.15739112107451478
dataset/36-0/0MapBounded.png,0.6224582040982067,0.7767162522717475,0.02253645264509207
dataset/36-0/1.0MapBounded.png,0.213379205113736,0.7767162522717461,0.0870106230685641
dataset/36-0/2.0MapBounded.png,0.45073334243580404,0.7767162522717518,0.10758997856773336
dataset/36-0/3.0MapBounded.png,0.45073334243580404,0.7767162522717518,0.10759654784486652
dataset/36-0/4.0MapBounded.png,0.36561298283850596,0.7767162522717495,0.13395850954050645
dataset/36-0/5.0MapBounded.png,0.555103362042157,0.7767162522717505,0.156210840949589
dataset/36-0/6.0MapBounded.png,0.30849253000256766,0.7767162522717475,0.1830052800564958
dataset/36-0/7.0MapBounded.png,0.8122420746505835,0.7767162522717455,0.19935840059999396
dataset/36-0/8.0MapBounded.png,0.810824659111527,0.776716252271747,0.20249358811179813
dataset/36-0/9.0MapBounded.png,0.6818599218306397,0.7767162522717461,0.20713423496661984
dataset/36-0/10.0MapBounded.png,0.8083753187303984,0.7767162522717479,0.21077197217911137
dataset/36-0/11.0MapBounded.png,0.8083753187303984,0.7767162522717479,0.21077142473935023
dataset/36-0/12.0MapBounded.png,0.647915112778255,0.7767162522717495,0.21077744657672232
dataset/36-0/13.0MapBounded.png,0.6466481625175867,0.7767162522717486,0.21247615215540722
dataset/36-0/14.0MapBounded.png,0.6646373942756133,0.7767162522717466,0.2124816265530182
dataset/36-0/15.0MapBounded.png,0.6646373942756133,0.7767162522717466,0.2124816265530182
dataset/36-0/16.0MapBounded.png,0.8105662252310949,0.7767162522717489,0.21249312278800123
dataset/36-0/17.0MapBounded.png,0.810252405530071,0.7767162522717479,0.21249531254704562
dataset/36-0/18.0MapBounded.png,0.7742380635451759,0.7767162522717455,0.21261191721615935
dataset/36-0/19.0MapBounded.png,0.754575457394987,0.7767162522717451,0.21265188031871946
dataset/36-0/20.0MapBounded.png,0.6887984782591721,0.776716252271747,0.21265625983680822
dataset/36-0/21.0MapBounded.png,0.6459856928002914,0.7767162522717455,0.21266118679465806
dataset/36-0/22.0MapBounded.png,0.5834382140495944,0.776716252271747,0.2126644714332247
dataset/36-0/23.0MapBounded.png,0.5296595049831141,0.7767162522717499,0.21267706254772994
dataset/36-0/24.0MapBounded.png,0.47600450917680687,0.7767162522717505,0.2126836318248631
dataset/36-0/25.0MapBounded.png,0.3785680318210654,0.7767162522717489,0.21268527414414637
dataset/36-0/26.0MapBounded.png,0.3874854656926145,0.7767162522717489,0.21278874025899377
dataset/36-0/27.0MapBounded.png,0.38909952935712855,0.7767162522717451,0.21280516345182668
dataset/36-0/28.0MapBounded.png,0.23451539130738921,0.7767162522717499,0.2128117327289598
dataset/36-0/29.0MapBounded.png,0.364800038974184,0.7767162522717495,0.2128637395062641
dataset/36-0/30.0MapBounded.png,0.1541237502653371,0.7767162522717486,0.2128648343857863
dataset/36-0/31.0MapBounded.png,0.16159809053712804,0.7767162522717486,0.2128670241448307
dataset/36-0/32.0MapBounded.png,0.3240712171855557,0.776716252271747,0.21286921390387506
dataset/36-0/33.0MapBounded.png,0.2349670087114997,0.7767162522717479,0.2128823524581414
dataset/36-0/34.0MapBounded.png,0.2087761213522535,0.7767162522717446,0.21288837429551347
dataset/36-0/35.0MapBounded.png,0.33055616482506206,0.7767162522717441,0.21288673197623018
dataset/36-0/36.0MapBounded.png,0.3619285169345255,0.776716252271747,0.21291191420524067
dataset/36-0/37.0MapBounded.png,0.4502162830652829,0.7767162522717489,0.21291355652452396
dataset/36-0/38.0MapBounded.png,0.39977970798510176,0.7767162522717479,0.21299129297059977
dataset/36-0/39.0MapBounded.png,0.4630943662682961,0.7767162522717499,0.21299786224773293
dataset/36-0/40.0MapBounded.png,0.3796279932990333,0.776716252271747,0.21300005200677732
dataset/36-0/41.0MapBounded.png,0.3837189132011627,0.7767162522717486,0.21300059944653843
dataset/36-0/42.0MapBounded.png,0.2990935088096314,0.7767162522717479,0.2130427523081429
dataset/36-0/43.0MapBounded.png,0.29698097524304934,0.7767162522717489,0.2130449420671873
dataset/36-0/44.0MapBounded.png,0.37033080194004225,0.7767162522717486,0.21306629221787007
dataset/36-0/45.0MapBounded.png,0.2087425935452144,0.7767162522717495,0.21309147444688056
dataset/36-0/46.0MapBounded.png,0.2897184440797713,0.776716252271747,0.21310844507947457
dataset/36-0/47.0MapBounded.png,0.18404814284922227,0.7767162522717461,0.2131068027601913
dataset/36-0/48.0MapBounded.png,0.09546931304126066,0.7767162522717475,0.21311501435660776
dataset/36-0/49.0MapBounded.png,0.08540358909447739,0.7767162522717529,0.21313581706752943
dataset/36-0/50.0MapBounded.png,0.10015657539313284,0.7767162522717518,0.2131429337844237
dataset/36-0/51.0MapBounded.png,0.2850421845702958,0.7767162522717486,0.2131440286639459
dataset/36-0/52.0MapBounded.png,0.2852742156430348,0.776716252271747,0.2131473133025125
dataset/36-0/53.0MapBounded.png,0.22332506298072338,0.7767162522717461,0.21315880953749552
dataset/36-0/54.0MapBounded.png,0.32149102460713314,0.7767162522717451,0.21316373649534542
dataset/36-0/55.0MapBounded.png,0.3030752268808664,0.7767162522717461,0.21316921089295637
dataset/36-0/56.0MapBounded.png,0.36840598711482064,0.7767162522717499,0.21317687504961175
dataset/36-0/57.0MapBounded.png,0.41288759262764935,0.7767162522717513,0.21317468529056735
dataset/36-0/58.0MapBounded.png,0.44617697080765983,0.7767162522717479,0.21319986751957784
dataset/36-0/59.0MapBounded.png,0.37268679436425173,0.7767162522717489,0.21320096239910002
dataset/36-0/60.0MapBounded.png,0.36571849324874073,0.7767162522717489,0.21320096239910002
dataset/36-0/61.0MapBounded.png,0.37717742659134534,0.7767162522717479,0.21320096239910002
dataset/36-0/62.0MapBounded.png,0.4706361416676398,0.7767162522717495,0.2132020572786222
dataset/36-0/63.0MapBounded.png,0.4737891447201387,0.776716252271747,0.21320150983886113
dataset/36-0/64.0MapBounded.png,0.43768094837206073,0.7767162522717486,0.21321902791121622
dataset/36-0/65.0MapBounded.png,0.4919702501714826,0.7767162522717466,0.2132201227907384
dataset/36-0/66.0MapBounded.png,0.5126080306204134,0.7767162522717499,0.2132212176702606
dataset/36-0/67.0MapBounded.png,0.5139285346448247,0.776716252271747,0.21322231254978277
dataset/36-0/68.0MapBounded.png,0.47209838723210756,0.7767162522717486,0.2132228599895439
dataset/36-0/69.0MapBounded.png,0.5242051769797742,0.7767162522717489,0.21324092550166013
dataset/36-0/70.0MapBounded.png,0.5517710466188316,0.7767162522717489,0.21324092550166013
dataset/36-0/71.0MapBounded.png,0.5585440283464728,0.7767162522717475,0.21324092550166013
dataset/36-0/72.0MapBounded.png,0.554328544015261,0.7767162522717475,0.21326227565234288
dataset/36-0/73.0MapBounded.png,0.6246082374677028,0.7767162522717475,0.21326446541138733
dataset/36-0/74.0MapBounded.png,0.6100585852445684,0.7767162522717499,0.21328198348374242
dataset/36-0/75.0MapBounded.png,0.6469881914726906,0.7767162522717475,0.21328198348374242
dataset/36-0/76.0MapBounded.png,0.6327220320936795,0.7767162522717466,0.21328472068254792
dataset/36-0/77.0MapBounded.png,0.5617893892373879,0.7767162522717499,0.21329238483920326
dataset/36-0/78.0MapBounded.png,0.5997572700206479,0.7767162522717475,0.21329183739944219
dataset/36-0/79.0MapBounded.png,0.5702931286316237,0.7767162522717538,0.213307713152514
dataset/36-0/80.0MapBounded.png,0.5910470430461517,0.7767162522717499,0.2133066182729918
dataset/36-0/81.0MapBounded.png,0.5987656997806775,0.7767162522717513,0.2133060708332307
dataset/36-1/0MapBounded.png,0.15229802469136905,0.07298720668145259,0.011370323837990678
dataset/36-1/1.0MapBounded.png,0.1302046482322302,0.07298720668145645,0.04381653103846586
dataset/36-1/2.0MapBounded.png,0.12734309957804738,0.07298720668145206,0.05157758453154211
dataset/36-1/3.0MapBounded.png,0.13129437672625854,0.07298720668145316,0.05831547311112754
dataset/36-1/4.0MapBounded.png,0.1496843275474853,0.0729872066814537,0.08700186403238654
dataset/36-1/5.0MapBounded.png,0.10373198663718786,0.07298720668145095,0.12064915406870919
dataset/36-1/6.0MapBounded.png,0.2003563899097308,0.0729872066814537,0.14023545384124794
dataset/36-1/7.0MapBounded.png,0.05764252151914358,0.07298720668145316,0.15432983793045874
dataset/36-1/8.0MapBounded.png,0.18709625821766004,0.07298720668145259,0.15490957663746077
dataset/36-1/9.0MapBounded.png,0.14885332141511046,0.07298720668145481,0.16753901192597523
dataset/36-1/10.0MapBounded.png,0.10276541427378803,0.07298720668145206,0.1728135940241476
dataset/36-1/11.0MapBounded.png,0.10276541427378803,0.07298720668145206,0.17473839222416565
dataset/36-1/12.0MapBounded.png,0.1663195896143166,0.07298720668145534,0.17472415879037712
dataset/36-1/13.0MapBounded.png,0.12283533377535451,0.07298720668145589,0.1749086459898669
dataset/36-4/0MapBounded.png,0.05079508369261815,0.0372781605182664,0.010633469919553728
dataset/36-4/1.0MapBounded.png,0.04749361519037111,0.0372781605182675,0.014598576109181388
dataset/36-4/2.0MapBounded.png,0.0032986906581060856,0.0372781605182664,0.018598718443519274
dataset/36-4/3.0MapBounded.png,0.0636947153902267,0.0372781605182675,0.04714551222569847
dataset/36-4/4.0MapBounded.png,0.03152941299112057,0.0372781605182664,0.08405937531648862
dataset/36-4/5.0MapBounded.png,0.06793516694657936,0.03727816051826474,0.09364395065377995
dataset/36-4/6.0MapBounded.png,0.12129693985101817,0.037278160518266955,0.11056421878977492
dataset/36-4/7.0MapBounded.png,0.0944939232069003,0.03727816051826474,0.12436298540799316
dataset/36-4/8.0MapBounded.png,0.0857329156395613,0.03727816051826585,0.13016529943586333
dataset/36-4/9.0MapBounded.png,0.06611815200836373,0.0372781605182664,0.14029402989568537
dataset/36-4/10.0MapBounded.png,0.027708837708364232,0.037278160518268606,0.1466251707327755
dataset/36-4/11.0MapBounded.png,0.05312072613924585,0.0372781605182664,0.14679980401656553
dataset/36-4/12.0MapBounded.png,0.10081510630720068,0.037278160518266955,0.14759797118824539
dataset/36-4/13.0MapBounded.png,0.10120283397276236,0.03727816051826474,0.14759797118824539
dataset/36-5/0MapBounded.png,0.03191771340366547,0.012325358420301,0.012905892367868573
dataset/36-5/1.0MapBounded.png,0.03603774966096622,0.012325358420301556,0.02855610025811785
dataset/36-5/2.0MapBounded.png,0.20904246483925665,0.012325358420300445,0.043280587512351615
dataset/36-5/3.0MapBounded.png,0.167057916511467,0.012325358420299892,0.04996646931463279
dataset/36-5/4.0MapBounded.png,0.11961383332948343,0.012325358420299892,0.06450427961033238
dataset/36-5/5.0MapBounded.png,0.09030444012531978,0.012325358420301,0.08106159518471986
dataset/36-5/6.0MapBounded.png,0.021849913083918128,0.012325358420304883,0.10703925416806949
dataset/36-5/7.0MapBounded.png,0.036590123089614554,0.012325358420301556,0.12891768422032263
dataset/36-5/8.0MapBounded.png,0.06690246144347359,0.012325358420304328,0.1393168499221267
dataset/36-5/9.0MapBounded.png,0.015804842831815203,0.012325358420300445,0.15708948176615017
dataset/36-5/10.0MapBounded.png,0.03452125742354728,0.012325358420298228,0.16547735378568282
dataset/36-5/11.0MapBounded.png,0.08074749753979868,0.012325358420301,0.17010759928504368
dataset/36-5/12.0MapBounded.png,0.06818108028763799,0.012325358420302112,0.1742807325838883
dataset/36-5/13.0MapBounded.png,0.08852892608050082,0.012325358420303219,0.17446138770505043
dataset/36-6/0MapBounded.png,0.3232617000481824,0.027482828603141534,0.003500329832456062
dataset/36-6/1.0MapBounded.png,0.21042166573605442,0.027482828603141534,0.029357004628603182
dataset/36-6/2.0MapBounded.png,0.15952926452252325,0.02748282860313932,0.041803595036911126
dataset/36-6/3.0MapBounded.png,0.18509819504703695,0.027482828603141534,0.06341651680503207
dataset/36-6/4.0MapBounded.png,0.13629207106017244,0.027482828603141534,0.06752067269397845
dataset/36-6/5.0MapBounded.png,0.08285023185106044,0.027482828603142093,0.06761756953169266
dataset/36-6/6.0MapBounded.png,0.20589294961876398,0.02748282860313821,0.0677078970922737
dataset/36-6/7.0MapBounded.png,0.14881917775815356,0.027482828603138772,0.06773964859841736
dataset/36-8/1.0MapBounded.png,0.8393699019467222,0.06470522613038211,0.02339319587120933
dataset/36-8/2.0MapBounded.png,0.8842489173810888,0.06470522613038211,0.06268075776611731
dataset/36-8/3.0MapBounded.png,0.6822250748586458,0.06470522613038267,0.08614785800507477
dataset/36-8/4.0MapBounded.png,0.8824314497856737,0.06470522613038103,0.09925520820502715
dataset/36-8/5.0MapBounded.png,0.9438573458154366,0.06470522613038211,0.11098027300820887
dataset/36-8/7.0MapBounded.png,0.9788537823028489,0.06470522613038267,0.1386905788354314
dataset/36-8/9.0MapBounded.png,0.699189380463037,0.06470522613037881,0.16504816101298256
dataset/36-8/10.0MapBounded.png,0.7044662429937835,0.06470522613038486,0.16690836132119113
dataset/36-8/11.0MapBounded.png,0.6369081569288936,0.06470522613038815,0.16690562412238566
dataset/36-8/12.0MapBounded.png,0.5848092959994549,0.06470522613038211,0.16690836132119113
dataset/36-8/13.0MapBounded.png,0.5876108655863692,0.06470522613038157,0.16691164595975772
dataset/36-8/14.0MapBounded.png,0.52562691981719,0.06470522613038432,0.16690562412238566
dataset/36-8/15.0MapBounded.png,0.2898608970261647,0.06470522613037938,0.16691000364047442
dataset/36-8/16.0MapBounded.png,0.23666269058211822,0.06470522613038211,0.1669138357188021
dataset/36-8/17.0MapBounded.png,0.4385613322086523,0.06470522613037717,0.16691055108023553
dataset/36-8/18.0MapBounded.png,0.1984665210605802,0.06470522613038211,0.16690179204405794
dataset/36-8/19.0MapBounded.png,0.30290829457555113,0.06470522613038046,0.16690452924286345
dataset/36-8/20.0MapBounded.png,0.43167963463740616,0.06470522613037992,0.16690945620071335
dataset/36-8/21.0MapBounded.png,0.45851035109712535,0.06470522613038211,0.16690945620071335
dataset/36-8/22.0MapBounded.png,0.5219207303495613,0.06470522613038267,0.16690726644166895
dataset/36-8/23.0MapBounded.png,0.6235785320945115,0.06470522613037663,0.16691219339951882
dataset/36-8/24.0MapBounded.png,0.6180540562583715,0.06470522613038046,0.1669171203573687
dataset/36-8/25.0MapBounded.png,0.6390411143860022,0.06470522613038046,0.1669171203573687
dataset/36-8/26.0MapBounded.png,0.6877550367924952,0.06470522613038486,0.16692368963450185
dataset/36-8/27.0MapBounded.png,0.7603011665538795,0.06470522613038103,0.16692806915259062
dataset/36-8/28.0MapBounded.png,0.7517028785477624,0.06470522613038046,0.1669340909899627
dataset/36-8/29.0MapBounded.png,0.7955124914936866,0.06470522613038157,0.1669362807490071
dataset/36-8/30.0MapBounded.png,0.8533399327743364,0.06470522613038707,0.1669756964118061
dataset/36-8/31.0MapBounded.png,0.7646512104021665,0.06470522613038157,0.16696310529730088
dataset/36-8/32.0MapBounded.png,0.7606315987142666,0.06470522613038211,0.1670381045445712
dataset/36-8/33.0MapBounded.png,0.7655001076609226,0.06470522613038157,0.1670348199060046
dataset/36-8/34.0MapBounded.png,0.7629037296879698,0.06470522613038157,0.16702989294815473
dataset/36-8/35.0MapBounded.png,0.7628012047498471,0.06470522613038103,0.16702496599030484
dataset/36-8/36.0MapBounded.png,0.7628012047498471,0.06470522613038103,0.16702441855054376
dataset/36-8/37.0MapBounded.png,0.6502383078475347,0.06470522613038211,0.16702441855054376
dataset/36-8/38.0MapBounded.png,0.8963208880127708,0.06470522613038157,0.17132455787396295
dataset/36-8/39.0MapBounded.png,0.995276564811374,0.06470522613038157,0.17152492082652457
dataset/36-8/40.0MapBounded.png,0.49254930812880865,0.06470522613038321,0.1778571565431369
dataset/36-8/41.0MapBounded.png,0.6575612487961372,0.06470522613038321,0.17785113470576483
dataset/37-0/0MapBounded.png,0.1560395214339963,0.020824326553856114,0.013808073094156903
dataset/37-0/1.0MapBounded.png,0.09582532911087614,0.020824326553856114,0.07566219682101732
dataset/37-0/2.0MapBounded.png,0.022847953249379795,0.020824326553855008,0.12325441989177116
dataset/37-0/3.0MapBounded.png,0.011011425089366547,0.020824326553856114,0.13369464357565755
dataset/37-0/4.0MapBounded.png,0.054246468043780076,0.020824326553856114,0.13365358559357524
dataset/37-0/5.0MapBounded.png,0.03339883076796477,0.020824326553856114,0.13482182204375687
dataset/37-0/6.0MapBounded.png,0.05651839365000576,0.020824326553856666,0.1387529869681965
dataset/37-0/7.0MapBounded.png,0.05651839365000576,0.020824326553856666,0.1387513446489132
dataset/37-0/8.0MapBounded.png,0.036496165611124814,0.020824326553856114,0.1387299944982304
dataset/37-1/0MapBounded.png,0.40178481455121356,0.0035283377404342377,0.008852100936943153
dataset/37-1/1.0MapBounded.png,0.3859567561783394,0.0035283377404336826,0.02403753247002083
dataset/37-1/2.0MapBounded.png,0.3920005217407503,0.0035283377404364603,0.041059076961818805
dataset/37-1/3.0MapBounded.png,0.3589779075146418,0.0035283377404342377,0.05862313425686421
dataset/37-1/4.0MapBounded.png,0.3372552614017919,0.0035283377404342377,0.08149024051765905
dataset/37-1/5.0MapBounded.png,0.34257577030957753,0.003528337740432571,0.08501465769960338
dataset/37-1/6.0MapBounded.png,0.23368822299144815,0.0035283377404347937,0.09153740245307758
dataset/37-1/7.0MapBounded.png,0.20781286971837334,0.0035283377404347937,0.10277469842912161
dataset/37-1/8.0MapBounded.png,0.12219852856740072,0.0035283377404342377,0.10277853050744928
dataset/37-1/9.0MapBounded.png,0.044033477306809087,0.0035283377404342377,0.10276703427246625
dataset/37-1/10.0MapBounded.png,0.1276808955573085,0.0035283377404342377,0.10276867659174954
dataset/37-1/11.0MapBounded.png,0.20209481459928152,0.0035283377404342377,0.102776888188166
dataset/37-1/12.0MapBounded.png,0.2756020816587999,0.0035283377404342377,0.10278181514601588
dataset/37-1/13.0MapBounded.png,0.25166859818348003,0.0035283377404397936,0.10278236258577698
dataset/37-1/14.0MapBounded.png,0.2509802394180222,0.0035283377404342377,0.10278400490506027
dataset/37-1/15.0MapBounded.png,0.25150409314682737,0.0035283377404336826,0.10296028050813359
dataset/37-1/16.0MapBounded.png,0.25150409314682737,0.0035283377404336826,0.10296028050813359
dataset/37-1/17.0MapBounded.png,0.2710688660414556,0.0035283377404342377,0.10296137538765579
dataset/37-1/18.0MapBounded.png,0.3194689173114629,0.0035283377404342377,0.10296247026717799
dataset/37-1/19.0MapBounded.png,0.3406712423155092,0.0035283377404375714,0.10689910958922859
dataset/37-2/0MapBounded.png,0.0858917056807384,0.023610387702605404,0.004464371251748386
dataset/37-2/1.0MapBounded.png,0.08176415232363872,0.02361038770260319,0.04074594141847117
dataset/37-2/2.0MapBounded.png,0.04755139104274411,0.023610387702605953,0.09419412761368272
dataset/37-2/3.0MapBounded.png,0.04483428841820581,0.02361038770260485,0.09463262686232164
dataset/37-2/4.0MapBounded.png,0.04823794804200771,0.023610387702602636,0.09779628124170286
dataset/37-2/5.0MapBounded.png,0.02245009918613249,0.02361038770260872,0.13872014058253065
dataset/37-2/6.0MapBounded.png,0.044800018976226735,0.023610387702605404,0.1561560969734793
dataset/37-2/7.0MapBounded.png,0.0882075164796792,0.02361038770260374,0.15951026038972238
dataset/37-2/8.0MapBounded.png,0.04610440878671777,0.02361038770260374,0.16185932440459086
dataset/37-3/0MapBounded.png,0.10199615711602572,0.03240450717479941,0.012326153660866543
dataset/37-3/1.0MapBounded.png,0.03348487397029267,0.032404507174797204,0.05428193695136272
dataset/37-3/2.0MapBounded.png,0.09619978002695596,0.032404507174801624,0.059980784864385496
dataset/37-3/3.0MapBounded.png,0.06626484128004075,0.032404507174799965,0.07794556806455409
dataset/37-3/4.0MapBounded.png,0.08456591747809261,0.03240450717479941,0.1081872353470905
dataset/37-3/5.0MapBounded.png,0.04101352477382786,0.032404507174799965,0.1265166134281499
dataset/37-3/6.0MapBounded.png,0.04176095377489022,0.03240450717479664,0.15194464289135787
dataset/37-3/7.0MapBounded.png,0.0843341625602491,0.0324045071747983,0.17312891932653962
dataset/37-3/8.0MapBounded.png,0.09629637272472706,0.03240450717479609,0.18122391107388522
dataset/37-3/9.0MapBounded.png,0.020949675530182888,0.032404507174798855,0.18123212267030167
dataset/37-3/10.0MapBounded.png,0.020949675530182888,0.032404507174798855,0.18123212267030167
dataset/37-3/11.0MapBounded.png,0.05043661309656753,0.03240450717479223,0.18133887342371566
dataset/37-4/0MapBounded.png,0.037589264653308446,0.03946989664045611,0.011896413448405172
dataset/37-4/1.0MapBounded.png,0.046713674366183455,0.039469896640455006,0.03027232390915785
dataset/37-4/2.0MapBounded.png,0.02953681901686751,0.039469896640455006,0.04555519971971085
dataset/37-4/3.0MapBounded.png,0.10758664424071487,0.039469896640455554,0.057883543139621775
dataset/37-4/4.0MapBounded.png,0.09070023701971387,0.039469896640455554,0.06979528490133767
dataset/37-4/5.0MapBounded.png,0.0844538806713362,0.039469896640455554,0.0809345891601453
dataset/37-4/6.0MapBounded.png,0.02063178655730946,0.03946989664045611,0.09225400110035392
dataset/37-4/7.0MapBounded.png,0.07000499367307854,0.039469896640455554,0.09980210052636335
dataset/37-4/8.0MapBounded.png,0.0779138676273955,0.03946989664045611,0.11410998612240206
dataset/37-4/9.0MapBounded.png,0.05196557678699028,0.0394698966404528,0.1339284003536461
dataset/37-4/10.0MapBounded.png,0.036996294237330425,0.03946989664045942,0.1392982369702494
dataset/37-4/11.0MapBounded.png,0.02812479256065374,0.039469896640455006,0.1404659259806699
dataset/37-4/12.0MapBounded.png,0.02812479256065374,0.039469896640455006,0.14047851709517514
dataset/37-4/13.0MapBounded.png,0.02812479256065374,0.039469896640455006,0.14047906453493625
dataset/37-4/14.0MapBounded.png,0.02812479256065374,0.039469896640455006,0.14047961197469733
dataset/37-4/15.0MapBounded.png,0.14876217134859274,0.039469896640453896,0.1405108160410799
dataset/37-4/16.0MapBounded.png,0.09994189269755877,0.039469896640455554,0.14104511724791086
dataset/38-1/0MapBounded.png,0.12923120644148942,0.036582131281603446,0.0022680429302260655
dataset/38-1/1.0MapBounded.png,0.06959741901149497,0.036582131281603446,0.042369647749885726
dataset/38-1/2.0MapBounded.png,0.051472745666751196,0.03658213128160179,0.06951499574365586
dataset/38-1/3.0MapBounded.png,0.008349990841854463,0.03658213128160068,0.09635049283264494
dataset/38-1/4.0MapBounded.png,0.13776610300216308,0.03658213128160454,0.11144012240753058
dataset/38-1/5.0MapBounded.png,0.03979439876007533,0.036582131281603994,0.13173645155021255
dataset/38-1/6.0MapBounded.png,0.010097536854267676,0.036582131281603994,0.1334444636048361
dataset/39-1/0MapBounded.png,0.022451646776694135,0.013092596226942728,0.005595929237936481
dataset/39-1/1.0MapBounded.png,0.004035099950259809,0.013092596226944392,0.024563074640674233
dataset/39-1/2.0MapBounded.png,0.003669004246151905,0.013092596226944392,0.024574023435896177
dataset/39-2/0MapBounded.png,0.2583108313051147,0.03660542647600845,0.0032003328433747474
dataset/39-2/1.0MapBounded.png,0.135047826907769,0.036605426476007896,0.02728275537380556
dataset/39-2/2.0MapBounded.png,0.18017545504324511,0.036605426476007896,0.04704149867108998
dataset/39-2/3.0MapBounded.png,0.15696369424705053,0.03660542647600735,0.073505284162294
dataset/39-2/4.0MapBounded.png,0.10764889729496917,0.036605426476007896,0.07363010042782418
dataset/39-2/5.0MapBounded.png,0.027399888136234563,0.03660542647600845,0.09532404328058752
dataset/39-2/6.0MapBounded.png,0.08530967312655616,0.036605426476007896,0.1036631931613825
dataset/39-2/7.0MapBounded.png,0.1255043679533914,0.036605426476009006,0.11885300421254898
dataset/39-2/8.0MapBounded.png,0.10814218106933869,0.0366054264760057,0.13196582881011232
dataset/39-2/9.0MapBounded.png,0.14381827673870537,0.036605426476015085,0.1344331398133778
dataset/39-2/10.0MapBounded.png,0.13609469568279578,0.03660542647600956,0.13479280773641872
dataset/39-2/11.0MapBounded.png,0.07980104450439048,0.036605426476010665,0.1349564922249868
dataset/39-2/12.0MapBounded.png,0.0596450492037229,0.03660542647600735,0.13571743349291204
dataset/39-2/13.0MapBounded.png,0.0596450492037229,0.03660542647600735,0.13571743349291204
dataset/39-2/14.0MapBounded.png,0.008943803358551224,0.036605426476006245,0.13568951406509608
dataset/39-2/15.0MapBounded.png,0.0478807277200803,0.0366054264760057,0.1356878717458128
dataset/39-3/0MapBounded.png,0.005845523450387597,0.015675105407647934,0.0208946808015613
dataset/39-3/1.0MapBounded.png,0.00041302946056102804,0.015675105407648486,0.042243189165072255
dataset/39-4/0MapBounded.png,0.19818906220098578,0.08311684976155137,0.0018142153682764136
dataset/39-4/1.0MapBounded.png,0.14273130076484428,0.08311684976155466,0.024080780211147523
dataset/39-4/2.0MapBounded.png,0.12439779505247034,0.08311684976155193,0.059058348866936554
dataset/39-4/3.0MapBounded.png,0.08477226697676524,0.08311684976154918,0.07551000856743226
dataset/39-4/4.0MapBounded.png,0.11277861532628844,0.08311684976155193,0.10917536411587112
dataset/39-4/5.0MapBounded.png,0.12282563734187311,0.08311684976155027,0.11679134607225658
dataset/39-4/6.0MapBounded.png,0.13045951407131356,0.08311684976155137,0.12393379263529292
dataset/39-4/7.0MapBounded.png,0.09006499456106205,0.08311684976154754,0.12386098314706698
dataset/39-4/8.0MapBounded.png,0.10116345914591032,0.08311684976155027,0.12508232125407504
dataset/39-4/9.0MapBounded.png,0.10116345914591032,0.08311684976155027,0.12506863526004758
dataset/39-4/10.0MapBounded.png,0.026621920842873577,0.08311684976155193,0.12937534386059996
dataset/39-4/11.0MapBounded.png,0.037478395595330324,0.08311684976155137,0.1318924718821253
dataset/39-4/12.0MapBounded.png,0.037478395595330324,0.08311684976155137,0.1318924718821253
dataset/39-4/13.0MapBounded.png,0.028720328978645737,0.08311684976155193,0.1319477632979961
dataset/39-4/14.0MapBounded.png,0.1317670502799851,0.08311684976155027,0.13197294552700659
dataset/39-4/15.0MapBounded.png,0.18555566423287478,0.08311684976155412,0.1319521428160849
dataset/39-4/16.0MapBounded.png,0.16464226845437824,0.08311684976155247,0.13195816465345694
dataset/39-6/0MapBounded.png,0.11590496415520041,0.015262026484593188,0.0026277108532669837
dataset/39-6/1.0MapBounded.png,0.1348719134407567,0.015262026484593188,0.020976249325964796
dataset/39-6/2.0MapBounded.png,0.12558895177024013,0.015262026484592631,0.047158103340203705
dataset/39-6/3.0MapBounded.png,0.08591201590192546,0.015262026484589864,0.05906820278263631
dataset/39-6/4.0MapBounded.png,0.03188928150216227,0.01526202648459485,0.08662303571770723
dataset/39-6/5.0MapBounded.png,0.04165068482340951,0.015262026484591523,0.12592209384759825
dataset/39-6/6.0MapBounded.png,0.050699806246445094,0.015262026484593188,0.13367219854545256
dataset/39-6/7.0MapBounded.png,0.046452388347740306,0.015262026484592078,0.1338665396606421
dataset/39-6/8.0MapBounded.png,0.04658702101088001,0.015262026484590971,0.13383369327497624
dataset/39-6/9.0MapBounded.png,0.07644910188155567,0.01526202648459485,0.13383205095569298
dataset/39-6/10.0MapBounded.png,0.08675774074872686,0.015262026484594295,0.133826576558082
dataset/4-0/0MapBounded.png,0.7297063266475541,0.1845864414480952,0.0035528840495214005
dataset/4-0/1.0MapBounded.png,0.6866383886646001,0.1845864414480946,0.08277672395623768
dataset/4-0/2.0MapBounded.png,0.6165389285711443,0.18458644144809572,0.14507920084743675
dataset/4-0/3.0MapBounded.png,0.5623999676375608,0.18458644144809572,0.17899254660765268
dataset/4-0/4.0MapBounded.png,0.5268761417286392,0.18458644144809627,0.2030120135655573
dataset/4-0/5.0MapBounded.png,0.46461707866507745,0.18458644144809627,0.2315385520765758
dataset/4-0/6.0MapBounded.png,0.5466689018219125,0.18458644144809247,0.23451388717813965
dataset/4-0/7.0MapBounded.png,0.5054308216249808,0.18458644144809086,0.2347936288960603
dataset/4-0/8.0MapBounded.png,0.6446495390082383,0.18458644144809572,0.24102458825686976
dataset/4-0/9.0MapBounded.png,0.48468846342132726,0.18458644144809247,0.24103717937137492
dataset/4-0/10.0MapBounded.png,0.4336043474560273,0.18458644144808925,0.24101254458212557
dataset/4-0/11.0MapBounded.png,0.2768571759619512,0.18458644144809627,0.24102294593758633
dataset/4-0/12.0MapBounded.png,0.1102437734635372,0.18458644144809086,0.2410344421725694
dataset/4-0/13.0MapBounded.png,0.25421502839445637,0.18458644144809142,0.24114119292598343
dataset/4-0/14.0MapBounded.png,0.32748074130974064,0.1845864414480952,0.24114611988383322
dataset/4-0/15.0MapBounded.png,0.4832956616345848,0.18458644144809944,0.24118444066711012
dataset/4-0/16.0MapBounded.png,0.56669929446231,0.1845864414480941,0.24116856491403832
dataset/4-0/17.0MapBounded.png,0.56669929446231,0.1845864414480941,0.24119976898042084
dataset/4-0/18.0MapBounded.png,0.5645320054827764,0.18458644144809352,0.24122276145038699
dataset/4-0/19.0MapBounded.png,0.5621258368620903,0.1845864414480941,0.24131692108929567
dataset/4-0/20.0MapBounded.png,0.5099812116861394,0.1845864414480952,0.2413596213906613
dataset/4-0/21.0MapBounded.png,0.494332775778448,0.1845864414480952,0.2413913728968049
dataset/4-0/22.0MapBounded.png,0.4468157892896135,0.1845864414480952,0.24141710256557647
dataset/4-0/23.0MapBounded.png,0.44237236546219205,0.18458644144809835,0.24142421928247074
dataset/4-0/24.0MapBounded.png,0.34018362350914044,0.1845864414480952,0.241391920336566
dataset/4-0/25.0MapBounded.png,0.26011756306210865,0.18458644144809194,0.2437229188393183
dataset/4-0/26.0MapBounded.png,0.3839352173638296,0.1845864414480952,0.2437081379657686
dataset/4-0/27.0MapBounded.png,0.43719557513531304,0.1845864414480946,0.2437075905260075
dataset/4-0/28.0MapBounded.png,0.4085992196152538,0.1845864414480952,0.2437574075442674
dataset/4-0/29.0MapBounded.png,0.16421332302259908,0.18458644144809352,0.2732343014805509
dataset/4-0/30.0MapBounded.png,0.08191923903736793,0.18458644144809627,0.28850184897779313
dataset/4-0/31.0MapBounded.png,0.050428190271355346,0.1845864414480946,0.32114896657059105
dataset/4-0/32.0MapBounded.png,0.2302854418095767,0.1845864414480952,0.34200915866720316
dataset/4-0/33.0MapBounded.png,0.26461071908715333,0.18458644144809352,0.36562899459950676
dataset/4-0/34.0MapBounded.png,0.2190387252279665,0.18458644144809194,0.3721446226360867
dataset/4-0/35.0MapBounded.png,0.07133603269826541,0.18458644144809996,0.39630259185354894
dataset/4-0/36.0MapBounded.png,0.1629279565158739,0.18458644144809785,0.4443656131188465
dataset/4-0/37.0MapBounded.png,0.12945894885010104,0.18458644144809835,0.45114839175884186
dataset/4-0/38.0MapBounded.png,0.11355241569690945,0.1845864414480946,0.46639239934635707
dataset/4-0/39.0MapBounded.png,0.11324951461856993,0.18458644144809627,0.4680719445334035
dataset/4-0/40.0MapBounded.png,0.11205195760729478,0.18458644144809727,0.46809274724432515
dataset/4-0/41.0MapBounded.png,0.11140124114499211,0.18458644144809727,0.468097674202175
dataset/4-0/42.0MapBounded.png,0.11096307100540183,0.18458644144809627,0.46810041140098047
dataset/4-0/43.0MapBounded.png,0.11096307100540183,0.18458644144809627,0.4681036960395471
dataset/4-0/44.0MapBounded.png,0.11096307100540183,0.18458644144809627,0.468148038660196
dataset/4-0/45.0MapBounded.png,0.11096307100540183,0.18458644144809627,0.4681447540216294
dataset/4-0/46.0MapBounded.png,0.11096307100540183,0.18458644144809627,0.4681458489011515
dataset/4-0/47.0MapBounded.png,0.11096307100540183,0.18458644144809627,0.468148038660196
dataset/4-0/48.0MapBounded.png,0.11096307100540183,0.18458644144809627,0.46815077585900144
dataset/4-0/49.0MapBounded.png,0.11096307100540183,0.18458644144809627,0.4681513232987625
dataset/4-0/50.0MapBounded.png,0.28466042364443384,0.18458644144809835,0.47415016820086664
dataset/4-0/51.0MapBounded.png,0.11063474345694324,0.1845864414480952,0.4790234769541547
dataset/4-0/52.0MapBounded.png,0.28406358730438597,0.1845864414480952,0.479036615508421
dataset/4-0/53.0MapBounded.png,0.218048903339259,0.18458644144809727,0.5017126652925927
dataset/4-0/54.0MapBounded.png,0.13321301177456626,0.18458644144809835,0.5056252172651552
dataset/4-0/55.0MapBounded.png,0.12537778867702054,0.1845864414480952,0.5071865154638048
dataset/4-1/0MapBounded.png,0.15964958490283257,0.044537991626620664,0.005634250021213291
dataset/4-1/1.0MapBounded.png,0.18542320249873886,0.044537991626616806,0.06644440612366118
dataset/4-1/2.0MapBounded.png,0.09796945102806943,0.04453799162661956,0.0936937676720398
dataset/4-1/3.0MapBounded.png,0.09759921059180891,0.04453799162661956,0.14621130627338597
dataset/4-1/4.0MapBounded.png,0.11757763121377433,0.044537991626620664,0.1942721377796391
dataset/4-1/5.0MapBounded.png,0.04267337843905642,0.044537991626620664,0.19734382227915598
dataset/4-2/0MapBounded.png,0.21190741040960648,0.08323753980639169,0.006588437524805865
dataset/4-2/1.0MapBounded.png,0.0769833015302799,0.08323753980639005,0.06670553488970458
dataset/4-2/2.0MapBounded.png,0.04021215170884039,0.08323753980639279,0.098275291032663
dataset/4-2/3.0MapBounded.png,0.05957491392836226,0.08323753980638841,0.10534492810747338
dataset/4-2/4.0MapBounded.png,0.1049584861336075,0.08323753980639444,0.1179984507454761
dataset/4-2/5.0MapBounded.png,0.046228741589172714,0.08323753980638841,0.12791860665632007
dataset/41-0/0MapBounded.png,0.024060378147992775,0.04588597242034369,0.003936091882289503
dataset/41-0/1.0MapBounded.png,0.025996746175203752,0.04588597242034425,0.06531175325795088
dataset/41-0/2.0MapBounded.png,0.05963640903353917,0.045885972420349204,0.08769163813136913
dataset/41-0/3.0MapBounded.png,0.03028582772408982,0.04588597242034039,0.10421774963937407
dataset/41-0/4.0MapBounded.png,0.007772158946197935,0.04588597242034369,0.10433380686872669
dataset/41-2/0MapBounded.png,0.13661687563694755,0.0685281450253351,0.0037412033273388685
dataset/41-2/1.0MapBounded.png,0.0923495334457815,0.06852814502533565,0.04835699641700677
dataset/41-2/2.0MapBounded.png,0.10696446613195322,0.0685281450253373,0.06451468096579323
dataset/41-2/3.0MapBounded.png,0.011055471960218024,0.0685281450253373,0.06576393850061724
dataset/41-2/4.0MapBounded.png,0.04259887062164257,0.06852814502533784,0.06575572690420078
dataset/41-2/5.0MapBounded.png,0.07786793184841119,0.0685281450253329,0.0721514656331004
dataset/41-2/6.0MapBounded.png,0.0680970302938165,0.06852814502533454,0.07617295811812108
dataset/41-2/7.0MapBounded.png,0.0680970302938165,0.06852814502533454,0.07617295811812108
dataset/41-2/8.0MapBounded.png,0.018308430181656933,0.0685281450253351,0.07625397920276349
dataset/5-0/0MapBounded.png,0.03303857445665894,0.020448566231236538,0.007832220662018904
dataset/5-0/1.0MapBounded.png,0.02920572026187502,0.020448566231237093,0.08412068856973151
dataset/5-0/2.0MapBounded.png,0.007175426624017657,0.02044856623123543,0.1294629342223755
dataset/5-2/0MapBounded.png,0.1337494459278502,0.009630346880076716,0.011080180764609114
dataset/5-2/1.0MapBounded.png,0.08389410705377508,0.009630346880074496,0.04247037666592763
dataset/5-2/2.0MapBounded.png,0.033826425241408484,0.009630346880077825,0.07618007483501534
dataset/5-2/3.0MapBounded.png,0.0464545567415833,0.009630346880076161,0.09939808998267353
dataset/5-2/4.0MapBounded.png,0.047398247142977426,0.009630346880073939,0.12190607576018855
dataset/5-2/5.0MapBounded.png,0.04803361389350078,0.009630346880074496,0.12834396735069267
dataset/5-3/0MapBounded.png,0.1701807536187087,0.027149345396187224,0.003742298206861063
dataset/5-3/1.0MapBounded.png,0.1787727549457416,0.027149345396186117,0.03068837812759179
dataset/5-3/2.0MapBounded.png,0.1635807341946816,0.027149345396187224,0.041855601814215375
dataset/5-3/3.0MapBounded.png,0.09655709011394588,0.027149345396188882,0.05298122007899556
dataset/5-3/4.0MapBounded.png,0.06937232274934688,0.027149345396186672,0.0898556675069867
dataset/5-3/5.0MapBounded.png,0.03867095142478833,0.027149345396186672,0.11536252829579266
dataset/5-3/6.0MapBounded.png,0.08129632196217768,0.0271493453961911,0.1279103950599036
dataset/5-3/7.0MapBounded.png,0.0512296462012273,0.027149345396187782,0.12789889882492056
dataset/5-3/8.0MapBounded.png,0.062020643192948526,0.027149345396182245,0.12798813150597943
dataset/5-3/9.0MapBounded.png,0.061124351911944985,0.027149345396188327,0.12889469175035653
dataset/5-3/10.0MapBounded.png,0.0700662136340207,0.027149345396190544,0.12889469175035653
dataset/5-3/11.0MapBounded.png,0.1466597578237965,0.02714934539618501,0.12889359687083435
dataset/50010535_PLAN1/0MapBounded.png,0.0948347052593251,0.03926518290670762,0.015465173250998394
dataset/50010535_PLAN1/1.0MapBounded.png,0.04775902088327797,0.039265182906708176,0.1023520749335545
dataset/50010535_PLAN1/2.0MapBounded.png,0.04051694681406443,0.03926518290670762,0.1034639250883431
dataset/50010535_PLAN1/3.0MapBounded.png,0.0401668916953577,0.03926518290670762,0.10333418186496304
dataset/50010535_PLAN1/4.0MapBounded.png,0.05208370472221639,0.03926518290670873,0.10668944016072832
dataset/50010535_PLAN1/5.0MapBounded.png,0.009947447664759818,0.03926518290670652,0.15536997347654358
dataset/50010535_PLAN2/0MapBounded.png,0.2962382591133529,0.014891985447871408,0.02349720942581781
dataset/50010535_PLAN2/1.0MapBounded.png,0.28003165460430723,0.014891985447869188,0.1013863911949789
dataset/50010535_PLAN2/2.0MapBounded.png,0.2530464903701819,0.014891985447871408,0.1269009161404402
dataset/50010535_PLAN2/3.0MapBounded.png,0.265823758678965,0.014891985447874179,0.12798758406621832
dataset/50010535_PLAN2/4.0MapBounded.png,0.18550698272151486,0.014891985447870296,0.13823291919515407
dataset/50010535_PLAN2/5.0MapBounded.png,0.13505509708901497,0.014891985447866418,0.15891738312845402
dataset/50010535_PLAN2/6.0MapBounded.png,0.12010627737970836,0.014891985447869188,0.18572331847034385
dataset/50010535_PLAN2/7.0MapBounded.png,0.11096816972801139,0.014891985447871408,0.2114661257961827
dataset/50010535_PLAN2/8.0MapBounded.png,0.09901055294211696,0.014891985447871408,0.2354357757358275
dataset/50010535_PLAN2/9.0MapBounded.png,0.1578115772755097,0.014891985447871408,0.25006500847163027
dataset/50010535_PLAN2/10.0MapBounded.png,0.17692313504731408,0.014891985447870851,0.2596769557969764
dataset/50010535_PLAN2/11.0MapBounded.png,0.08042352173441739,0.014891985447875842,0.26260137900075814
dataset/50010535_PLAN2/12.0MapBounded.png,0.04416688402873622,0.014891985447871408,0.26629440762912043
dataset/50010535_PLAN2/13.0MapBounded.png,0.08848714222424833,0.014891985447870296,0.31360524666267037
dataset/50010535_PLAN2/14.0MapBounded.png,0.10040877920728623,0.01489198544787196,0.3247856089035603
dataset/50010535_PLAN2/15.0MapBounded.png,0.013127904856035521,0.014891985447870851,0.3309672986858709
dataset/50010535_PLAN2/16.0MapBounded.png,0.01934292842153604,0.014891985447870851,0.33466361195279976
dataset/50010535_PLAN2/17.0MapBounded.png,0.02442489871050162,0.014891985447871408,0.3346641593925609
dataset/50010535_PLAN2/18.0MapBounded.png,0.0055004947954569675,0.014891985447871408,0.3350331337915404
dataset/50010535_PLAN2/19.0MapBounded.png,0.06021496272587336,0.014891985447875287,0.3363157851517914
dataset/50010535_PLAN2/20.0MapBounded.png,0.05763633215436365,0.014891985447870851,0.3369645012686917
dataset/50010535_PLAN2/21.0MapBounded.png,0.05763633215436365,0.014891985447870851,0.3369645012686917
dataset/50010535_PLAN2/22.0MapBounded.png,0.045128383615797504,0.014891985447872517,0.3372223453961685
dataset/50010535_PLAN2/23.0MapBounded.png,0.08678556998747387,0.014891985447871408,0.3460717091343062
dataset/50010535_PLAN2/24.0MapBounded.png,0.10802948488205166,0.014891985447871408,0.3641667829976159
dataset/50010535_PLAN2/25.0MapBounded.png,0.08539834167531953,0.014891985447871408,0.3741597483966858
dataset/50010535_PLAN2/26.0MapBounded.png,0.07725686196204577,0.014891985447871408,0.3854572627464506
dataset/50010535_PLAN2/27.0MapBounded.png,0.1153753383868975,0.014891985447870851,0.4620178082154286
dataset/50010535_PLAN2/28.0MapBounded.png,0.08766163117016477,0.014891985447874179,0.4702595138187482
dataset/50010535_PLAN2/29.0MapBounded.png,0.11741716470023227,0.014891985447870296,0.5146191051002226
dataset/50010535_PLAN2/30.0MapBounded.png,0.09322400559382828,0.014891985447871408,0.517474550894106
dataset/50010535_PLAN2/31.0MapBounded.png,0.09425491356382205,0.014891985447869745,0.5174707188157783
dataset/50010535_PLAN2/32.0MapBounded.png,0.08483493116118851,0.014891985447872517,0.5174822150507615
dataset/50010535_PLAN2/33.0MapBounded.png,0.059896472684663464,0.014891985447872517,0.5174756457736283
dataset/50010535_PLAN2/34.0MapBounded.png,0.06543078389190686,0.014891985447870296,0.5516117995166108
dataset/50010535_PLAN2/35.0MapBounded.png,0.14923087370373458,0.014891985447863092,0.5814565729723516
dataset/50010535_PLAN2/36.0MapBounded.png,0.1567421380503819,0.014891985447867524,0.5850773395522492
dataset/50010535_PLAN2/37.0MapBounded.png,0.15372587444774277,0.014891985447872517,0.5876689193812836
dataset/50010535_PLAN2/38.0MapBounded.png,0.20381592924455239,0.014891985447870296,0.5880904479973285
dataset/50010535_PLAN2/39.0MapBounded.png,0.26859181875397065,0.014891985447869188,0.5886285812824871
dataset/50010535_PLAN2/40.0MapBounded.png,0.26702152122486145,0.014891985447871408,0.5886532160717366
dataset/50010539/0MapBounded.png,0.07303280561584527,0.02247731871398799,0.001992680730394129
dataset/50010539/1.0MapBounded.png,0.088178206446152,0.022477318713991314,0.009083667955887305
dataset/50010539/2.0MapBounded.png,0.033142333227013994,0.02247731871398578,0.0212171228208476
dataset/50010539/3.0MapBounded.png,0.04125983254711838,0.02247731871398799,0.030064844239701974
dataset/50010539/4.0MapBounded.png,0.046129851294528255,0.02247731871398854,0.04665664851903859
dataset/50010539/5.0MapBounded.png,0.046534469124836254,0.02247731871398965,0.04664022532620567
dataset/50010540/0MapBounded.png,0.05144915026426579,0.0069278662769421,0.00487330875328806
dataset/50010540/1.0MapBounded.png,0.11737893438136299,0.006927866276942653,0.04491414775946592
dataset/50010540/2.0MapBounded.png,0.039827994391003936,0.006927866276935436,0.09850083621423508
dataset/50010540/3.0MapBounded.png,0.028944341645681625,0.0069278662769421,0.11517420901797519
dataset/50010540/4.0MapBounded.png,0.03346858067801798,0.0069278662769421,0.11703550420570596
dataset/50010540/5.0MapBounded.png,0.03346858067801798,0.0069278662769421,0.11969496656511659
dataset/50010540/6.0MapBounded.png,0.01915024750217972,0.006927866276940988,0.12311974971054122
dataset/50015847/0MapBounded.png,0.40985450224568715,0.01156212786647204,0.006519460114907606
dataset/50015847/1.0MapBounded.png,0.39689663927943303,0.011562127866471483,0.08867812458086644
dataset/50015847/2.0MapBounded.png,0.40860625832980907,0.011562127866471483,0.10180354029293502
dataset/50015847/3.0MapBounded.png,0.38643479003358583,0.01156212786647315,0.1782989404303424
dataset/50015847/4.0MapBounded.png,0.359065810316592,0.01156212786647204,0.2672557118496074
dataset/50015847/5.0MapBounded.png,0.32478034791823607,0.01156212786647648,0.3039757812649691
dataset/50015847/6.0MapBounded.png,0.3153016492135245,0.011562127866474259,0.3386281707026663
dataset/50015847/7.0MapBounded.png,0.2890483385292171,0.011562127866475924,0.34488157509368067
dataset/50015847/8.0MapBounded.png,0.24235090011228583,0.01156212786647204,0.38279561062799555
dataset/50015847/9.0MapBounded.png,0.22609630343942042,0.01156212786647204,0.3838204178607697
dataset/50015847/10.0MapBounded.png,0.21143817909271137,0.01156212786647204,0.4564897615078681
dataset/50015847/11.0MapBounded.png,0.18457511909378976,0.011562127866469266,0.4668527961854398
dataset/50015847/12.0MapBounded.png,0.15942780759141428,0.011562127866471483,0.4784585191207023
dataset/50015847/13.0MapBounded.png,0.22731101874718318,0.011562127866469823,0.5096965267684357
dataset/50015847/14.0MapBounded.png,0.21801278495872276,0.011562127866473704,0.530090300188593
dataset/50015847/15.0MapBounded.png,0.22255402960100468,0.01156212786647204,0.5607534960871744
dataset/50015847/16.0MapBounded.png,0.20104360827879864,0.01156212786647204,0.5871723915179684
dataset/50015847/17.0MapBounded.png,0.21060711270341909,0.011562127866470932,0.6160334157230174
dataset/50015847/18.0MapBounded.png,0.23905382461369049,0.011562127866474259,0.683571606489351
dataset/50015847/19.0MapBounded.png,0.1876582988168414,0.011562127866469823,0.6943238708370628
dataset/50015847/20.0MapBounded.png,0.13962094586843088,0.011562127866474816,0.7025945907477207
dataset/50015847/21.0MapBounded.png,0.1556452850264341,0.011562127866472595,0.7073824988982775
dataset/50015847/22.0MapBounded.png,0.12317217336848929,0.01156212786647315,0.7101175079447196
dataset/50015847/23.0MapBounded.png,0.0852795801957616,0.011562127866473704,0.7260573114685893
dataset/50015847/24.0MapBounded.png,0.1094735876885652,0.01156212786647315,0.73140087097666
dataset/50015847/25.0MapBounded.png,0.14775075521590605,0.011562127866472595,0.7329577896572206
dataset/50015847/26.0MapBounded.png,0.14391503304075845,0.01156212786647204,0.7523398943988702
dataset/50015847/27.0MapBounded.png,0.15099794346830428,0.01156212786647204,0.7523776677423859
dataset/50015847/28.0MapBounded.png,0.15944953271899684,0.01156212786647204,0.7523847844592801
dataset/50015847/29.0MapBounded.png,0.11199630440051189,0.01156212786647204,0.7920966121690385
dataset/50015847/30.0MapBounded.png,0.13962958103872447,0.011562127866470932,0.876054163689963
dataset/50015847/31.0MapBounded.png,0.16525863352181708,0.011562127866477588,0.8905010989853205
dataset/50015847/32.0MapBounded.png,0.1588254212621638,0.011562127866471483,0.9268801134295186
dataset/50015847/33.0MapBounded.png,0.16148582852771157,0.01156212786647204,0.9346554003563833
dataset/50015847/34.0MapBounded.png,0.15548579428266668,0.01156212786647204,0.9538524704587821
dataset/50015847/35.0MapBounded.png,0.16030431353107885,0.011562127866472595,0.9713946301633835
dataset/50015847/36.0MapBounded.png,0.14799071244029072,0.011562127866473704,0.979028130192124
dataset/50015847/37.0MapBounded.png,0.1745818470421086,0.011562127866474816,0.9849459540095857
dataset/50015847/38.0MapBounded.png,0.15924699168954218,0.011562127866471483,0.9861130955802452
dataset/50015847/39.0MapBounded.png,0.17932693898772692,0.011562127866470932,0.9893763839961461
dataset/50015847/40.0MapBounded.png,0.13299123156193896,0.011562127866474259,0.9910093968034993
dataset/50015847/41.0MapBounded.png,0.13223726602070726,0.01156212786647315,0.9926998907857677
dataset/50015847/42.0MapBounded.png,0.146103772186805,0.01156212786647204,0.996274672425733
dataset/50015847/43.0MapBounded.png,0.16907992068704972,0.01156212786647315,0.9962336144436507
dataset/50015847/44.0MapBounded.png,0.16083882229222532,0.01156212786647315,0.9979832319201176
dataset/50015847/45.0MapBounded.png,0.1725071212678231,0.011562127866472595,0.9989680760503317
dataset/50015847/46.0MapBounded.png,0.18743002823492727,0.011562127866467048,0.9995281069259342
dataset/50015847/47.0MapBounded.png,0.16306499269858002,0.011562127866472595,0.999673178462625
dataset/50015847/48.0MapBounded.png,0.1305102754224133,0.01156212786647204,0.9996879593361747
dataset/50015847/49.0MapBounded.png,0.12247352169868564,0.01156212786647204,0.9999222635539243
dataset/50015847/50.0MapBounded.png,0.12022887121004602,0.01156212786647204,0.9999200737948798
dataset/50015847/51.0MapBounded.png,0.12278627069551186,0.01156212786647204,0.99991514683703
dataset/50015847/52.0MapBounded.png,0.12084786395647112,0.01156212786647204,0.9999250007527297
dataset/50015847/53.0MapBounded.png,0.11994256402868207,0.01156212786647204,0.9999304751503406
dataset/50015847/54.0MapBounded.png,0.1214170566925285,0.01156212786647204,0.999932664909385
dataset/50015847/55.0MapBounded.png,0.11706403857660165,0.01156212786647204,0.9999348546684295
dataset/50015847/56.0MapBounded.png,0.12058750785656464,0.01156212786647204,0.9999348546684295
dataset/50015847/57.0MapBounded.png,0.11746562521592249,0.01156212786647204,0.9999359495479517
dataset/50015847/58.0MapBounded.png,0.11406928571407908,0.01156212786647204,0.9999354021081905
dataset/50015847/59.0MapBounded.png,0.1159461973681993,0.01156212786647204,0.999937591867235
dataset/50015847/60.0MapBounded.png,0.11932244732106687,0.01156212786647204,0.9999397816262794
dataset/50015847/61.0MapBounded.png,0.11477184103176949,0.01156212786647204,0.9999414239455626
dataset/50015847/62.0MapBounded.png,0.11947852854373223,0.01156212786647204,0.9999397816262794
dataset/50015847/63.0MapBounded.png,0.1165257553404613,0.01156212786647204,0.999948540662457
dataset/50015847/64.0MapBounded.png,0.11682110626242645,0.01156212786647204,0.9999567522588735
dataset/50015847/65.0MapBounded.png,0.11846308119811914,0.01156212786647204,0.9999594894576789
dataset/50015847/66.0MapBounded.png,0.11552061339288232,0.01156212786647204,0.999966058734812
dataset/50015847/67.0MapBounded.png,0.12043306694897705,0.01156212786647204,0.9999731754517064
dataset/50015847/68.0MapBounded.png,0.11710353165691709,0.01156212786647204,0.9999781024095562
dataset/50015847/69.0MapBounded.png,0.11879347570690522,0.01156212786647204,0.9999797447288394
dataset/50015847/70.0MapBounded.png,0.11972418837451981,0.01156212786647204,0.9999846716866894
dataset/50015847/71.0MapBounded.png,0.11605165624024884,0.01156212786647204,0.9999802921686006
dataset/50015847/72.0MapBounded.png,0.12249827695160602,0.01156212786647204,0.999970985692662
dataset/50015847/73.0MapBounded.png,0.11867988845523215,0.01156212786647204,0.9999753652107508
dataset/50015847/74.0MapBounded.png,0.11500458974366473,0.01156212786647204,0.9999720805721841
dataset/50015847/75.0MapBounded.png,0.11734326617254959,0.01156212786647204,0.9999802921686006
dataset/50015847/76.0MapBounded.png,0.11753950957843304,0.01156212786647204,0.9999841242469283
dataset/50015847/77.0MapBounded.png,0.11618632125541196,0.01156212786647204,0.9999928832831059
dataset/50015847/78.0MapBounded.png,0.11961027555585123,0.01156212786647204,0.9999917884035837
dataset/50015847/79.0MapBounded.png,0.11672296597435626,0.01156212786647204,0.9999950730421501
dataset/50015847/80.0MapBounded.png,0.12051671119214243,0.01156212786647204,0.9999972628011946
dataset/50015847/81.0MapBounded.png,0.11824090547417586,0.01156212786647204,1.0
dataset/50015848/0MapBounded.png,0.3021154965816791,0.002409637098432932,0.010819599438326806
dataset/50015848/1.0MapBounded.png,0.2886980984407294,0.002409637098432932,0.07949646490774272
dataset/50015848/2.0MapBounded.png,0.3152092967176594,0.0024096370984334876,0.1259116924921374
dataset/50015848/3.0MapBounded.png,0.3447342900285235,0.0024096370984340435,0.18592970326027752
dataset/50015848/4.0MapBounded.png,0.3529761968350334,0.002409637098431821,0.22865628173439867
dataset/50015848/5.0MapBounded.png,0.35229803890472533,0.00240963709843071,0.251588533326764
dataset/50015848/6.0MapBounded.png,0.34489888012745135,0.002409637098431821,0.2563846530737375
dataset/50015848/7.0MapBounded.png,0.3083512633622385,0.0024096370984334876,0.27784374426899
dataset/50015848/8.0MapBounded.png,0.23013927847253854,0.002409637098430154,0.2931304521578707
dataset/50015848/9.0MapBounded.png,0.19019330009186428,0.002409637098431821,0.3074717315793363
dataset/50015848/10.0MapBounded.png,0.1761935714434072,0.002409637098432932,0.3306738709739227
dataset/50015848/11.0MapBounded.png,0.1873410347324746,0.0024096370984334876,0.34543175205358345
dataset/50015848/12.0MapBounded.png,0.15837460179409868,0.0024096370984323765,0.3660373846612854
dataset/50015848/13.0MapBounded.png,0.11581636496626016,0.002409637098430154,0.4175492764214958
dataset/50015848/14.0MapBounded.png,0.13292944683371502,0.002409637098436822,0.43768301595513187
dataset/50015848/15.0MapBounded.png,0.12868989541544065,0.002409637098432932,0.46939401155645344
dataset/50015848/16.0MapBounded.png,0.0950527351174519,0.002409637098432932,0.49993020143046013
dataset/50015848/17.0MapBounded.png,0.0646280435878354,0.002409637098435711,0.5253817708033952
dataset/50015848/18.0MapBounded.png,0.06372691505283366,0.002409637098432932,0.5299736955194794
dataset/50015848/19.0MapBounded.png,0.04912205253258351,0.002409637098429598,0.5426534952660147
dataset/50015848/20.0MapBounded.png,0.04912205253258351,0.002409637098429598,0.5426589696636257
dataset/50015848/21.0MapBounded.png,0.04912205253258351,0.002409637098429598,0.5426595171033868
dataset/50015848/22.0MapBounded.png,0.04912205253258351,0.002409637098429598,0.5426529478262536
dataset/50015848/23.0MapBounded.png,0.04912205253258351,0.002409637098429598,0.5426529478262536
dataset/50015848/24.0MapBounded.png,0.04912205253258351,0.002409637098429598,0.5426529478262536
dataset/50015848/25.0MapBounded.png,0.049253504622358064,0.0024096370984323765,0.5426529478262536
dataset/50015848/26.0MapBounded.png,0.049738219761717696,0.002409637098435711,0.5426534952660147
dataset/50015848/27.0MapBounded.png,0.049738219761717696,0.002409637098435711,0.5426567799045813
dataset/50015848/28.0MapBounded.png,0.059469933636035005,0.002409637098431821,0.5426874365312028
dataset/50015848/29.0MapBounded.png,0.059469933636035005,0.002409637098431821,0.5426896262902471
dataset/50015848/30.0MapBounded.png,0.059469933636035005,0.002409637098431821,0.5426901737300082
dataset/50015848/31.0MapBounded.png,0.059720840156523354,0.002409637098431821,0.5426907211697694
dataset/50015848/32.0MapBounded.png,0.059720840156523354,0.002409637098431821,0.5426912686095304
dataset/50015848/33.0MapBounded.png,0.059848588571593316,0.002409637098432932,0.5426929109288138
dataset/50015848/34.0MapBounded.png,0.05988430909300764,0.002409637098431821,0.5426912686095304
dataset/50015848/35.0MapBounded.png,0.05988430909300764,0.002409637098431821,0.5426923634890527
dataset/50015848/36.0MapBounded.png,0.06341242353899428,0.002409637098432932,0.5426885314107249
dataset/50015848/37.0MapBounded.png,0.06094791746084854,0.002409637098432932,0.5567818206204135
dataset/50015848/38.0MapBounded.png,0.05928516600882937,0.0024096370984323765,0.5567747039035194
dataset/50015848/39.0MapBounded.png,0.12489020154836272,0.0024096370984290423,0.5567599230299696
dataset/50015848/40.0MapBounded.png,0.14316828331107853,0.0024096370984323765,0.5844045360858604
dataset/50015848/41.0MapBounded.png,0.10442153642313258,0.0024096370984323765,0.6020737018150365
dataset/50015848/42.0MapBounded.png,0.08172251434277063,0.0024096370984334876,0.6169881506663711
dataset/50015848/43.0MapBounded.png,0.12695338978004844,0.0024096370984334876,0.6334863427465601
dataset/50015848/44.0MapBounded.png,0.14585135111110184,0.002409637098432932,0.6376375784549608
dataset/50015848/45.0MapBounded.png,0.16716429901864835,0.00240963709843071,0.6792457374971602
dataset/50015848/46.0MapBounded.png,0.16411521779587562,0.0024096370984334876,0.685946400172991
dataset/50015848/47.0MapBounded.png,0.20360488739325133,0.0024096370984334876,0.6926010779088897
dataset/50015848/48.0MapBounded.png,0.22430492035586327,0.0024096370984334876,0.705077777504058
dataset/50015848/49.0MapBounded.png,0.22430492035586327,0.0024096370984334876,0.7051248573235123
dataset/50015848/50.0MapBounded.png,0.2471534252028974,0.002409637098432932,0.7052666442216364
dataset/50015848/51.0MapBounded.png,0.26033948467012463,0.0024096370984323765,0.7108264424353407
dataset/50015848/52.0MapBounded.png,0.28760867101534443,0.002409637098431821,0.7200135765060753
dataset/50015848/53.0MapBounded.png,0.27470544391573304,0.0024096370984340435,0.7334012158637094
dataset/50015848/54.0MapBounded.png,0.23250500284377718,0.002409637098431821,0.7439772046083479
dataset/50015848/55.0MapBounded.png,0.20460784872965976,0.0024096370984340435,0.7496913808346815
dataset/50015848/56.0MapBounded.png,0.2237530844025166,0.0024096370984290423,0.753183499070721
dataset/50015848/57.0MapBounded.png,0.24231047948405438,0.0024096370984323765,0.7598206587342645
dataset/50015848/58.0MapBounded.png,0.2588610752597429,0.0024096370984340435,0.7761874652717903
dataset/50015848/59.0MapBounded.png,0.2647384466607442,0.002409637098430154,0.8467059180975374
dataset/50025630/0MapBounded.png,0.0379104805646976,0.05708376980310561,0.003630620495597216
dataset/50025630/1.0MapBounded.png,0.011052126791693784,0.05708376980310615,0.02308717704475594
dataset/50025630/2.0MapBounded.png,0.01900881940704627,0.05708376980310561,0.024386799037600902
dataset/50025630/3.0MapBounded.png,0.027020482240812667,0.05708376980310615,0.024386799037600902
dataset/50025630/4.0MapBounded.png,0.00900113166318176,0.057083769803107795,0.03866840752510696
dataset/50025631/0MapBounded.png,0.016805318726355257,0.033664625464913785,0.0033377402234101667
dataset/50025631/1.0MapBounded.png,0.05294545960630017,0.03366462546491599,0.034696184618585035
dataset/50025631/2.0MapBounded.png,0.06764187519690432,0.033664625464914895,0.05497006873106202
dataset/50025631/3.0MapBounded.png,0.06421342324637445,0.033664625464913785,0.06572780747638483
dataset/50025631/4.0MapBounded.png,0.050700006492322036,0.03366462546490992,0.07713645209765231
dataset/50025631/5.0MapBounded.png,0.0196392170588281,0.03366462546491599,0.11119979635240888
dataset/50025631/6.0MapBounded.png,0.06251441007042369,0.03366462546491599,0.1681050646389498
dataset/50025631/7.0MapBounded.png,0.049530252703813844,0.033664625464913785,0.18221477704147132
dataset/50025631/8.0MapBounded.png,0.015162219597096566,0.03366462546491323,0.1958838004363095
dataset/50025631/9.0MapBounded.png,0.02600985952436753,0.033664625464913785,0.21854342702764845
dataset/50025631/10.0MapBounded.png,0.029749775629247147,0.033664625464913785,0.2213638366768217
dataset/50025631/11.0MapBounded.png,0.029749775629247147,0.033664625464913785,0.22137752267084912
dataset/50025631/12.0MapBounded.png,0.061732490200931266,0.03366462546491433,0.2213829970684601
dataset/50025631/13.0MapBounded.png,0.07248676244835967,0.03366462546491158,0.22183901438945414
dataset/50025633/0MapBounded.png,0.05207336931472553,0.007776829742040521,0.0028258840467842027
dataset/50025633/1.0MapBounded.png,0.09383562177430527,0.007776829742041629,0.031613551323846203
dataset/50025633/2.0MapBounded.png,0.07697248138777864,0.00777682974204385,0.05661074569507058
dataset/50025633/3.0MapBounded.png,0.04206275557687559,0.007776829742041074,0.06256853261509238
dataset/50025633/4.0MapBounded.png,0.01935169181074701,0.007776829742039965,0.0678119106468822
dataset/50025633/5.0MapBounded.png,0.034005381407606346,0.007776829742040521,0.06783818775541488
dataset/50025633/6.0MapBounded.png,0.034005381407606346,0.007776829742040521,0.06787596109893058
dataset/50025633/7.0MapBounded.png,0.034005381407606346,0.007776829742040521,0.06787596109893058
dataset/50025633/8.0MapBounded.png,0.09687331999771058,0.007776829742041074,0.06808946260575852
dataset/50036893/0MapBounded.png,0.3705084024770995,0.0757691640901036,0.009870338892584108
dataset/50036893/1.0MapBounded.png,0.32968771638220273,0.0757691640901036,0.038379359331247594
dataset/50036893/2.0MapBounded.png,0.18966388825039202,0.0757691640901058,0.09159981058584266
dataset/50036893/3.0MapBounded.png,0.13644775955579758,0.0757691640901036,0.13489298921269952
dataset/50036893/4.0MapBounded.png,0.12776304113970885,0.07576916409010799,0.14505730325699287
dataset/50036893/5.0MapBounded.png,0.13243293031720887,0.0757691640901036,0.15944128297982413
dataset/50036893/6.0MapBounded.png,0.04936011362440345,0.07576916409010416,0.18629594046045161
dataset/50036893/7.0MapBounded.png,0.04951337284990926,0.07576916409010635,0.2027284397693089
dataset/50036893/8.0MapBounded.png,0.07927749795776277,0.0757691640901036,0.2088263712681716
dataset/50036893/9.0MapBounded.png,0.14591083029430674,0.07576916409010416,0.23033363716240077
dataset/50036893/10.0MapBounded.png,0.20659964273695167,0.07576916409010416,0.2411773239502159
dataset/50036893/11.0MapBounded.png,0.3392859134080792,0.07576916409009922,0.24163936310858194
dataset/50036893/12.0MapBounded.png,0.20512120594781977,0.07576916409010416,0.24315631868658252
dataset/50036893/13.0MapBounded.png,0.20512120594781977,0.07576916409010416,0.24319080739153168
dataset/50036893/14.0MapBounded.png,0.21690992921469718,0.07576916409010195,0.24330412742207874
dataset/50036894/0MapBounded.png,0.14389959250630638,0.013719742457638486,0.0070871551471654946
dataset/50036894/1.0MapBounded.png,0.09202680017389843,0.013719742457638486,0.046774895507435604
dataset/50036894/2.0MapBounded.png,0.05705716158723494,0.013719742457637931,0.06880825101207927
dataset/50036894/3.0MapBounded.png,0.03616283689736784,0.013719742457637931,0.08528180830301886
dataset/50036894/4.0MapBounded.png,0.05765349303745034,0.013719742457638486,0.10581627374177814
dataset/50036894/5.0MapBounded.png,0.07620863507856811,0.013719742457638486,0.12451024670372834
dataset/50036894/6.0MapBounded.png,0.09268375392247173,0.013719742457637378,0.1429283100260855
dataset/50036894/7.0MapBounded.png,0.02687748989676569,0.013719742457634607,0.18416968442834974
dataset/50036894/8.0MapBounded.png,0.042386046484909026,0.013719742457639041,0.2134002304721394
dataset/50036894/9.0MapBounded.png,0.026106479958993043,0.013719742457639041,0.23933683147340679
dataset/50036894/10.0MapBounded.png,0.0256055782314898,0.013719742457637378,0.23933902123245118
dataset/50036894/11.0MapBounded.png,0.025135082753325114,0.013719742457638486,0.23933299939507902
dataset/50036894/12.0MapBounded.png,0.026840573671350714,0.013719742457635714,0.23933080963603467
dataset/50036894/13.0MapBounded.png,0.0400462431725688,0.013719742457638486,0.256939209551729
dataset/50036894/14.0MapBounded.png,0.05710388354623561,0.013719742457638486,0.260455962577018
dataset/50036894/15.0MapBounded.png,0.04783558553974068,0.013719742457638486,0.2758417570626573
dataset/50036894/16.0MapBounded.png,0.057496131209320414,0.013719742457637378,0.27951672017890333
dataset/50036894/17.0MapBounded.png,0.057496131209320414,0.013719742457637378,0.27990868704784905
dataset/50036894/18.0MapBounded.png,0.06509996754803661,0.013719742457636823,0.27990868704784905
dataset/50036894/19.0MapBounded.png,0.05852147238437151,0.013719742457638486,0.28382890317706666
dataset/50036894/20.0MapBounded.png,0.04687104940699411,0.013719742457636823,0.2847157555900442
dataset/50037764_PLAN2/0MapBounded.png,0.3158996876517662,0.011626372483981432,0.0074900708113330985
dataset/50037764_PLAN2/1.0MapBounded.png,0.28489530559992476,0.0116263724839831,0.07451257332271301
dataset/50037764_PLAN2/2.0MapBounded.png,0.2512664511526013,0.011626372483981432,0.12206702304995116
dataset/50037764_PLAN2/3.0MapBounded.png,0.2454421223274641,0.011626372483982543,0.16812258271130492
dataset/50037764_PLAN2/4.0MapBounded.png,0.19729959334761002,0.011626372483982543,0.1960250398946726
dataset/50037764_PLAN2/5.0MapBounded.png,0.20338959564008566,0.011626372483981432,0.2220120053539609
dataset/50037764_PLAN2/6.0MapBounded.png,0.17783783239572798,0.011626372483983651,0.24107221551608524
dataset/50037764_PLAN2/7.0MapBounded.png,0.15592380799072725,0.0116263724839831,0.24553877652687794
dataset/50037764_PLAN2/8.0MapBounded.png,0.13051085019054032,0.011626372483980327,0.2661208692248526
dataset/50037764_PLAN2/9.0MapBounded.png,0.13975011491931036,0.011626372483983651,0.2745755288952393
dataset/50037764_PLAN2/10.0MapBounded.png,0.16084820040021608,0.011626372483981432,0.28526210047161943
dataset/50037764_PLAN2/11.0MapBounded.png,0.15917395863709297,0.011626372483981432,0.28704730153255764
dataset/50037764_PLAN2/12.0MapBounded.png,0.13027846976224336,0.011626372483981432,0.29179853121912097
dataset/50037764_PLAN2/13.0MapBounded.png,0.06992972607097214,0.011626372483983651,0.2928271705302228
dataset/50037764_PLAN2/14.0MapBounded.png,0.0667162491145101,0.011626372483983651,0.3036577187637715
dataset/50037764_PLAN2/15.0MapBounded.png,0.04533267403285756,0.011626372483981432,0.30790639874964765
dataset/50037764_PLAN2/16.0MapBounded.png,0.113815058491528,0.011626372483981432,0.31370816533775664
dataset/50037764_PLAN2/17.0MapBounded.png,0.0978384602422046,0.011626372483980879,0.31374265404270585
dataset/50037764_PLAN2/18.0MapBounded.png,0.16868519600750598,0.011626372483977552,0.31373608476557263
dataset/50037764_PLAN2/19.0MapBounded.png,0.2532629148153325,0.011626372483981432,0.3138433829587477
dataset/50037764_PLAN2/20.0MapBounded.png,0.17141558779932867,0.011626372483981432,0.31381601097069284
dataset/50037764_PLAN2/21.0MapBounded.png,0.10742334013189839,0.011626372483978109,0.31384447783826985
dataset/50037764_PLAN2/22.0MapBounded.png,0.10742334013189839,0.011626372483978109,0.3138461201575532
dataset/50037764_PLAN2/23.0MapBounded.png,0.07225430622786465,0.011626372483981432,0.31383243416352574
dataset/50037764_PLAN2/24.0MapBounded.png,0.12258278123194997,0.011626372483981432,0.31384776247683654
dataset/50037764_PLAN2/25.0MapBounded.png,0.28770056380652786,0.011626372483981432,0.3138581638322973
dataset/50037764_PLAN2/26.0MapBounded.png,0.38446202004113217,0.011626372483981432,0.31385104711540307
dataset/50037764_PLAN2/27.0MapBounded.png,0.3873296089195645,0.011626372483981432,0.3138860832601133
dataset/50037765_PLAN3/0MapBounded.png,0.15834478798915863,0.003490931247857201,0.00666398421183729
dataset/50037765_PLAN3/1.0MapBounded.png,0.12708600527293776,0.003490931247857201,0.04753528933559974
dataset/50037765_PLAN3/2.0MapBounded.png,0.12718645831064979,0.003490931247859423,0.09838642130416575
dataset/50037765_PLAN3/3.0MapBounded.png,0.1262850107141475,0.0034909312478583116,0.12944486871025931
dataset/50037765_PLAN3/4.0MapBounded.png,0.14528918023073104,0.003490931247856645,0.14304163005663265
dataset/50037765_PLAN3/5.0MapBounded.png,0.11743268323564848,0.003490931247857201,0.1611427257573145
dataset/50037765_PLAN3/6.0MapBounded.png,0.11535026874363621,0.003490931247857201,0.17110393965024076
dataset/50037765_PLAN3/7.0MapBounded.png,0.10293477490639828,0.003490931247857756,0.19828322890919892
dataset/50037765_PLAN3/8.0MapBounded.png,0.021166794878988534,0.003490931247857201,0.22333352493724973
dataset/50037765_PLAN3/9.0MapBounded.png,0.013480984591425,0.003490931247858868,0.23638065676348144
dataset/50037765_PLAN3/10.0MapBounded.png,0.019802531599025022,0.003490931247856645,0.2663973263042068
dataset/50037765_PLAN3/11.0MapBounded.png,0.05190876975108363,0.003490931247857201,0.2714053052387248
dataset/50037765_PLAN3/12.0MapBounded.png,0.04719136905203967,0.003490931247856645,0.27204526231944753
dataset/50037765_PLAN3/13.0MapBounded.png,0.08501024398446244,0.003490931247856645,0.2750457796500218
dataset/50037765_PLAN3/14.0MapBounded.png,0.12746672417776594,0.003490931247857756,0.27776874502171967
dataset/50037765_PLAN3/15.0MapBounded.png,0.1308440762999982,0.003490931247857201,0.2777840733350304
dataset/50037765_PLAN3/16.0MapBounded.png,0.13416947135155238,0.0034909312478560895,0.2781716606858873
dataset/50037765_PLAN3/17.0MapBounded.png,0.1316276738081659,0.003490931247858868,0.2782477548126798
dataset/50037765_PLAN3/18.0MapBounded.png,0.1156835277510916,0.003490931247857201,0.2782477548126798
dataset/50037765_PLAN3/19.0MapBounded.png,0.1585258061652214,0.003490931247857201,0.2782625356862295
dataset/50037765_PLAN3/20.0MapBounded.png,0.22418928769534072,0.003490931247857756,0.2782904551140454
dataset/50041169/0MapBounded.png,0.12636270972863922,0.006165265573845415,0.012069404412911915
dataset/50041169/1.0MapBounded.png,0.12341589181120102,0.00616526557384486,0.06787541365916949
dataset/50041169/2.0MapBounded.png,0.10370792025521795,0.00616526557384597,0.09640030985090478
dataset/50041169/3.0MapBounded.png,0.1272685439238384,0.00616526557384597,0.1004349408901918
dataset/50041169/4.0MapBounded.png,0.02790518772827066,0.0061652655738470815,0.14750107435053117
dataset/50041169/5.0MapBounded.png,0.025257321169673757,0.00616526557384597,0.1647498063431845
dataset/50041169/6.0MapBounded.png,0.025257321169673757,0.00616526557384597,0.16474323706605135
dataset/50041169/7.0MapBounded.png,0.025257321169673757,0.00616526557384597,0.16474104730700698
dataset/50041169/8.0MapBounded.png,0.025257321169673757,0.00616526557384597,0.16473940498772366
dataset/50041169/9.0MapBounded.png,0.025257321169673757,0.00616526557384597,0.16473885754796258
dataset/50041169/10.0MapBounded.png,0.08616787905687559,0.006165265573845415,0.16477225137338952
dataset/50041169/11.0MapBounded.png,0.1257341361589351,0.006165265573848748,0.1800584118225091
dataset/50041169/12.0MapBounded.png,0.12666437431791255,0.0061652655738476374,0.1800584118225091
dataset/50041169/13.0MapBounded.png,0.09556959755027865,0.00616526557384486,0.1957447507369908
dataset/50041169/14.0MapBounded.png,0.07075894040755445,0.006165265573848748,0.21164842323662808
dataset/50041169/15.0MapBounded.png,0.07119442735654197,0.006165265573849858,0.21967553245359764
dataset/50041170/0MapBounded.png,0.06073986193003065,0.0070106290409517585,0.004700317788781317
dataset/50041170/1.0MapBounded.png,0.0361685713075658,0.0070106290409517585,0.017402562565521695
dataset/50041170/2.0MapBounded.png,0.01855343138945137,0.007010629040953425,0.06362509135401014
dataset/50041170/3.0MapBounded.png,0.022821814256159315,0.007010629040951204,0.09206294462373096
dataset/50041170/4.0MapBounded.png,0.028244262864135644,0.007010629040953979,0.12077451777400046
dataset/50041170/5.0MapBounded.png,0.015294699840497222,0.0070106290409517585,0.1588615442728221
dataset/50041170/6.0MapBounded.png,0.024714671652161586,0.0070106290409517585,0.17208768890093257
dataset/50041170/7.0MapBounded.png,0.0035315389750732013,0.0070106290409523144,0.18347224617271177
dataset/50041170/8.0MapBounded.png,0.04621230319029754,0.007010629040950648,0.18521857901061212
dataset/50041170/9.0MapBounded.png,0.021851792859545544,0.007010629040952869,0.20942198572824544
dataset/50041170/10.0MapBounded.png,0.021851792859545544,0.007010629040952869,0.20937545334855215
dataset/50041170/11.0MapBounded.png,0.021920504846327574,0.0070106290409517585,0.20937545334855215
dataset/50041171/0MapBounded.png,0.059969497541960966,0.02138391996018798,0.004805426222911997
dataset/50041171/1.0MapBounded.png,0.035562141642346806,0.02138391996018632,0.04737543692535933
dataset/50041171/2.0MapBounded.png,0.01966922345003703,0.021383919960184107,0.07476111097425119
dataset/50041171/3.0MapBounded.png,0.044876639838838,0.021383919960183555,0.09589611783093419
dataset/50041171/4.0MapBounded.png,0.021638240498981737,0.02138391996018798,0.10987663444983674
dataset/50041171/5.0MapBounded.png,0.07471700949772599,0.021383919960187427,0.11635941610075082
dataset/50041171/6.0MapBounded.png,0.08737537330569002,0.021383919960187427,0.12792791313225874
dataset/50041171/7.0MapBounded.png,0.04263120820615813,0.021383919960188534,0.13131273317512326
dataset/50041174/0MapBounded.png,0.057266646748587245,0.022127087129881862,0.005274582098172374
dataset/50041174/1.0MapBounded.png,0.017235621834488346,0.022127087129881862,0.03832352047561567
dataset/50041174/2.0MapBounded.png,0.02492250008399978,0.022127087129881862,0.06914164182658751
dataset/50041174/3.0MapBounded.png,0.016293846975646824,0.02212708712988297,0.10000301091868605
dataset/50041174/4.0MapBounded.png,0.06508052773903916,0.02212708712988131,0.1221398325381771
dataset/50041174/5.0MapBounded.png,0.013516663839646498,0.02212708712987799,0.13101383106556413
dataset/50045228/0MapBounded.png,0.008474011202932997,0.08837910345046456,0.011873968418200183
dataset/50045228/1.0MapBounded.png,0.05394870141884666,0.08837910345046346,0.054062961046923805
dataset/50045228/2.0MapBounded.png,0.12000409421529215,0.08837910345046456,0.0932087360437076
dataset/50045228/3.0MapBounded.png,0.11570240010964432,0.0883791034504662,0.09714756512480259
dataset/50045228/4.0MapBounded.png,0.06364032245212448,0.08837910345046456,0.10813577600954737
dataset/50045228/5.0MapBounded.png,0.06364032245212448,0.08837910345046456,0.10813194393121968
dataset/50045228/6.0MapBounded.png,0.07684937421197142,0.0883791034504651,0.10829836561859325
dataset/50045229/0MapBounded.png,0.1278759252678936,0.0015184695247320258,0.005274582098172374
dataset/50045229/1.0MapBounded.png,0.09834716277350933,0.0015184695247325815,0.06253787598847092
dataset/50045229/2.0MapBounded.png,0.09074235092162776,0.001518469524730914,0.07143486698582406
dataset/50045229/3.0MapBounded.png,0.075399343290776,0.0015184695247320258,0.07662952287887621
dataset/50045229/4.0MapBounded.png,0.03964484222577447,0.0015184695247320258,0.09796708244716523
dataset/50045229/5.0MapBounded.png,0.056757004640170756,0.0015184695247325815,0.12187377681428381
dataset/50045229/6.0MapBounded.png,0.05350306629318117,0.0015184695247314698,0.13719442596835252
dataset/50045229/7.0MapBounded.png,0.059529067698770505,0.0015184695247320258,0.14061647191497165
dataset/50045229/8.0MapBounded.png,0.06997769873493423,0.0015184695247320258,0.14168835896720017
dataset/50045229/9.0MapBounded.png,0.050785003711415026,0.0015184695247298023,0.14179456228085302
dataset/50045229/10.0MapBounded.png,0.050785003711415026,0.0015184695247298023,0.14179510972061413
dataset/50045229/11.0MapBounded.png,0.05030221401321634,0.0015184695247314698,0.1418022264375084
dataset/50045229/12.0MapBounded.png,0.06727142416191216,0.0015184695247325815,0.14287520836925907
dataset/50045230/0MapBounded.png,0.0062446397528349,0.029454366190679992,0.0018924992541133256
dataset/50045230/1.0MapBounded.png,0.010316667022620945,0.029454366190683312,0.01370953393715939
dataset/50045230/2.0MapBounded.png,0.0001668506446180424,0.029454366190679992,0.026292984285741658
dataset/50045231/0MapBounded.png,0.03135614227021997,0.08222200318069106,0.010314312538834008
dataset/50045231/1.0MapBounded.png,0.017638471882070714,0.0822220031806905,0.021016759868285995
dataset/50045231/2.0MapBounded.png,0.0394888967879266,0.0822220031806905,0.033474846511576985
dataset/50045231/3.0MapBounded.png,0.08502645508968604,0.08222200318069106,0.044581851824479865
dataset/50045231/4.0MapBounded.png,0.028003989065766142,0.0822220031806916,0.05737606648108459
dataset/50045231/5.0MapBounded.png,0.029976175540147396,0.0822220031806916,0.05738920503535092
dataset/50045232/0MapBounded.png,0.15090391022733066,0.011164007458788268,0.004982249265746421
dataset/50045232/1.0MapBounded.png,0.11386309381904626,0.01116400745878716,0.02927488866443859
dataset/50045232/2.0MapBounded.png,0.10447371145808496,0.01116400745878716,0.04079466355720883
dataset/50045232/3.0MapBounded.png,0.056966711750037514,0.011164007458789376,0.0669830868485809
dataset/50045232/4.0MapBounded.png,0.07249022980404153,0.011164007458790488,0.07870650933247933
dataset/50045232/5.0MapBounded.png,0.024502108716099362,0.011164007458787713,0.088827575635646
dataset/50045232/6.0MapBounded.png,0.03828428988150431,0.011164007458788268,0.10866350793924513
dataset/50045232/7.0MapBounded.png,0.056062888988457876,0.011164007458788825,0.11793604261271103
dataset/50045232/8.0MapBounded.png,0.020772991782308344,0.011164007458791597,0.12187158705523943
dataset/50045232/9.0MapBounded.png,0.03915104005864304,0.011164007458788268,0.12318817968067838
dataset/50045232/10.0MapBounded.png,0.07463869875390894,0.011164007458788268,0.12422941010628545
dataset/50045232/11.0MapBounded.png,0.031611605562955246,0.011164007458787713,0.12613012095681522
dataset/50045232/12.0MapBounded.png,0.07332512144648232,0.011164007458788268,0.12731094852150207
dataset/50045232/13.0MapBounded.png,0.07077235755184974,0.011164007458787713,0.12740948767849958
dataset/50045232/14.0MapBounded.png,0.06785987030811955,0.011164007458788268,0.12737828361211706
dataset/50045232/15.0MapBounded.png,0.06785987030811955,0.011164007458788268,0.12737828361211706
dataset/50045232/16.0MapBounded.png,0.05411113581954319,0.011164007458786603,0.12749598316075295
dataset/50045368/0MapBounded.png,0.08236712777754608,0.04655194242884698,0.003693576068123404
dataset/50045368/1.0MapBounded.png,0.014306787591511822,0.04655194242884698,0.05182010034570821
dataset/50045368/2.0MapBounded.png,0.02433871167089101,0.04655194242884534,0.06041709435398002
dataset/50045368/3.0MapBounded.png,0.07001237013159745,0.046551942428846436,0.08272307485965014
dataset/50045368/4.0MapBounded.png,0.02681226288443284,0.04655194242884534,0.09662585503247688
dataset/50045368/5.0MapBounded.png,0.06220469949684521,0.04655194242884534,0.09911615850570844
dataset/50045368/6.0MapBounded.png,0.03149313946003073,0.04655194242884368,0.09911451618642515
dataset/50052749/0MapBounded.png,0.06667488508708397,0.017630742267405766,0.006330045957567945
dataset/50052749/1.0MapBounded.png,0.04163206963368702,0.017630742267406314,0.05035186690644529
dataset/50052749/2.0MapBounded.png,0.026907643836949716,0.017630742267405766,0.07412224877305064
dataset/50052749/3.0MapBounded.png,0.019615085117553933,0.0176307422674041,0.10542594919211579
dataset/50052749/4.0MapBounded.png,0.048517490466274155,0.017630742267407424,0.1255520245690965
dataset/50052749/5.0MapBounded.png,0.04384834415124837,0.017630742267405766,0.125571732400496
dataset/50052749/6.0MapBounded.png,0.03560932640668773,0.017630742267407424,0.12975526705480145
dataset/50052749/7.0MapBounded.png,0.010786682635447749,0.017630742267402993,0.15358258265656094
dataset/50052749/8.0MapBounded.png,0.0679667878922435,0.017630742267405766,0.15630445314873664
dataset/50052749/9.0MapBounded.png,0.05635636011053542,0.017630742267406314,0.15632251866085287
dataset/50052749/10.0MapBounded.png,0.05635636011053542,0.017630742267406314,0.15632251866085287
dataset/50052749/11.0MapBounded.png,0.0270616595389743,0.017630742267405766,0.17974746603820582
dataset/50052749/12.0MapBounded.png,0.03645179494920428,0.017630742267405207,0.18043614525766621
dataset/50052751/0MapBounded.png,0.05264190370559411,0.011399848790977657,0.004501049715741904
dataset/50052751/1.0MapBounded.png,0.018415722576219585,0.011399848790977657,0.020361474474252537
dataset/50052751/2.0MapBounded.png,0.03152238420828603,0.011399848790979319,0.04275230814289273
dataset/50052751/3.0MapBounded.png,0.0737184229427564,0.011399848790977657,0.06272564782652729
dataset/50052751/4.0MapBounded.png,0.03941433930895394,0.011399848790977657,0.06515135340794938
dataset/50052751/5.0MapBounded.png,0.012083878940969146,0.011399848790977657,0.06546339407177483
dataset/50052751/6.0MapBounded.png,0.012083878940969146,0.011399848790977657,0.06546339407177483
dataset/50052751/7.0MapBounded.png,0.012155577609450881,0.011399848790977104,0.065469963348908
dataset/50052753/0MapBounded.png,0.14721205032489873,0.029456301486340417,0.004548129535196271
dataset/50052753/1.0MapBounded.png,0.09626542964215233,0.029456301486339865,0.02773658293575521
dataset/50052753/2.0MapBounded.png,0.06523599938784451,0.029456301486340417,0.05338468318292426
dataset/50052753/3.0MapBounded.png,0.04776446439039502,0.029456301486342075,0.05786657250702776
dataset/50052753/4.0MapBounded.png,0.018423592883324444,0.029456301486340965,0.061495550683341685
dataset/50052753/5.0MapBounded.png,0.028142551106909233,0.029456301486340417,0.06410519602449245
dataset/50052754/0MapBounded.png,0.10927206485796444,0.04823652534075473,0.002744315522380706
dataset/50052754/1.0MapBounded.png,0.10687294094738176,0.048236525340754184,0.03435512964742143
dataset/50052754/2.0MapBounded.png,0.1008817695463341,0.04823652534075529,0.05948316212154805
dataset/50052754/3.0MapBounded.png,0.09609993909780404,0.04823652534075473,0.06461486244207403
dataset/50052754/4.0MapBounded.png,0.07235832372681854,0.04823652534075473,0.06669130145591605
dataset/50053292/0MapBounded.png,0.1171427045295773,0.06744198953672105,0.004788455590317981
dataset/50053292/1.0MapBounded.png,0.1384568623557901,0.06744198953672051,0.014481971440067666
dataset/50053292/2.0MapBounded.png,0.11842566830742705,0.06744198953671665,0.046569058157263025
dataset/50053292/3.0MapBounded.png,0.10787877996569899,0.06744198953672323,0.06788088805678046
dataset/50053292/4.0MapBounded.png,0.07593400970110434,0.06744198953672105,0.11998675195778144
dataset/50053292/5.0MapBounded.png,0.0398543627060103,0.0674419895367183,0.15471523552227123
dataset/50053292/6.0MapBounded.png,0.16801889526086652,0.06744198953672159,0.15781429200984298
dataset/50053292/7.0MapBounded.png,0.060554550685924066,0.06744198953672105,0.1597889072281209
dataset/50053292/8.0MapBounded.png,0.07293602650069786,0.06744198953672105,0.16137648253530304
dataset/50053292/9.0MapBounded.png,0.09352452718366752,0.06744198953671884,0.16136827093888656
dataset/50053292/10.0MapBounded.png,0.10059177803508484,0.06744198953672269,0.16136827093888656
dataset/50053292/11.0MapBounded.png,0.03755201125739286,0.06744198953672215,0.1625742807325839
dataset/50055638/0MapBounded.png,0.12996806390149981,0.0061036336134005055,0.007995905150586994
dataset/50055638/1.0MapBounded.png,0.05885491412603299,0.0061036336134005055,0.038892310387395754
dataset/50055638/2.0MapBounded.png,0.08362672830304729,0.006103633613401062,0.06125686694750327
dataset/50055638/3.0MapBounded.png,0.0374008587930462,0.0061036336134005055,0.08780660048119955
dataset/50055638/4.0MapBounded.png,0.10685448290205538,0.006103633613399395,0.10198966981170811
dataset/50055638/5.0MapBounded.png,0.06552545672537322,0.006103633613401062,0.10871934679487708
dataset/50055638/6.0MapBounded.png,0.0576070656355014,0.0061036336134005055,0.11048702978346021
dataset/50055638/7.0MapBounded.png,0.05231380365746513,0.006103633613401062,0.11242879861607229
dataset/50055638/8.0MapBounded.png,0.05231380365746513,0.006103633613401062,0.11243919997153314
dataset/50055638/9.0MapBounded.png,0.033412226388550265,0.006103633613399951,0.11243919997153314
dataset/50055641/0MapBounded.png,0.03611654097456412,0.023384027934011786,0.01291027188595735
dataset/50055641/1.0MapBounded.png,0.11655949680368445,0.023384027934012334,0.051423206518912676
dataset/50055641/2.0MapBounded.png,0.12138336542639197,0.02338402793401123,0.05660910337578729
dataset/50055641/3.0MapBounded.png,0.11821778252766656,0.02338402793401123,0.07380582859113641
dataset/50055641/4.0MapBounded.png,0.12560632983971626,0.02338402793401012,0.08809948075338661
dataset/50055641/5.0MapBounded.png,0.11012163620625784,0.023384027934011786,0.10754508850732339
dataset/50055641/6.0MapBounded.png,0.09304785023422388,0.023384027934011786,0.11768367288284516
dataset/50055641/7.0MapBounded.png,0.11212021523946049,0.02338402793401289,0.12180206220558007
dataset/50055641/8.0MapBounded.png,0.2585561912401617,0.02338402793401123,0.12515348842301766
dataset/50055641/9.0MapBounded.png,0.08912372440590782,0.023384027934010676,0.12529363300185856
dataset/50055641/10.0MapBounded.png,0.08912372440590782,0.023384027934010676,0.12529363300185856
dataset/50055641/11.0MapBounded.png,0.09233826889183064,0.02338402793401123,0.125645089328483
dataset/50056456/0MapBounded.png,0.10237795996576392,0.04187911472682991,0.008550461628578546
dataset/50056456/1.0MapBounded.png,0.0642183310668661,0.04187911472683102,0.03606149938276167
dataset/50056456/2.0MapBounded.png,0.04210993099341748,0.041879114726828814,0.04336051371747182
dataset/50056456/3.0MapBounded.png,0.046834426408958435,0.04187911472683047,0.07742714261079497
dataset/50056456/4.0MapBounded.png,0.03875708812083293,0.04187911472682991,0.07816016445090423
dataset/50056456/5.0MapBounded.png,0.0011979556621341367,0.04187911472682991,0.09377916827477098
dataset/50056456/6.0MapBounded.png,0.10107962495105051,0.04187911472682991,0.09559666828161396
dataset/50056456/7.0MapBounded.png,0.13821721725193867,0.04187911472683047,0.0959125410237671
dataset/50056456/8.0MapBounded.png,0.1366733482630372,0.04187911472682936,0.10258145219345427
dataset/50056456/9.0MapBounded.png,0.11356778050185803,0.04187911472682991,0.10710658925868446
dataset/50056456/10.0MapBounded.png,0.025886786237298766,0.04187911472682991,0.10718870522284905
dataset/50056456/11.0MapBounded.png,0.025886786237298766,0.04187911472682991,0.10718049362643259
dataset/50056456/12.0MapBounded.png,0.09614613345542578,0.04187911472682936,0.10718049362643259
dataset/50056456/13.0MapBounded.png,0.14451310709228526,0.04187911472682991,0.10718377826499917
dataset/50056459/0MapBounded.png,0.057334472320477274,0.05719902536134107,0.00437678088997282
dataset/50056459/1.0MapBounded.png,0.1144880682392147,0.057199025361336656,0.04363368615825936
dataset/50056459/2.0MapBounded.png,0.13499634163790186,0.05719902536134216,0.06029173064868874
dataset/50056459/3.0MapBounded.png,0.1340216594916451,0.05719902536134546,0.09692311482275269
dataset/50056459/4.0MapBounded.png,0.06726572134173678,0.0571990253613416,0.1086487270656955
dataset/50056459/5.0MapBounded.png,0.12699359343936137,0.05719902536134436,0.11439027528008386
dataset/50056459/6.0MapBounded.png,0.02254904474291157,0.05719902536134271,0.11453315705773026
dataset/50056459/7.0MapBounded.png,0.07581184194181993,0.057199025361346,0.11467658627513774
dataset/50056459/8.0MapBounded.png,0.09994225769794839,0.057199025361343254,0.11466509004015472
dataset/50056459/9.0MapBounded.png,0.18653082120439815,0.05719902536134271,0.11467713371489886
dataset/50056459/10.0MapBounded.png,0.14969360961451136,0.05719902536134051,0.11572657573692235
dataset/50057023/0MapBounded.png,0.12856889646749298,0.02327182421984874,0.006497562524463715
dataset/50057023/1.0MapBounded.png,0.09997332082599542,0.02327182421984874,0.03398232317011417
dataset/50057023/2.0MapBounded.png,0.05549103736449434,0.02327182421984874,0.07688025028945879
dataset/50057023/3.0MapBounded.png,0.02164865365317518,0.02327182421984763,0.08009755376542754
dataset/50057023/4.0MapBounded.png,0.01655950661490186,0.02327182421984929,0.11670923010809198
dataset/50057023/5.0MapBounded.png,0.035390871713916125,0.02327182421984929,0.12822791012134005
dataset/50057023/6.0MapBounded.png,0.039443029708688696,0.02327182421984874,0.1922351144285961
dataset/50057023/7.0MapBounded.png,0.018949083495393863,0.023271824219849847,0.19241686442928038
dataset/50057023/8.0MapBounded.png,0.018949083495393863,0.023271824219849847,0.19241686442928038
dataset/50057023/9.0MapBounded.png,0.09136250021121693,0.02327182421984763,0.19241248491119162
dataset/50057025/0MapBounded.png,0.13879297410877411,0.047466009839569626,0.0038413848036196723
dataset/50057025/1.0MapBounded.png,0.019429368238442976,0.047466009839569084,0.03691988492816222
dataset/50057025/2.0MapBounded.png,0.03521458804105824,0.047466009839569084,0.05041591735849367
dataset/50057025/3.0MapBounded.png,0.057185579344482734,0.047466009839570736,0.06589641892280279
dataset/50057025/4.0MapBounded.png,0.04269228155712658,0.04746600983957018,0.09951852673011494
dataset/50057025/5.0MapBounded.png,0.02800874869137402,0.047466009839569626,0.11184084831265381
dataset/50057025/6.0MapBounded.png,0.02957944906853118,0.047466009839569626,0.11226894620583187
dataset/51-0/0MapBounded.png,0.02943203961806709,0.012736859950613431,0.011713568568198678
dataset/51-0/1.0MapBounded.png,0.04118217136630925,0.01273685995061454,0.037714767461275486
dataset/51-0/2.0MapBounded.png,0.0069361273158316875,0.012736859950615648,0.03828136761401117
dataset/51-0/3.0MapBounded.png,0.0069361273158316875,0.012736859950615648,0.03828136761401117
dataset/51-0/4.0MapBounded.png,0.020003525093028506,0.012736859950611768,0.03828300993329447
dataset/54-11/0MapBounded.png,0.00657587763016562,0.03399417004978696,0.0026129299797173575
dataset/54-11/1.0MapBounded.png,0.0037731419971521007,0.03399417004978641,0.030794034001483565
dataset/54-11/2.0MapBounded.png,0.0037731419971521007,0.03399417004978641,0.030797866079811248
dataset/54-11/3.0MapBounded.png,0.0037731419971521007,0.03399417004978641,0.030797866079811248
dataset/54-11/4.0MapBounded.png,0.0037731419971521007,0.03399417004978641,0.030798413519572344
dataset/54-11/5.0MapBounded.png,0.0037731419971521007,0.03399417004978641,0.030798413519572344
dataset/54-11/6.0MapBounded.png,0.0042269371883604835,0.03399417004978752,0.030798413519572344
dataset/54-12/0MapBounded.png,0.08830418292594061,0.01639146314801935,0.0034850015191453376
dataset/54-12/1.0MapBounded.png,0.05460232714652258,0.01639146314801935,0.05121189477112912
dataset/54-12/2.0MapBounded.png,0.07537969718633618,0.01639146314801935,0.0599577923944194
dataset/54-12/3.0MapBounded.png,0.038163676401191844,0.01639146314801935,0.06833964257657998
dataset/54-12/4.0MapBounded.png,0.015469904600156922,0.016391463148017687,0.06869821562009872
dataset/54-13/0MapBounded.png,0.010345077412896512,0.043391232704503895,0.011120691306930315
dataset/54-13/1.0MapBounded.png,0.0035290648183501244,0.04339123270450224,0.04086637816591257
dataset/54-13/2.0MapBounded.png,0.04887988912966251,0.043391232704503895,0.062408132765090864
dataset/54-13/3.0MapBounded.png,0.028605177077761123,0.043391232704503895,0.06856080824006329
dataset/54-13/4.0MapBounded.png,0.00835362344100396,0.04339123270450334,0.06935295357437107
dataset/54-13/5.0MapBounded.png,0.00835362344100396,0.04339123270450334,0.06935295357437107
dataset/54-13/6.0MapBounded.png,0.0043055453739259,0.04339123270450334,0.06935952285150424
dataset/54-14/0MapBounded.png,0.10492171668641334,0.04514285743398622,0.005520382550905055
dataset/54-14/1.0MapBounded.png,0.025413878820263653,0.04514285743398622,0.05973224721284732
dataset/54-14/2.0MapBounded.png,0.03524200894470968,0.045142857433985106,0.06325721183455275
dataset/54-14/3.0MapBounded.png,0.03148731656031606,0.04514285743398457,0.06685170130591755
dataset/54-14/4.0MapBounded.png,0.014533913776981395,0.04514285743398622,0.0680927472443251
dataset/54-15/0MapBounded.png,0.08858690859661832,0.003815170660686245,0.004270030136558849
dataset/54-15/1.0MapBounded.png,0.0725227688326769,0.003815170660687357,0.03512099787319653
dataset/54-15/2.0MapBounded.png,0.09973956043477937,0.0038151706606890227,0.06352107779940165
dataset/54-15/3.0MapBounded.png,0.054151014426309534,0.003815170660687912,0.06751738805541185
dataset/54-15/4.0MapBounded.png,0.054151014426309534,0.003815170660687912,0.06752943173015599
dataset/54-15/5.0MapBounded.png,0.06664578546065054,0.003815170660686245,0.06752340989278394
dataset/54-16/0MapBounded.png,0.03399536874999327,0.024155068754666904,0.0034888335974730188
dataset/54-16/1.0MapBounded.png,0.013875836346099235,0.024155068754667462,0.055822979878851584
dataset/54-16/2.0MapBounded.png,0.03718148772474668,0.024155068754667462,0.06429242042278774
dataset/54-16/3.0MapBounded.png,0.005333692759109394,0.024155068754664697,0.06689878112537193
dataset/54-17/0MapBounded.png,0.12030985389829416,0.04223655428860983,0.003583540676142849
dataset/54-17/1.0MapBounded.png,0.07341185830982072,0.04223655428860983,0.038104544571176756
dataset/54-17/2.0MapBounded.png,0.05796431371343354,0.04223655428861038,0.056012941475952344
dataset/54-17/3.0MapBounded.png,0.05420189261314125,0.04223655428860928,0.06334261243728394
dataset/54-17/4.0MapBounded.png,0.06764821064010804,0.04223655428860983,0.06866098971634409
dataset/54-18/0MapBounded.png,0.04557366462936366,0.02642399610759193,0.0016702387111078266
dataset/54-18/1.0MapBounded.png,0.020976864186261816,0.02642399610759082,0.031371582949441194
dataset/54-18/2.0MapBounded.png,0.010801847501671765,0.02642399610759193,0.055225175659733346
dataset/54-18/3.0MapBounded.png,0.011548567201348853,0.02642399610759193,0.059479877482981475
dataset/54-3/0MapBounded.png,0.06268662699718865,0.022200692318602458,0.009876908169717275
dataset/54-3/1.0MapBounded.png,0.04577418559776141,0.022200692318602458,0.03325751292642136
dataset/54-3/2.0MapBounded.png,0.07125036871173784,0.02220069231860191,0.05427098815614078
dataset/54-3/3.0MapBounded.png,0.10176756220934129,0.0222006923186008,0.06898835869348027
dataset/54-3/4.0MapBounded.png,0.06290617352326525,0.02220069231860467,0.06969400854553467
dataset/54-3/5.0MapBounded.png,0.04832016988378414,0.02220069231860467,0.06965678264178006
dataset/54-3/6.0MapBounded.png,0.030657534444192055,0.022200692318602458,0.06961189258137007
dataset/54-4/0MapBounded.png,0.056149955326870386,0.05043289239663822,0.006164719149716564
dataset/54-4/1.0MapBounded.png,0.04614491220135549,0.05043289239663822,0.03751330962919168
dataset/54-4/2.0MapBounded.png,0.055525791614969455,0.050432892396636564,0.05784139027801728
dataset/54-4/3.0MapBounded.png,0.03307050737590088,0.050432892396637126,0.06630590386410357
dataset/54-4/4.0MapBounded.png,0.06106750027542796,0.050432892396639874,0.06911262751924936
dataset/54-4/5.0MapBounded.png,0.0179497468032682,0.05043289239663822,0.06909620432641644
dataset/54-4/6.0MapBounded.png,0.0179497468032682,0.05043289239663822,0.06909620432641644
dataset/54-4/7.0MapBounded.png,0.043109943922976894,0.05043289239663767,0.06921718851361894
dataset/54-5/0MapBounded.png,0.08419029710354879,0.022911343575274173,0.00324029594593485
dataset/54-5/1.0MapBounded.png,0.053729877514365545,0.022911343575272514,0.05425565984283005
dataset/54-5/2.0MapBounded.png,0.04878570377060803,0.02291134357527196,0.06573054467519031
dataset/54-5/3.0MapBounded.png,0.014535521130918445,0.02291134357527528,0.0687015002586653
dataset/54-6/0MapBounded.png,0.016918328957546993,0.012894004602103364,0.0037554367611273977
dataset/54-6/1.0MapBounded.png,0.05506070155430627,0.012894004602103364,0.03349729154178198
dataset/54-6/2.0MapBounded.png,0.059854979487675944,0.012894004602103364,0.059270208054481216
dataset/54-6/3.0MapBounded.png,0.014519102294250269,0.012894004602102807,0.06198441439000157
dataset/54-6/4.0MapBounded.png,0.048561531691541426,0.012894004602103364,0.06224280595723949
dataset/54-7/0MapBounded.png,0.10208971713184722,0.021716811237520596,0.009192061028584567
dataset/54-7/1.0MapBounded.png,0.0287149402626303,0.02171681123752004,0.029125985049420124
dataset/54-7/2.0MapBounded.png,0.052199959731149256,0.02171681123752004,0.06257838653079212
dataset/54-7/3.0MapBounded.png,0.006613664673870276,0.0217168112375217,0.06833471561873011
dataset/54-7/4.0MapBounded.png,0.006613664673870276,0.0217168112375217,0.06833471561873011
dataset/54-7/5.0MapBounded.png,0.04576609821104571,0.021716811237518938,0.06833033610064133
dataset/54-8/0MapBounded.png,0.023950287734436717,0.002055514216559378,0.00322606251214632
dataset/54-8/1.0MapBounded.png,0.032819208313455896,0.0020555142165577115,0.035148369861251395
dataset/54-8/2.0MapBounded.png,0.03634452420903643,0.002055514216559378,0.057983724615902586
dataset/54-8/3.0MapBounded.png,0.03575115222413804,0.002055514216559378,0.060868732156885284
dataset/54-8/4.0MapBounded.png,0.06835951219701304,0.002055514216559378,0.06438329542312987
dataset/54-8/5.0MapBounded.png,0.056736454316728836,0.002055514216559378,0.06834785417299645
dataset/54-8/6.0MapBounded.png,0.056736454316728836,0.002055514216559378,0.0685783263124184
dataset/54-8/7.0MapBounded.png,0.04092706547771827,0.0020555142165610456,0.06859255974620693
dataset/54-9/0MapBounded.png,0.089552898071839,0.012931463891487218,0.0022817289242534977
dataset/54-9/1.0MapBounded.png,0.08414997608296707,0.012931463891483889,0.01557356632369566
dataset/54-9/2.0MapBounded.png,0.07134404380544286,0.012931463891489988,0.049163375185103074
dataset/54-9/3.0MapBounded.png,0.01741853044543627,0.012931463891487773,0.05647771783312395
dataset/54-9/4.0MapBounded.png,0.022062330470482453,0.012931463891487218,0.060706689987600496
dataset/54-9/5.0MapBounded.png,0.03817817661508933,0.012931463891487773,0.06879511245781293
dataset/54-9/6.0MapBounded.png,0.03817817661508933,0.012931463891487773,0.06901901532010171
dataset/54-9/7.0MapBounded.png,0.06432229265758531,0.012931463891487773,0.06902120507914611
dataset/56-0/0MapBounded.png,0.15950253425436042,0.007320391877437776,0.00339357907904209
dataset/56-0/1.0MapBounded.png,0.12814973993474527,0.007320391877433334,0.03332594289655852
dataset/56-0/2.0MapBounded.png,0.10717040861077258,0.007320391877431667,0.048728160575030724
dataset/56-0/3.0MapBounded.png,0.11050565555774572,0.007320391877437776,0.05927677733161438
dataset/56-0/4.0MapBounded.png,0.0678983539840728,0.00732039187743833,0.08276577516101573
dataset/56-0/5.0MapBounded.png,0.048411404199995636,0.00732039187743944,0.12448670679400117
dataset/56-0/6.0MapBounded.png,0.04421348377397897,0.007320391877436665,0.12936767970394458
dataset/56-0/7.0MapBounded.png,0.0819396965923578,0.007320391877436665,0.13310997791080564
dataset/56-0/8.0MapBounded.png,0.08464865573768782,0.007320391877437776,0.15570719636937952
dataset/56-0/9.0MapBounded.png,0.14297103697041394,0.00732039187743833,0.1557504441105062
dataset/56-0/10.0MapBounded.png,0.053388496265031185,0.007320391877438885,0.15673528824072022
dataset/56-0/11.0MapBounded.png,0.08903149799304572,0.00732039187743833,0.1628567596493101
dataset/56-0/12.0MapBounded.png,0.08903149799304572,0.00732039187743833,0.16283486205886621
dataset/56-0/13.0MapBounded.png,0.1129467304939401,0.00732039187743833,0.16282665046244973
dataset/56-2/0MapBounded.png,0.03844646197689732,0.033955275597554256,0.006542452584873692
dataset/56-2/1.0MapBounded.png,0.07001225369072667,0.03395527559755315,0.03832078327681018
dataset/56-2/2.0MapBounded.png,0.06284507688966781,0.03395527559755371,0.07128267873223901
dataset/56-2/3.0MapBounded.png,0.05959968319956398,0.03395527559755481,0.07344725554761769
dataset/56-2/4.0MapBounded.png,0.08916825968985412,0.03395527559755757,0.1112337376175969
dataset/56-2/5.0MapBounded.png,0.056598919950681184,0.03395527559755371,0.14049494028800807
dataset/56-2/6.0MapBounded.png,0.0772500963352639,0.03395527559755757,0.16528137035121
dataset/56-2/7.0MapBounded.png,0.06322557840107135,0.033955275597554256,0.1706676301606462
dataset/56-2/8.0MapBounded.png,0.029305214159656156,0.03395527559755094,0.17080722729972603
dataset/56-2/9.0MapBounded.png,0.036097667179459815,0.033955275597554256,0.17080722729972603
dataset/56-2/10.0MapBounded.png,0.04333260835710905,0.03395527559755149,0.1709331384447784
dataset/56-5/0MapBounded.png,0.09135325012087192,0.07317984760578712,0.009594976692752171
dataset/56-5/1.0MapBounded.png,0.07716722985073671,0.07317984760578768,0.030587649211549887
dataset/56-5/2.0MapBounded.png,0.0964606545748403,0.07317984760578768,0.05653684132732245
dataset/56-5/3.0MapBounded.png,0.06956165394340798,0.07317984760578822,0.08397890167160732
dataset/56-5/4.0MapBounded.png,0.0914753990692804,0.07317984760578768,0.1028579092728084
dataset/56-5/5.0MapBounded.png,0.07381695809876342,0.07317984760578712,0.11546052001302907
dataset/56-5/6.0MapBounded.png,0.13224274236826333,0.07317984760578712,0.14583083563942334
dataset/56-5/7.0MapBounded.png,0.13168485156905768,0.07317984760578712,0.1483249711909826
dataset/56-5/8.0MapBounded.png,0.15076852231797194,0.07317984760578768,0.18030968667285274
dataset/56-5/9.0MapBounded.png,0.0720306328286143,0.07317984760578768,0.1820341219203092
dataset/56-5/10.0MapBounded.png,0.0720306328286143,0.07317984760578768,0.1820341219203092
dataset/56-5/11.0MapBounded.png,0.10137049868524638,0.07317984760578712,0.18347115129318958
dataset/56-7/0MapBounded.png,0.3632371385355107,0.009074812696959497,0.007883679999562049
dataset/56-7/1.0MapBounded.png,0.4000054356675516,0.009074812696957833,0.0358934353761048
dataset/56-7/2.0MapBounded.png,0.4460474057581568,0.009074812696960054,0.06302071785775873
dataset/56-7/3.0MapBounded.png,0.4620699441730342,0.009074812696957276,0.07926708764784296
dataset/56-7/4.0MapBounded.png,0.4742528916703586,0.009074812696960607,0.1296490637411486
dataset/56-7/5.0MapBounded.png,0.4698806047871321,0.009074812696959497,0.14067231077060358
dataset/56-7/6.0MapBounded.png,0.41121427092841545,0.009074812696958387,0.1438173521981075
dataset/56-7/7.0MapBounded.png,0.3925270368909163,0.009074812696957833,0.15101071065892588
dataset/56-7/8.0MapBounded.png,0.44417195881605664,0.009074812696959497,0.15630445314873664
dataset/56-7/9.0MapBounded.png,0.4413582025255146,0.009074812696959497,0.15632635073918055
dataset/56-7/10.0MapBounded.png,0.4490004965871099,0.009074812696959497,0.15632799305846384
dataset/56-7/11.0MapBounded.png,0.44967053179685756,0.009074812696959497,0.15632635073918055
dataset/56-7/12.0MapBounded.png,0.4520545915844621,0.009074812696958942,0.1563367520946414
dataset/56-7/13.0MapBounded.png,0.46260094275464464,0.009074812696958942,0.15634167905249127
dataset/56-7/14.0MapBounded.png,0.46973922956188596,0.009074812696959497,0.15634386881153567
dataset/56-7/15.0MapBounded.png,0.31551934097763856,0.009074812696959497,0.15634113161273017
dataset/56-7/16.0MapBounded.png,0.11763734765107539,0.009074812696964493,0.15634222649225238
dataset/56-7/17.0MapBounded.png,0.081056971745149,0.009074812696959497,0.15634222649225238
dataset/56-7/18.0MapBounded.png,0.06852350487115114,0.009074812696958942,0.15634989064890772
dataset/56-7/19.0MapBounded.png,0.06391600781299644,0.009074812696959497,0.15635262784771323
dataset/56-7/20.0MapBounded.png,0.07487972897597978,0.009074812696958942,0.1563509855284299
dataset/56-7/21.0MapBounded.png,0.07025573723853179,0.009074812696959497,0.15635262784771323
dataset/56-7/22.0MapBounded.png,0.056368062628296516,0.009074812696959497,0.1563586496850853
dataset/56-7/23.0MapBounded.png,0.0760472399369036,0.009074812696958942,0.15636029200436857
dataset/56-7/24.0MapBounded.png,0.0620529344000298,0.009074812696959497,0.15636029200436857
dataset/56-7/25.0MapBounded.png,0.03714621942995047,0.009074812696959497,0.1563597445646075
dataset/56-7/26.0MapBounded.png,0.013663509691849136,0.009074812696959497,0.1563575548055631
dataset/56-7/27.0MapBounded.png,0.020974559477563794,0.009074812696958942,0.1563531752874743
dataset/56-7/28.0MapBounded.png,0.05859928577487216,0.009074812696958942,0.15635481760675762
dataset/56-7/29.0MapBounded.png,0.0753223140546152,0.009074812696959497,0.156357007365802
dataset/56-7/30.0MapBounded.png,0.07654742692368494,0.009074812696959497,0.1563575548055631
dataset/56-7/31.0MapBounded.png,0.10042247022249337,0.009074812696958942,0.1563575548055631
dataset/56-7/32.0MapBounded.png,0.05760347490993731,0.009074812696959497,0.1563575548055631
dataset/56-7/33.0MapBounded.png,0.2450794766417497,0.009074812696959497,0.1563597445646075
dataset/56-7/34.0MapBounded.png,0.38945367631553884,0.009074812696960607,0.15636083944412968
dataset/56-7/35.0MapBounded.png,0.43245089559738015,0.009074812696959497,0.15636029200436857
dataset/56-7/36.0MapBounded.png,0.43367648601746894,0.009074812696960607,0.15636357664293515
dataset/56-7/37.0MapBounded.png,0.436691107754061,0.009074812696959497,0.15636302920317408
dataset/56-7/38.0MapBounded.png,0.43678394167554946,0.009074812696958387,0.15636959848030724
dataset/56-7/39.0MapBounded.png,0.4306799750233739,0.009074812696959497,0.15636795616102392
dataset/56-7/40.0MapBounded.png,0.4316697076636149,0.009074812696959497,0.15636959848030724
dataset/56-7/41.0MapBounded.png,0.4190912871977235,0.009074812696959497,0.15636795616102392
dataset/56-7/42.0MapBounded.png,0.4094529929727663,0.009074812696958942,0.15722798402570778
dataset/56-7/43.0MapBounded.png,0.40279315083665274,0.009074812696955611,0.15770261429857912
dataset/56-7/44.0MapBounded.png,0.36653282499375056,0.00907481269696227,0.15769330782264046
dataset/56-7/45.0MapBounded.png,0.4757300679554034,0.009074812696958942,0.15771575285284548
dataset/56-7/46.0MapBounded.png,0.4757300679554034,0.009074812696958942,0.1577080886961901
dataset/56-7/47.0MapBounded.png,0.43443628496174724,0.009074812696957276,0.1577080886961901
dataset/56-7/48.0MapBounded.png,0.42211092626137636,0.009074812696957276,0.15776009547349434
dataset/6-1/0MapBounded.png,0.13209568405615754,0.014648653590866012,0.00718076734631313
dataset/6-1/1.0MapBounded.png,0.1540821754393946,0.014648653590864905,0.04371142260433518
dataset/6-1/2.0MapBounded.png,0.10857637080562642,0.014648653590866567,0.0655110213309903
dataset/6-1/3.0MapBounded.png,0.12422535326775001,0.014648653590865458,0.10924488896553046
dataset/6-1/4.0MapBounded.png,0.0951421211887804,0.014648653590866012,0.15161946367326606
dataset/6-1/5.0MapBounded.png,0.108006795385867,0.014648653590863241,0.16700197352033877
dataset/6-1/6.0MapBounded.png,0.05133528057165807,0.014648653590864905,0.17621593213936723
dataset/6-1/7.0MapBounded.png,0.03039467481926645,0.014648653590866012,0.1894234638156004
dataset/6-1/8.0MapBounded.png,0.11509903710996024,0.014648653590864905,0.20518589685687463
dataset/6-1/9.0MapBounded.png,0.12694476032805893,0.014648653590867122,0.2082833110251631
dataset/6-1/10.0MapBounded.png,0.12242296460929732,0.014648653590866012,0.2097942447657916
dataset/6-1/11.0MapBounded.png,0.10416576176241062,0.014648653590866012,0.20979643452483598
dataset/6-1/12.0MapBounded.png,0.08910197397428099,0.014648653590866012,0.20980847819958012
dataset/6-2/0MapBounded.png,0.18591483642076706,0.015403908670078697,0.0027470527211861926
dataset/6-2/1.0MapBounded.png,0.17591503737464523,0.015403908670075924,0.025571458680615434
dataset/6-2/2.0MapBounded.png,0.16342277651063714,0.015403908670079803,0.04550155062312331
dataset/6-2/3.0MapBounded.png,0.16741981278596121,0.015403908670078141,0.06384735189701564
dataset/6-2/4.0MapBounded.png,0.19417376050558519,0.01540390867007648,0.09315289718807568
dataset/6-2/5.0MapBounded.png,0.16876605489850627,0.015403908670078697,0.11782764954001376
dataset/6-2/6.0MapBounded.png,0.19230907225783944,0.015403908670079803,0.12311537019245244
dataset/6-2/7.0MapBounded.png,0.1331970121494502,0.015403908670078697,0.1320906450756425
dataset/6-2/8.0MapBounded.png,0.04665562326650474,0.015403908670079803,0.14911164212767938
dataset/6-2/9.0MapBounded.png,0.0737435258367885,0.015403908670078697,0.15553694260367826
dataset/6-2/10.0MapBounded.png,0.14164277276165604,0.015403908670077588,0.16208049006807415
dataset/6-2/11.0MapBounded.png,0.11717176896903372,0.015403908670078697,0.16543191628551174
dataset/6-2/12.0MapBounded.png,0.12138205318994835,0.015403908670079252,0.16627716327664596
dataset/6-2/13.0MapBounded.png,0.12138205318994835,0.015403908670079252,0.16627990047545146
dataset/6-2/14.0MapBounded.png,0.150228859470832,0.015403908670078697,0.16626895168022948
dataset/6-2/15.0MapBounded.png,0.1700940374203171,0.015403908670078697,0.16630015574661206
dataset/6-2/16.0MapBounded.png,0.23690400716227508,0.015403908670078141,0.16631438918040056
dataset/6-3/0MapBounded.png,0.01796229379142193,0.06645837507061333,0.0022302695867103526
dataset/6-3/1.0MapBounded.png,0.001225911675103986,0.06645837507061443,0.014293652162250196
dataset/6-4/0MapBounded.png,0.048370046111672615,0.010574034785099653,0.003600511308736865
dataset/6-4/1.0MapBounded.png,0.03467719423261005,0.010574034785099653,0.011675795224682964
dataset/6-4/2.0MapBounded.png,0.04006825891189408,0.010574034785096878,0.02267823954321627
dataset/6-4/3.0MapBounded.png,0.010171921268250781,0.01057403478509799,0.038041041558889474
dataset/6-4/4.0MapBounded.png,0.04152655278621343,0.010574034785099653,0.038905448941662084
dataset/6-4/5.0MapBounded.png,0.04152655278621343,0.010574034785099653,0.038907091260945374
dataset/6-4/6.0MapBounded.png,0.013182445367594699,0.010574034785099653,0.03891420797783964
dataset/66-00/0MapBounded.png,0.10323717500178982,0.012431465786943922,0.004237183750893012
dataset/66-00/1.0MapBounded.png,0.03820003346377879,0.012431465786943922,0.05086755516139893
dataset/66-00/2.0MapBounded.png,0.0387113273323001,0.012431465786946143,0.06813490010592961
dataset/66-00/3.0MapBounded.png,0.037684005172911476,0.012431465786944478,0.13401434839613838
dataset/66-00/4.0MapBounded.png,0.03973309411467817,0.012431465786942814,0.18873149995757343
dataset/66-00/5.0MapBounded.png,0.011732337333892676,0.012431465786945588,0.18977656246150817
dataset/66-00/6.0MapBounded.png,0.041606969499562406,0.012431465786944478,0.23089585779704766
dataset/66-00/7.0MapBounded.png,0.07887756288662649,0.012431465786942814,0.2576853699461046
dataset/66-00/8.0MapBounded.png,0.021949731047749072,0.012431465786944478,0.2748815477216926
dataset/66-00/9.0MapBounded.png,0.004942535300704012,0.012431465786943922,0.2754771621817665
dataset/66-00/10.0MapBounded.png,0.03509529614888972,0.012431465786945034,0.28820951614536716
dataset/66-00/11.0MapBounded.png,0.05585378592523832,0.012431465786943922,0.28816791072352377
dataset/66-00/12.0MapBounded.png,0.0040261164219936914,0.012431465786943922,0.2881711953620904
dataset/66-00/13.0MapBounded.png,0.011846357021728409,0.012431465786943922,0.2881772171994625
dataset/66-00/14.0MapBounded.png,0.005700483982706832,0.012431465786943367,0.2881673632837627
dataset/66-1/0MapBounded.png,0.027658811051937356,0.016631729390284476,0.009740595669204051
dataset/66-1/1.0MapBounded.png,0.0381695056062427,0.01663172939028614,0.014381242524025763
dataset/66-1/2.0MapBounded.png,0.04204044115973709,0.01663172939028337,0.015137256834101118
dataset/66-1/3.0MapBounded.png,0.04200209640425037,0.01663172939028503,0.015158606984783912
dataset/66-1/4.0MapBounded.png,0.017094576498698853,0.01663172939028281,0.016014802771140074
dataset/66-1/5.0MapBounded.png,0.01860560493980433,0.016631729390284476,0.016072283946055286
dataset/66-1/6.0MapBounded.png,0.01860560493980433,0.016631729390284476,0.016072283946055286
dataset/66-1/7.0MapBounded.png,0.01867565149549694,0.016631729390283925,0.016079400662949554
dataset/66-1/8.0MapBounded.png,0.018446085768006357,0.01663172939028614,0.016160969187353047
dataset/66-1/9.0MapBounded.png,0.01937292861446688,0.016631729390285583,0.01617848725970816
dataset/66-2/0MapBounded.png,0.0947810054854069,0.005740254491382107,0.0030475971500286037
dataset/66-2/1.0MapBounded.png,0.028492193293064353,0.005740254491381552,0.05138324341635257
dataset/66-2/2.0MapBounded.png,0.03493460026970481,0.005740254491381552,0.0596561530860548
dataset/66-2/3.0MapBounded.png,0.0232805319723598,0.005740254491380997,0.06015541814817552
dataset/66-2/4.0MapBounded.png,0.024284396057412765,0.005740254491382107,0.06013625775653712
dataset/66-2/5.0MapBounded.png,0.024284396057412765,0.005740254491382107,0.06179718999170629
dataset/66-2/6.0MapBounded.png,0.03523686981638858,0.005740254491383217,0.061795547672423
dataset/66-3/0MapBounded.png,0.15247041098698047,0.0020457796978189243,0.004591924716084053
dataset/66-3/1.0MapBounded.png,0.06821880285595167,0.002045779697827816,0.03967022228791499
dataset/66-3/2.0MapBounded.png,0.0250080336984763,0.0020457796978183684,0.12181793795865188
dataset/66-3/3.0MapBounded.png,0.04218822665593547,0.0020457796978189243,0.17348530261101397
dataset/66-3/4.0MapBounded.png,0.06551530833181578,0.0020457796978194803,0.18943167541201686
dataset/66-3/5.0MapBounded.png,0.03718922481023911,0.0020457796978144787,0.19823505421022233
dataset/66-3/6.0MapBounded.png,0.015611127566457866,0.0020457796978189243,0.21931367477151237
dataset/66-3/7.0MapBounded.png,0.028474242629787788,0.0020457796978189243,0.24093645045533296
dataset/66-3/8.0MapBounded.png,0.021830979408349913,0.002045779697813367,0.253850006979857
dataset/66-3/9.0MapBounded.png,0.06308368269309435,0.0020457796978228145,0.2607406312527885
dataset/66-3/10.0MapBounded.png,0.012193532394560395,0.002045779697817257,0.262172733667819
dataset/66-3/11.0MapBounded.png,0.012581693537395511,0.0020457796978189243,0.2638008195173224
dataset/66-3/12.0MapBounded.png,0.012581693537395511,0.0020457796978189243,0.26388457780077035
dataset/66-3/13.0MapBounded.png,0.015253880213011385,0.0020457796978222585,0.26396067192756284
dataset/66-3/14.0MapBounded.png,0.05266068407949395,0.0020457796978167017,0.2658602878985704
dataset/66-4/0MapBounded.png,0.08130349449613396,0.019459569603677243,0.005262538423428233
dataset/66-4/1.0MapBounded.png,0.11037520386920228,0.019459569603677243,0.023106337436394345
dataset/66-4/2.0MapBounded.png,0.07699381603630912,0.019459569603677798,0.07342152587884611
dataset/66-4/3.0MapBounded.png,0.05424951372789262,0.01945956960367558,0.10852664799897081
dataset/66-4/4.0MapBounded.png,0.03046156237383949,0.019459569603677243,0.12257614202777163
dataset/66-4/5.0MapBounded.png,0.03069601607128338,0.019459569603677243,0.12261117817248185
dataset/66-4/6.0MapBounded.png,0.03376891129634191,0.019459569603677243,0.12766130996860434
dataset/66-4/7.0MapBounded.png,0.03510249283844347,0.019459569603676688,0.16236570618360585
dataset/66-4/8.0MapBounded.png,0.010421691911498405,0.019459569603677243,0.16811710831369395
dataset/66-4/9.0MapBounded.png,0.039887333185935424,0.019459569603678905,0.1920927800907108
dataset/66-4/10.0MapBounded.png,0.03969507630971248,0.019459569603677243,0.2126239608909035
dataset/66-4/11.0MapBounded.png,0.01804943880309921,0.019459569603676688,0.2267227244982031
dataset/66-4/12.0MapBounded.png,0.044173683197461615,0.019459569603677798,0.24147403630073058
dataset/66-4/13.0MapBounded.png,0.04374061310383136,0.019459569603673364,0.24797981042161077
dataset/66-4/14.0MapBounded.png,0.05251525944648926,0.019459569603681122,0.2555016327390875
dataset/66-4/15.0MapBounded.png,0.05323559648369556,0.01945956960367558,0.25661622009268154
dataset/66-4/16.0MapBounded.png,0.03921401476386243,0.019459569603682784,0.2571368353054851
dataset/66-4/17.0MapBounded.png,0.04036375278239387,0.019459569603676136,0.25714942641999033
dataset/66-4/18.0MapBounded.png,0.04121515000530389,0.019459569603677243,0.25714942641999033
dataset/66-4/19.0MapBounded.png,0.05676122605418409,0.019459569603677243,0.257170229130912
dataset/66-4/20.0MapBounded.png,0.07924476825067157,0.019459569603678353,0.25756876527699085
dataset/66-5/0MapBounded.png,0.25410817232281935,0.0037060725201748914,0.013508623544836685
dataset/66-5/1.0MapBounded.png,0.1793379763558384,0.003706072520176003,0.08210392048984912
dataset/66-5/2.0MapBounded.png,0.06821853598036669,0.00370607252017378,0.13543550201594692
dataset/66-5/3.0MapBounded.png,0.06114045161596265,0.0037060725201754465,0.15533384245231116
dataset/66-5/4.0MapBounded.png,0.10668983277620978,0.0037060725201715585,0.19354732753594628
dataset/66-5/5.0MapBounded.png,0.11232610030106323,0.003706072520174336,0.21546298349195403
dataset/66-5/6.0MapBounded.png,0.07891335135602404,0.0037060725201748914,0.22589992253727376
dataset/66-5/7.0MapBounded.png,0.12375153772927046,0.0037060725201776695,0.2351839534457227
dataset/66-5/8.0MapBounded.png,0.07758054980528996,0.00370607252016878,0.24275723510074262
dataset/66-5/9.0MapBounded.png,0.06673085198107509,0.0037060725201754465,0.25216389251567733
dataset/66-5/10.0MapBounded.png,0.07453010384755408,0.0037060725201748914,0.25218031570851024
dataset/66-5/11.0MapBounded.png,0.058772658693398754,0.0037060725201754465,0.25219838122062643
dataset/68-00/0MapBounded.png,0.301895544238347,0.012517926568844219,0.005643009057390848
dataset/68-00/1.0MapBounded.png,0.2598875755734577,0.012517926568841447,0.059995018298174024
dataset/68-00/2.0MapBounded.png,0.22876001640360988,0.012517926568841447,0.08969745741602958
dataset/68-00/3.0MapBounded.png,0.19701687115180175,0.012517926568843107,0.09372223453961687
dataset/68-00/4.0MapBounded.png,0.19688031676979437,0.012517926568846436,0.09372059222033356
dataset/68-00/5.0MapBounded.png,0.16341710123508454,0.012517926568845882,0.11003648686007715
dataset/68-00/6.0MapBounded.png,0.15034296962191288,0.012517926568843662,0.17361833047296057
dataset/68-00/7.0MapBounded.png,0.16614949516909366,0.012517926568843662,0.18028340956432007
dataset/68-00/8.0MapBounded.png,0.20377984323412035,0.012517926568843662,0.19680240435543075
dataset/68-00/9.0MapBounded.png,0.21284328772674663,0.012517926568841998,0.2219320791488407
dataset/68-00/10.0MapBounded.png,0.1887396872044661,0.012517926568846436,0.24492619143421007
dataset/68-00/11.0MapBounded.png,0.2174533873823388,0.012517926568845327,0.24997906042913803
dataset/68-00/12.0MapBounded.png,0.1637705588521068,0.012517926568844219,0.30590550642283704
dataset/68-00/13.0MapBounded.png,0.08584392220918508,0.012517926568846436,0.3516840615650756
dataset/68-00/14.0MapBounded.png,0.03250263510220092,0.012517926568847546,0.3735986226415611
dataset/68-00/15.0MapBounded.png,0.0355932851846372,0.012517926568845882,0.39754911218956746
dataset/68-00/16.0MapBounded.png,0.13328229043615117,0.012517926568843107,0.4186124044375467
dataset/68-00/17.0MapBounded.png,0.1467229143538619,0.012517926568843662,0.4404864549717111
dataset/68-00/18.0MapBounded.png,0.11440215887621658,0.012517926568844219,0.4535390611955537
dataset/68-00/19.0MapBounded.png,0.16206616963570325,0.012517926568844219,0.4567853789788607
dataset/68-00/20.0MapBounded.png,0.18159582901121338,0.012517926568843107,0.4599287780870812
dataset/68-00/21.0MapBounded.png,0.17641256351769996,0.012517926568845882,0.468969745741603
dataset/68-00/22.0MapBounded.png,0.13246308254861294,0.012517926568844219,0.4693042314356333
dataset/68-00/23.0MapBounded.png,0.146224457713766,0.012517926568842552,0.4707976471039068
dataset/68-00/24.0MapBounded.png,0.14230773435635177,0.012517926568844219,0.47081078565817314
dataset/68-00/25.0MapBounded.png,0.16096178444402603,0.012517926568844219,0.4708972811404265
dataset/68-00/26.0MapBounded.png,0.16286283992981498,0.012517926568844219,0.47176606804128796
dataset/68-00/27.0MapBounded.png,0.16286283992981498,0.012517926568844219,0.4717677103605711
dataset/68-00/28.0MapBounded.png,0.1477760225915068,0.012517926568843662,0.47177154243889896
dataset/68-00/29.0MapBounded.png,0.20788485622050246,0.012517926568844219,0.473105653136693
dataset/68-00/30.0MapBounded.png,0.20456167417155882,0.012517926568844219,0.4733399573544427
dataset/68-00/31.0MapBounded.png,0.2012399053041087,0.012517926568844219,0.473325176480893
dataset/68-5/0MapBounded.png,0.2826765360796327,0.00739580935391896,0.004784076072229203
dataset/68-5/1.0MapBounded.png,0.27584000326923036,0.007395809353919516,0.061700840593753165
dataset/68-5/2.0MapBounded.png,0.21634889278563968,0.00739580935391896,0.09494685728519149
dataset/68-5/3.0MapBounded.png,0.21095284124894695,0.007395809353920071,0.0980349649775413
dataset/68-5/4.0MapBounded.png,0.1707462261658879,0.007395809353916183,0.13422511270416082
dataset/68-5/5.0MapBounded.png,0.1495130371626078,0.007395809353917295,0.15797797649841108
dataset/68-5/6.0MapBounded.png,0.13648300275640274,0.0073958093539184065,0.16473831010820147
dataset/68-5/7.0MapBounded.png,0.10334668438054943,0.0073958093539184065,0.21180280124925754
dataset/68-5/8.0MapBounded.png,0.06750438828520629,0.00739580935391896,0.27584942121931255
dataset/68-5/9.0MapBounded.png,0.0480679524107334,0.007395809353917295,0.31764699441885164
dataset/68-5/10.0MapBounded.png,0.09405049846828578,0.0073958093539178505,0.34859704875224795
dataset/68-5/11.0MapBounded.png,0.07776449336453697,0.007395809353915629,0.35549041022398503
dataset/68-5/12.0MapBounded.png,0.10080530104308442,0.007395809353920626,0.3704727416056956
dataset/68-5/13.0MapBounded.png,0.1504360535148994,0.00739580935391896,0.3760861889159872
dataset/68-5/14.0MapBounded.png,0.1519969681910205,0.007395809353920626,0.4019012582902909
dataset/68-5/15.0MapBounded.png,0.16779312273785627,0.00739580935391896,0.41877116196826497
dataset/68-5/16.0MapBounded.png,0.187004909603223,0.007395809353920071,0.4362635046546066
dataset/68-5/17.0MapBounded.png,0.16645037656324935,0.0073958093539228465,0.4394288013532711
dataset/68-5/18.0MapBounded.png,0.09434486595554839,0.007395809353916739,0.4408078021114752
dataset/68-5/19.0MapBounded.png,0.09138608037680089,0.00739580935391896,0.4416672825363979
dataset/68-5/20.0MapBounded.png,0.09138608037680089,0.00739580935391896,0.44166782997615905
dataset/68-5/21.0MapBounded.png,0.10021083648544946,0.00739580935391896,0.4416689248556812
dataset/68-5/22.0MapBounded.png,0.11117572662955653,0.00739580935391896,0.4418052373561944
dataset/68-5/23.0MapBounded.png,0.12774545581451827,0.00739580935391896,0.44350065829631274
dataset/7-0/0MapBounded.png,0.04208217863803583,0.011620255055662049,0.009327278649575598
dataset/7-0/1.0MapBounded.png,0.01855619574446363,0.011620255055662049,0.05086262820354905
dataset/7-0/2.0MapBounded.png,0.10099329082703208,0.011620255055660384,0.09349066752067271
dataset/7-0/3.0MapBounded.png,0.08898424285766282,0.011620255055662049,0.15650755330010374
dataset/7-0/4.0MapBounded.png,0.016313677398629007,0.011620255055662049,0.16811710831369395
dataset/7-0/5.0MapBounded.png,0.061297443246148796,0.011620255055665376,0.1792887115184063
dataset/7-0/6.0MapBounded.png,0.041532551417143265,0.011620255055663713,0.19024024393915756
dataset/7-1/0MapBounded.png,0.03307331917624824,0.021267231951279972,0.004781338873423716
dataset/7-1/1.0MapBounded.png,0.06371022094614161,0.02126723195128274,0.0350668013368479
dataset/7-1/2.0MapBounded.png,0.041445139892091774,0.021267231951279972,0.058714009257206365
dataset/7-1/3.0MapBounded.png,0.01505370696059218,0.021267231951279972,0.06100723441644291
dataset/7-2/0MapBounded.png,0.07032979256256125,0.05510509323620905,0.012131265105915908
dataset/7-2/1.0MapBounded.png,0.029777490813275128,0.055105093236210156,0.02952835327382664
dataset/7-2/2.0MapBounded.png,0.08307858384476623,0.05510509323620795,0.0710609656289946
dataset/7-2/3.0MapBounded.png,0.005813008455857359,0.05510509323620741,0.0731609445525638
dataset/7-2/4.0MapBounded.png,0.014242423761638048,0.05510509323620905,0.07315547015495283
dataset/7-2/5.0MapBounded.png,0.014242423761638048,0.05510509323620905,0.0731636817513693
dataset/7-2/6.0MapBounded.png,0.014242423761638048,0.05510509323620905,0.0731636817513693
dataset/7-2/7.0MapBounded.png,0.014242423761638048,0.05510509323620905,0.0731625868718471
dataset/7-2/8.0MapBounded.png,0.014242423761638048,0.05510509323620905,0.07316422919113039
dataset/7-2/9.0MapBounded.png,0.014242423761638048,0.05510509323620905,0.07316313431160819
dataset/7-2/10.0MapBounded.png,0.014242423761638048,0.05510509323620905,0.07316313431160819
dataset/7-2/11.0MapBounded.png,0.014242423761638048,0.05510509323620905,0.07316860870921917
dataset/7-2/12.0MapBounded.png,0.014242423761638048,0.05510509323620905,0.07316915614898026
dataset/7-2/13.0MapBounded.png,0.017529092366710217,0.05510509323620851,0.07317846262491891
dataset/7-2/14.0MapBounded.png,0.015463904323709483,0.05510509323620961,0.07482516142629955
dataset/7-3/0MapBounded.png,0.1223399670331596,0.03359540737699773,0.0026211415761338164
dataset/7-3/1.0MapBounded.png,0.05491466163174448,0.03359540737699829,0.02605046847157556
dataset/7-3/2.0MapBounded.png,0.05752707809168355,0.0335954073770005,0.03272211684006821
dataset/7-3/3.0MapBounded.png,0.05752707809168355,0.0335954073770005,0.03272047452078492
dataset/7-3/4.0MapBounded.png,0.07149134586399743,0.033595407376996636,0.056647971598825196
dataset/7-3/5.0MapBounded.png,0.039298102736169585,0.03359540737700216,0.08316595362637784
dataset/7-3/6.0MapBounded.png,0.10484422183741196,0.033595407376997184,0.0900385123871932
dataset/7-3/7.0MapBounded.png,0.052804386928387924,0.033595407376996636,0.09023175862286054
dataset/7-3/8.0MapBounded.png,0.0393351363623954,0.03359540737699498,0.0901989122371947
dataset/8-0/0MapBounded.png,0.17903289634740346,0.014826491462172473,0.008439331357075796
dataset/8-0/1.0MapBounded.png,0.13501671398727963,0.014826491462169147,0.04924056419141779
dataset/8-0/2.0MapBounded.png,0.10583543367120224,0.014826491462172473,0.06219572613778511
dataset/8-0/3.0MapBounded.png,0.030846129403208012,0.014826491462172473,0.09044635500921068
dataset/8-0/4.0MapBounded.png,0.0311512476397086,0.014826491462173026,0.1139222142843457
dataset/8-0/5.0MapBounded.png,0.09535748742688221,0.01482649146217192,0.14586203970580588
dataset/8-0/6.0MapBounded.png,0.08077667684483876,0.014826491462172473,0.1595069757511558
dataset/8-0/7.0MapBounded.png,0.08221237128988283,0.014826491462172473,0.1596684704806795
dataset/8-0/8.0MapBounded.png,0.08362513587519771,0.014826491462173581,0.1596684704806795
dataset/8-2/0MapBounded.png,0.12436054540106754,0.07925779844851176,0.0032955873618056753
dataset/8-2/1.0MapBounded.png,0.16116094367165928,0.07925779844850846,0.03895855059848852
dataset/8-2/2.0MapBounded.png,0.14055005394395984,0.07925779844850846,0.0389820905082157
dataset/8-2/3.0MapBounded.png,0.12286774773808276,0.07925779844851229,0.06739695130797047
dataset/8-2/4.0MapBounded.png,0.14128911933658528,0.0792577984485112,0.09343154402647419
dataset/8-2/5.0MapBounded.png,0.16354908158106732,0.07925779844850682,0.13502930171321273
dataset/8-2/6.0MapBounded.png,0.08831511150668211,0.0792577984485112,0.14673192148618946
dataset/8-2/7.0MapBounded.png,0.038211499957739696,0.07925779844851176,0.15156800433572293
dataset/8-2/8.0MapBounded.png,0.13416690895727723,0.07925779844851448,0.15496651037261489
dataset/8-2/9.0MapBounded.png,0.11865076319702443,0.07925779844851176,0.15835023553595723
dataset/8-2/10.0MapBounded.png,0.1451784139906277,0.07925779844851176,0.15937121069040366
dataset/8-3/0MapBounded.png,0.03049069604601484,0.02391492633995756,0.002711469136714869
dataset/8-3/1.0MapBounded.png,0.054377657380810636,0.02391492633995867,0.06724585793390761
dataset/8-3/2.0MapBounded.png,0.0320537612542544,0.02391492633995867,0.07685835269901489
dataset/8-3/3.0MapBounded.png,0.03576272087284293,0.023914926339958113,0.0769158338739301
dataset/8-3/4.0MapBounded.png,0.04603748346582483,0.023914926339957007,0.10555076545764597
dataset/8-3/5.0MapBounded.png,0.06696613280218298,0.02391492633995756,0.12251209157572324
dataset/8-3/6.0MapBounded.png,0.01923106778039485,0.02391492633995867,0.13448295683163763
dataset/8-3/7.0MapBounded.png,0.0364093896291069,0.023914926339958113,0.14168726408767796
dataset/8-3/8.0MapBounded.png,0.015384371786309232,0.023914926339958113,0.14329673698530399
dataset/8-4/0MapBounded.png,0.1006319488803538,7.698053320688165e-05,0.006965076080440799
dataset/8-4/1.0MapBounded.png,0.11825365922356199,7.698053320879186e-05,0.03819432469199671
dataset/8-4/2.0MapBounded.png,0.06828245510545654,7.698053320675e-05,0.05629104087458977
dataset/8-4/3.0MapBounded.png,0.0476985742612007,7.698053320721772e-05,0.08149626235503112
dataset/8-4/4.0MapBounded.png,0.033549685613343996,7.698053320683125e-05,0.10020173155196435
dataset/8-4/5.0MapBounded.png,0.03490312062086465,7.698053320727319e-05,0.11082151547749065
dataset/8-4/6.0MapBounded.png,0.03554102831525675,7.698053320674013e-05,0.13650081979104225
dataset/8-4/7.0MapBounded.png,0.06419033693433605,7.698053320675575e-05,0.1466892211848239
dataset/8-4/8.0MapBounded.png,0.04413985499397729,7.698053320703308e-05,0.15416451112260735
dataset/8-4/9.0MapBounded.png,0.052453273004558924,7.698053320642266e-05,0.15513183718046625
dataset/8-4/10.0MapBounded.png,0.052453273004558924,7.698053320642266e-05,0.1556732551041915
dataset/8-4/11.0MapBounded.png,0.04622695783596631,7.698053320818141e-05,0.15568858341750222
dataset/8-4/12.0MapBounded.png,0.0284739871443657,7.698053320688842e-05,0.1557553710683561
dataset/9-0/0MapBounded.png,0.0957258686537506,0.023781473834125304,0.0033454043800655287
dataset/9-0/1.0MapBounded.png,0.06470289793028601,0.02378147383412475,0.03630073055836119
dataset/9-0/2.0MapBounded.png,0.009504149104671946,0.023781473834125304,0.06852960417368074
dataset/9-0/3.0MapBounded.png,0.04854112631045003,0.023781473834125304,0.07665798974645327
dataset/9-0/4.0MapBounded.png,0.031589840343527645,0.023781473834125853,0.07773097167820396
dataset/9-1/0MapBounded.png,0.03894146815811435,0.029385266673352627,0.008586592652810967
dataset/9-1/1.0MapBounded.png,0.06469984593682293,0.029385266673354837,0.040702146237583385
dataset/9-1/2.0MapBounded.png,0.018617154153344567,0.029385266673350965,0.08612158089654211
dataset/9-1/3.0MapBounded.png,0.029519292075323722,0.029385266673352627,0.08905312081721808
dataset/9-1/4.0MapBounded.png,0.012694444757047141,0.029385266673345994,0.09247188212527065
dataset/9-3/0MapBounded.png,0.07340407261804155,0.04591898784820605,0.002805081335862505
dataset/9-3/1.0MapBounded.png,0.010400048557170216,0.04591898784820825,0.037533017460591185
dataset/9-3/2.0MapBounded.png,0.1041011094427653,0.0459189878482066,0.0506732140462094
dataset/9-3/3.0MapBounded.png,0.07346010929439681,0.0459189878482077,0.08056506732140463
dataset/9-3/4.0MapBounded.png,0.0993448745497449,0.0459189878482044,0.10183638667860087
dataset/9-3/5.0MapBounded.png,0.1259042833111499,0.04591898784820385,0.12596972110681373
dataset/9-3/6.0MapBounded.png,0.12323641611369716,0.0459189878482055,0.140370671462239
dataset/9-3/7.0MapBounded.png,0.16082856838700932,0.045918987848204945,0.14903609544064797
dataset/9-3/8.0MapBounded.png,0.08070260177834207,0.0459189878482066,0.14988736426915425
dataset/9-3/9.0MapBounded.png,0.08078172699835935,0.0459189878482077,0.1498786052329767
dataset/E1-0/0MapBounded.png,0.10745726654845235,0.007073361932834451,0.0033634698921817395
dataset/E1-0/1.0MapBounded.png,0.10035118077048917,0.007073361932830565,0.030741479784418223
dataset/E1-0/2.0MapBounded.png,0.08627832005905471,0.007073361932834451,0.044251745648538204
dataset/E1-0/3.0MapBounded.png,0.087801038039762,0.007073361932835562,0.046385118397534335
dataset/E1-0/4.0MapBounded.png,0.05827044474393204,0.007073361932833341,0.04647051900026551
dataset/E1-0/5.0MapBounded.png,0.07126828827438784,0.007073361932836118,0.05104875772232214
dataset/E1-0/6.0MapBounded.png,0.048409739835078715,0.007073361932835562,0.051024122933072756
dataset/E1-0/7.0MapBounded.png,0.048409739835078715,0.007073361932835562,0.051024122933072756
dataset/E1-0/8.0MapBounded.png,0.03547335442983396,0.007073361932837782,0.05116645727095805
dataset/E1-1/0MapBounded.png,0.04992490708484068,0.013821684437883914,0.01237761299840969
dataset/E1-1/1.0MapBounded.png,0.0497599143391164,0.013821684437883914,0.03214566277163277
dataset/E1-1/2.0MapBounded.png,0.10592257699907115,0.013821684437885026,0.057288476119309026
dataset/E1-1/3.0MapBounded.png,0.03106099058569965,0.013821684437882805,0.05829631271948913
dataset/E15-4/0MapBounded.png,0.11979075970137465,0.06574812596113037,0.004846484204994293
dataset/E15-4/1.0MapBounded.png,0.11443457035687792,0.06574812596112928,0.022507438337753916
dataset/E15-4/2.0MapBounded.png,0.1274783351808011,0.06574812596113093,0.022675502344410778
dataset/E15-4/3.0MapBounded.png,0.1274783351808011,0.06574812596113093,0.022675502344410778
dataset/E15-4/4.0MapBounded.png,0.10120908792595207,0.06574812596113037,0.04551961613523952
dataset/E15-4/5.0MapBounded.png,0.07731350217200099,0.06574812596112874,0.0753184046510482
dataset/E15-4/6.0MapBounded.png,0.054417031190703256,0.06574812596113037,0.09586436632479055
dataset/E15-4/7.0MapBounded.png,0.08130047700417237,0.06574812596113203,0.10695878052318819
dataset/E15-4/8.0MapBounded.png,0.06141688365593764,0.06574812596113093,0.12292486115559059
dataset/E15-4/9.0MapBounded.png,0.0680994309729257,0.06574812596113368,0.1778812438926252
dataset/E15-4/10.0MapBounded.png,0.13312379028096807,0.06574812596113037,0.1880773094430622
dataset/E15-4/11.0MapBounded.png,0.09702706793418914,0.06574812596113037,0.19789728387762529
dataset/E15-4/12.0MapBounded.png,0.10303302756905446,0.06574812596113037,0.20156075075888835
dataset/E15-4/13.0MapBounded.png,0.13908560954746024,0.06574812596113203,0.22296509797803127
dataset/E15-4/14.0MapBounded.png,0.02979344979283707,0.06574812596113203,0.22616707314068923
dataset/E15-4/15.0MapBounded.png,0.1395189061268107,0.06574812596112982,0.22886595116289893
dataset/E15-4/16.0MapBounded.png,0.13894630787940523,0.06574812596112982,0.23385860178410614
dataset/E15-4/17.0MapBounded.png,0.20208629918654428,0.06574812596113093,0.25296917640425143
dataset/E15-4/18.0MapBounded.png,0.02758161527436105,0.06574812596113368,0.25426277655972435
dataset/E15-4/19.0MapBounded.png,0.056410364010054156,0.06574812596112982,0.2542074851438535
dataset/E17-1/0MapBounded.png,0.07653438185413496,0.08877264106107166,0.00971869807876016
dataset/E17-1/1.0MapBounded.png,0.031065469459914077,0.08877264106107002,0.06243386243386244
dataset/E17-1/2.0MapBounded.png,0.13941743043699648,0.08877264106107112,0.07027101005373122
dataset/E17-1/3.0MapBounded.png,0.0904559164184892,0.08877264106107166,0.11473023537172528
dataset/E17-1/4.0MapBounded.png,0.10399707037851853,0.0887726410610722,0.11550541007343906
dataset/E17-1/5.0MapBounded.png,0.016781666487496686,0.08877264106107112,0.13424153589699375
dataset/E17-1/6.0MapBounded.png,0.060455538134982396,0.08877264106107333,0.15432929049069766
dataset/E17-1/7.0MapBounded.png,0.008423779384669367,0.08877264106106784,0.15435337784018593
dataset/E17-1/8.0MapBounded.png,0.009297496300952139,0.08877264106107387,0.16910852172104113
dataset/E17-1/9.0MapBounded.png,0.00981737409737871,0.08877264106107495,0.16940851871012244
dataset/E17-1/10.0MapBounded.png,0.00981737409737871,0.08877264106107495,0.16940687639083915
dataset/E17-1/11.0MapBounded.png,0.037190796395377555,0.08877264106107277,0.16940523407155586
dataset/E17-1/12.0MapBounded.png,0.1732607569714822,0.08877264106107166,0.16965815124118283
dataset/E17-1/13.0MapBounded.png,0.05829976052474449,0.08877264106107277,0.1728097619458199
dataset/E17-2/0MapBounded.png,0.016585846845491702,0.026418889486735393,0.008424003043765073
dataset/E17-2/1.0MapBounded.png,0.02911884855146358,0.02641888948673816,0.047161387978770286
dataset/E17-2/2.0MapBounded.png,0.0009284306937088602,0.026418889486735948,0.05726876828790952
dataset/E17-3/0MapBounded.png,0.1970786378434318,0.033115804818319765,0.003053618987400674
dataset/E17-3/1.0MapBounded.png,0.1512924973362985,0.033115804818319765,0.05579177581246904
dataset/E17-3/2.0MapBounded.png,0.05246090525934714,0.033115804818318106,0.07420217497817085
dataset/E17-3/3.0MapBounded.png,0.04818271410125728,0.0331158048183192,0.09731672401098164
dataset/E17-3/4.0MapBounded.png,0.03126135620076845,0.033115804818323075,0.10341739270864983
dataset/E17-3/5.0MapBounded.png,0.058909268196074185,0.03311580481832584,0.1266945313505065
dataset/E17-3/6.0MapBounded.png,0.05985764644359736,0.0331158048183192,0.13583184840298138
dataset/E17-3/7.0MapBounded.png,0.07907307850973867,0.033115804818322526,0.1397444003755437
dataset/E17-3/8.0MapBounded.png,0.07907307850973867,0.033115804818322526,0.14187175128716775
dataset/E17-3/9.0MapBounded.png,0.10552964230317904,0.033115804818319765,0.14187175128716775
dataset/E17-3/10.0MapBounded.png,0.09794042057241523,0.03311580481831479,0.1441436262957215
dataset/E17-4/0MapBounded.png,0.13584677432243603,0.04244122224920605,0.006507416440163466
dataset/E17-4/1.0MapBounded.png,0.09098433803182769,0.04244122224920495,0.03706440902509191
dataset/E17-4/2.0MapBounded.png,0.04683837717226927,0.04244122224920329,0.04265267410637302
dataset/E17-4/3.0MapBounded.png,0.05537251606995582,0.04244122224920661,0.07372097542816633
dataset/E17-4/4.0MapBounded.png,0.08003588488877511,0.04244122224920881,0.07969080602293226
dataset/E17-4/5.0MapBounded.png,0.033473618170774676,0.04244122224920771,0.07972584216764249
dataset/E17-6/0MapBounded.png,0.08081219479752592,0.11561470305644363,0.0047922876686456615
dataset/E17-6/1.0MapBounded.png,0.08022753320392347,0.11561470305643817,0.02057716574012487
dataset/E17-6/2.0MapBounded.png,0.09154255865142123,0.11561470305644363,0.03672554381297268
dataset/E17-6/3.0MapBounded.png,0.05475801642197731,0.11561470305644253,0.0603420951067097
dataset/E17-6/4.0MapBounded.png,0.03489472781505364,0.11561470305644471,0.06996553866703893
dataset/E17-6/5.0MapBounded.png,0.07004703758565876,0.11561470305644363,0.07969628042054323
dataset/E17-6/6.0MapBounded.png,0.04974191771747895,0.11561470305644145,0.08148257636100369
dataset/E18-0/0MapBounded.png,0.14508370438247062,0.039150396258685806,0.007333503039659275
dataset/E18-0/1.0MapBounded.png,0.11117935346356406,0.03915039625868746,0.052075754714140644
dataset/E18-0/2.0MapBounded.png,0.13440191089950967,0.039150396258685806,0.09819645970706499
dataset/E18-0/3.0MapBounded.png,0.10541731856684942,0.039150396258685806,0.14424654497080777
dataset/E18-0/4.0MapBounded.png,0.10097145503127102,0.03915039625868525,0.18050348034828118
dataset/E18-0/5.0MapBounded.png,0.024111961211252184,0.039150396258685806,0.19849070857865478
dataset/E18-0/6.0MapBounded.png,0.05890119335000993,0.03915039625868636,0.22102661378398578
dataset/E18-0/7.0MapBounded.png,0.06419610462266209,0.039150396258688006,0.23500110856551618
dataset/E18-0/8.0MapBounded.png,0.065387344941445,0.03915039625868636,0.2460873111674974
dataset/E18-0/9.0MapBounded.png,0.08097648992745911,0.03915039625868636,0.2542633239994855
dataset/E18-0/10.0MapBounded.png,0.11780970106600756,0.039150396258685806,0.2548020047244052
dataset/E18-0/11.0MapBounded.png,0.14887141027040568,0.039150396258685806,0.2570103767206716
dataset/E18-0/12.0MapBounded.png,0.06975880266064143,0.039150396258685806,0.2570809964498532
dataset/E18-0/13.0MapBounded.png,0.0660055533018991,0.03915039625868636,0.2570826387691365
dataset/E18-0/14.0MapBounded.png,0.0639846643140223,0.03915039625868525,0.25708154388961424
dataset/E18-1/0MapBounded.png,0.06887630255295348,0.003252060781165849,0.017486320848969582
dataset/E18-1/1.0MapBounded.png,0.038203521900849,0.003252060781165849,0.0961955673802544
dataset/E18-1/2.0MapBounded.png,0.05891951717832896,0.0032520607811630706,0.09656673153827836
dataset/E18-1/3.0MapBounded.png,0.007351113995074985,0.003252060781165849,0.09804372401371884
dataset/E18-1/4.0MapBounded.png,0.020536269951237168,0.003252060781164737,0.11338955539679804
dataset/E18-1/5.0MapBounded.png,0.025465325907580754,0.0032520607811664043,0.12394693118955924
dataset/E18-1/6.0MapBounded.png,0.02308190805603173,0.003252060781165849,0.1303508815148753
dataset/E18-1/7.0MapBounded.png,0.02308190805603173,0.003252060781165849,0.1303508815148753
dataset/E18-1/8.0MapBounded.png,0.02671853876205271,0.003252060781165849,0.13034595455702544
dataset/E18-1/9.0MapBounded.png,0.026616183069619877,0.003252060781165849,0.1303569033522474
dataset/E18-2/0MapBounded.png,0.03817198225098049,0.002889975539681362,0.007911051987616912
dataset/E18-2/1.0MapBounded.png,0.07666397602949014,0.002889975539686363,0.04421670950382798
dataset/E18-2/2.0MapBounded.png,0.010878616905981213,0.002889975539678585,0.08867757714110534
dataset/E18-2/3.0MapBounded.png,0.020396636409090122,0.002889975539681362,0.09969644465247156
dataset/E18-2/4.0MapBounded.png,0.10097757248434293,0.0028899755396780288,0.10505752223289731
dataset/E18-2/5.0MapBounded.png,0.016330242906212693,0.002889975539682473,0.11381053657308185
dataset/E18-2/6.0MapBounded.png,0.05158800210198936,0.002889975539681362,0.12354948992300262
dataset/E18-2/7.0MapBounded.png,0.019430224222522545,0.002889975539681918,0.123613540375051
dataset/E18-2/8.0MapBounded.png,0.019430224222522545,0.002889975539681918,0.123613540375051
dataset/E18-2/9.0MapBounded.png,0.04097582934947453,0.002889975539680252,0.1250675403805254
dataset/E18-5/0MapBounded.png,0.10477935413990806,0.029094104264929754,0.013480704117020724
dataset/E18-5/1.0MapBounded.png,0.08648390217753806,0.029094104264929203,0.03783465676895579
dataset/E18-5/2.0MapBounded.png,0.0884675843220742,0.029094104264930858,0.08919545515510338
dataset/E18-5/3.0MapBounded.png,0.13422914959234947,0.029094104264929754,0.11708586866372693
dataset/E18-5/4.0MapBounded.png,0.07292945733150544,0.02909410426493031,0.12203965106189629
dataset/E18-5/5.0MapBounded.png,0.08919937260126626,0.029094104264929754,0.1350407979481958
dataset/E18-5/6.0MapBounded.png,0.11358194647517277,0.029094104264929754,0.14457172418889958
dataset/E18-5/7.0MapBounded.png,0.08785148272029566,0.029094104264928648,0.14470365717132402
dataset/E18-5/8.0MapBounded.png,0.08472811380868936,0.029094104264929203,0.1457197053679206
dataset/E18-5/9.0MapBounded.png,0.09276739020778621,0.029094104264929203,0.1457197053679206
dataset/E18-5/10.0MapBounded.png,0.09369554767549587,0.029094104264931413,0.14570875657269863
dataset/E18-6/0MapBounded.png,0.19465224252594918,0.07004645186597205,0.014102595685627245
dataset/E18-6/1.0MapBounded.png,0.18205364370807472,0.07004645186597097,0.0477652140352606
dataset/E18-6/2.0MapBounded.png,0.20972688067023962,0.07004645186597205,0.07224015087439817
dataset/E18-6/3.0MapBounded.png,0.1579183086140611,0.07004645186597153,0.09004672398360966
dataset/E18-6/4.0MapBounded.png,0.1728384709958099,0.07004645186597205,0.12739251704590557
dataset/E18-6/5.0MapBounded.png,0.16564778542923608,0.07004645186596986,0.1376657716026573
dataset/E18-6/6.0MapBounded.png,0.12521165125438452,0.07004645186597205,0.16621694490292527
dataset/E18-6/7.0MapBounded.png,0.06493340897881081,0.07004645186597262,0.18410070701845146
dataset/E18-6/8.0MapBounded.png,0.07229608305338646,0.07004645186597316,0.19206048114480603
dataset/E18-6/9.0MapBounded.png,0.12899321294546265,0.07004645186597205,0.19494329892674436
dataset/E18-6/10.0MapBounded.png,0.11637309612178265,0.07004645186596876,0.19676244125287065
dataset/E18-6/11.0MapBounded.png,0.075080844423472,0.07004645186597262,0.20237643600292335
dataset/E18-6/12.0MapBounded.png,0.03965695682732549,0.07004645186597205,0.20735923270843085
dataset/E18-6/13.0MapBounded.png,0.12006433473420737,0.07004645186597427,0.20779827939683088
dataset/E18-6/14.0MapBounded.png,0.12242015005649323,0.07004645186597316,0.20927089235418259
dataset/E18-6/15.0MapBounded.png,0.13448990919206147,0.07004645186597205,0.20994752789889884
dataset/E18-6/16.0MapBounded.png,0.20346316323909414,0.07004645186597205,0.21018566419497617
dataset/E18-6/17.0MapBounded.png,0.20346316323909414,0.07004645186597205,0.21031869205692277
dataset/E18-6/18.0MapBounded.png,0.20247113860747779,0.07004645186597042,0.2103203343762061
dataset/E18-6/19.0MapBounded.png,0.1472379882315767,0.07004645186596986,0.2103192394966839
dataset/E19-0/0MapBounded.png,0.139492032155748,0.001021570132106237,0.003713831339284004
dataset/E19-0/1.0MapBounded.png,0.12492189824379585,0.001021570132106793,0.041203601058748505
dataset/E19-0/2.0MapBounded.png,0.12727501204796163,0.001021570132106237,0.0686587999572997
dataset/E19-0/3.0MapBounded.png,0.13031324443220857,0.0010215701321045695,0.08306577215009704
dataset/E19-0/4.0MapBounded.png,0.1433317181146627,0.0010215701321095718,0.11517968341558615
dataset/E19-0/5.0MapBounded.png,0.11201181140271403,0.0010215701321056815,0.17132455787396295
dataset/E19-0/6.0MapBounded.png,0.09471980570775486,0.001021570132106237,0.19599876278613992
dataset/E19-0/7.0MapBounded.png,0.03209339145643323,0.0010215701321095718,0.19599931022590103
dataset/E19-0/8.0MapBounded.png,0.05143020567857081,0.001021570132106237,0.19599493070781224
dataset/E19-0/9.0MapBounded.png,0.18752809986568506,0.0010215701321029023,0.1959894563102013
dataset/E19-0/10.0MapBounded.png,0.12617631851358577,0.001021570132106237,0.22276254526642528
dataset/E19-0/11.0MapBounded.png,0.08547185176192112,0.001021570132106793,0.2239055994875964
dataset/E19-0/12.0MapBounded.png,0.08112031527922231,0.0010215701321034582,0.22832836531750145
dataset/E19-0/13.0MapBounded.png,0.07473744062954459,0.001021570132106237,0.22854515146289597
dataset/E19-0/14.0MapBounded.png,0.07473744062954459,0.001021570132106237,0.22852927570982418
dataset/E19-0/15.0MapBounded.png,0.08277962762776586,0.0010215701321090163,0.23387283521789473
dataset/E19-1/0MapBounded.png,0.1670504240388189,0.05290042641199925,0.005826948817119537
dataset/E19-1/1.0MapBounded.png,0.15709245785416112,0.0529004264119987,0.0444340430889836
dataset/E19-1/2.0MapBounded.png,0.14174991591411548,0.052900426412002564,0.05720362295633895
dataset/E19-1/3.0MapBounded.png,0.1395392620261916,0.052900426412003654,0.07788261249202792
dataset/E19-1/4.0MapBounded.png,0.1435957747482511,0.05290042641199595,0.08650478872931021
dataset/E19-1/5.0MapBounded.png,0.12605814611767543,0.0529004264119987,0.14445457208002474
dataset/E19-1/6.0MapBounded.png,0.09750050335407867,0.05290042641199925,0.17756318139142765
dataset/E19-1/7.0MapBounded.png,0.09362975395766089,0.05290042641199925,0.19717137875441032
dataset/E19-1/8.0MapBounded.png,0.08979597789248683,0.0529004264119987,0.20682274174255552
dataset/E19-1/9.0MapBounded.png,0.141203418176862,0.05290042641199925,0.20683204821849413
dataset/E19-1/10.0MapBounded.png,0.09655149858799288,0.05290042641200421,0.2086856792495696
dataset/E19-1/11.0MapBounded.png,0.09114652707248116,0.0529004264119976,0.2111409465780909
dataset/E19-1/12.0MapBounded.png,0.09114652707248116,0.0529004264119976,0.2111409465780909
dataset/E19-1/13.0MapBounded.png,0.20067140580617926,0.05290042641199925,0.2111239759454969
dataset/E19-4/0MapBounded.png,0.025059841757869822,0.018014720907456146,0.0035118260674391042
dataset/E19-4/1.0MapBounded.png,0.0435819861679422,0.018014720907456146,0.038314213999677015
dataset/E19-4/2.0MapBounded.png,0.03295563094598221,0.018014720907453378,0.06984510191959752
dataset/E19-4/3.0MapBounded.png,0.05850707405322928,0.018014720907455036,0.10674856365492684
dataset/E19-4/4.0MapBounded.png,0.062424725967144344,0.018014720907455036,0.10676279708871536
dataset/E19-4/5.0MapBounded.png,0.012943641895738822,0.018014720907456698,0.11046513219301632
dataset/E19-4/6.0MapBounded.png,0.02506008496831672,0.018014720907456146,0.123309711307642
dataset/E19-4/7.0MapBounded.png,0.050696686286313034,0.018014720907457253,0.14056337025814522
dataset/E19-4/8.0MapBounded.png,0.0269417666918355,0.018014720907456146,0.16379671371911414
dataset/E19-4/9.0MapBounded.png,0.0035531386891771706,0.018014720907456698,0.19217763325368084
dataset/E19-7/0MapBounded.png,0.14232966450650172,0.04204388157544705,0.014470475205084621
dataset/E19-7/1.0MapBounded.png,0.15359229838636376,0.04204388157544484,0.0704133443916165
dataset/E19-7/2.0MapBounded.png,0.23310590910458387,0.04204388157544429,0.13029504265924338
dataset/E19-7/3.0MapBounded.png,0.2154238998560452,0.0420438815754476,0.15383002542857693
dataset/E19-7/4.0MapBounded.png,0.1559420962519753,0.042043881575446494,0.17228969417277748
dataset/E19-7/5.0MapBounded.png,0.20240768609259405,0.04204388157544705,0.17946991407932952
dataset/E19-7/6.0MapBounded.png,0.23100748950108776,0.04204388157544925,0.18244470174113217
dataset/E19-7/7.0MapBounded.png,0.2382679221982678,0.04204388157544705,0.18626966335191894
dataset/E19-7/8.0MapBounded.png,0.2437253226664299,0.0420438815754476,0.18975083279273658
dataset/E19-7/9.0MapBounded.png,0.14594901410390787,0.042043881575446494,0.1928383930453253
dataset/E19-7/10.0MapBounded.png,0.17485078106575583,0.0420438815754476,0.22459427870705684
dataset/E19-7/11.0MapBounded.png,0.14372211868329177,0.04204388157544705,0.23697736610307746
dataset/E19-7/12.0MapBounded.png,0.13839462166303693,0.04204388157544815,0.23885015752579128
dataset/E19-7/13.0MapBounded.png,0.04684227029518228,0.04204388157544705,0.23903026520719228
dataset/E19-7/14.0MapBounded.png,0.22444755666703986,0.0420438815754476,0.23933135707579578
dataset/E19-7/15.0MapBounded.png,0.2679740053726377,0.04204388157544815,0.25703117943159326
dataset/E19-7/16.0MapBounded.png,0.25633550630531604,0.042043881575446494,0.2663732389547186
dataset/E19-7/17.0MapBounded.png,0.2117084598759961,0.0420438815754476,0.26763618248356996
dataset/E19-7/18.0MapBounded.png,0.21130120463376525,0.04204388157544705,0.2677850860985885
dataset/E19-7/19.0MapBounded.png,0.21120439025540835,0.04204388157544539,0.2677850860985885
dataset/E19-7/20.0MapBounded.png,0.1391662765003479,0.04204388157544705,0.2680708496538812
dataset/E19-7/21.0MapBounded.png,0.12482599014462491,0.04204388157544815,0.2685323413724862
dataset/E19-7/22.0MapBounded.png,0.1863074151548154,0.0420438815754487,0.2684962103482538
dataset/E19-7/23.0MapBounded.png,0.20196139647923134,0.0420438815754476,0.27071717345902546
dataset/E19-7/24.0MapBounded.png,0.10975679153560104,0.042043881575446494,0.2713872397266086
dataset/E2-1/0MapBounded.png,0.27573828672408107,0.014842970631673376,0.005273487218650178
dataset/E2-1/1.0MapBounded.png,0.24552369411350497,0.014842970631671157,0.025534232776860816
dataset/E2-1/2.0MapBounded.png,0.16005536483489366,0.014842970631673376,0.03311298882949168
dataset/E2-1/3.0MapBounded.png,0.12151425093523453,0.014842970631672819,0.04251800392514309
dataset/E2-1/4.0MapBounded.png,0.09196807298868344,0.014842970631672264,0.06356377810076724
dataset/E2-1/5.0MapBounded.png,0.07132313317454587,0.014842970631675037,0.07389232407338978
dataset/E2-1/6.0MapBounded.png,0.06124181595572537,0.014842970631673376,0.09648023605602499
dataset/E2-1/7.0MapBounded.png,0.06626829979568864,0.014842970631672819,0.11404374591130928
dataset/E2-1/8.0MapBounded.png,0.050779586888550624,0.014842970631673376,0.1334395366469862
dataset/E2-1/9.0MapBounded.png,0.08633266953186261,0.014842970631671712,0.13502930171321273
dataset/E2-1/10.0MapBounded.png,0.09582152686243472,0.014842970631677811,0.13974932733339357
dataset/E2-1/11.0MapBounded.png,0.08731550498938234,0.014842970631670603,0.139926150376228
dataset/E2-1/12.0MapBounded.png,0.07615931138895539,0.014842970631673376,0.14057869857145594
dataset/E2-2/0MapBounded.png,0.06867824225174676,0.01757998527670405,0.0033350030246046803
dataset/E2-2/1.0MapBounded.png,0.029884524335334,0.017579985276700176,0.01619655277182437
dataset/E2-2/2.0MapBounded.png,0.02244162904256535,0.01757998527670405,0.028124717726373188
dataset/E2-2/3.0MapBounded.png,0.032241060234866795,0.0175799852767035,0.0366614933609243
dataset/E2-2/4.0MapBounded.png,0.019380749371299404,0.017579985276701838,0.03666587287901308
dataset/E2-2/5.0MapBounded.png,0.00813120893814123,0.017579985276702945,0.03666423055972979
dataset/E2-2/6.0MapBounded.png,0.00813120893814123,0.017579985276702945,0.03666423055972979
dataset/E2-2/7.0MapBounded.png,0.03948689879453917,0.01757998527670461,0.043540073959111726
dataset/E2-2/8.0MapBounded.png,0.03858122153282807,0.01757998527670073,0.043552665073616964
dataset/E2-4/0MapBounded.png,0.03342411903962675,0.028957224559749688,0.001640676964008573
dataset/E2-4/1.0MapBounded.png,0.03442675211574695,0.028957224559750788,0.014827405929320055
dataset/E2-4/2.0MapBounded.png,0.021139600086658997,0.02895722455975245,0.022693020416765894
dataset/E2-4/3.0MapBounded.png,0.007137838785648052,0.028957224559750788,0.022844113790828742
dataset/E2-4/4.0MapBounded.png,0.007137838785648052,0.028957224559750788,0.022846303549873135
dataset/E2-4/5.0MapBounded.png,0.02102737021305256,0.028957224559753005,0.02284958818843972
dataset/E2-4/6.0MapBounded.png,0.026945584171955216,0.028957224559749688,0.02284849330891752
dataset/E23-3/25.0MapBounded.png,0.9935468854911187,0.9999999999999993,0.2353158864281471
dataset/E23-3/28.0MapBounded.png,0.9230786059909685,1.0,0.2352956311569865
dataset/E23-3/34.0MapBounded.png,0.8828280904357222,1.0,0.23528796700033125
dataset/E23-3/36.0MapBounded.png,0.9252339005387514,1.0,0.2352917990786589
dataset/E23-3/37.0MapBounded.png,0.8851311934293333,0.9999999999999993,0.23529289395818107
dataset/E23-3/38.0MapBounded.png,0.8656349022652305,1.0,0.2352896093196145
dataset/E23-3/39.0MapBounded.png,0.822835268305959,0.9999999999999993,0.23528796700033125
dataset/E23-3/41.0MapBounded.png,0.7740523413718674,1.0,0.23529344139794217
dataset/E23-3/43.0MapBounded.png,0.7727694638478734,0.9999999999999986,0.2352907041991367
dataset/E23-3/44.0MapBounded.png,0.7604763657566376,0.9999999999999981,0.2352917990786589
dataset/E23-3/45.0MapBounded.png,0.7443356166553295,0.9999999999999977,0.23529453627746444
dataset/E23-3/53.0MapBounded.png,0.71091291478268,0.9999999999999949,0.2352956311569865
dataset/E23-3/55.0MapBounded.png,0.8150458775829325,0.9999999999999993,0.23529398883770328
dataset/E23-5/0MapBounded.png,0.06432056119824703,0.034563549759619346,0.007062520357916116
dataset/E23-5/1.0MapBounded.png,0.06176958467035647,0.03456354975961879,0.033021018949627334
dataset/E23-5/2.0MapBounded.png,0.11991411230122394,0.03456354975962156,0.053525922641287374
dataset/E23-5/3.0MapBounded.png,0.01314335582898507,0.03456354975961879,0.0636929738843862
dataset/E23-5/4.0MapBounded.png,0.05537293685210638,0.034563549759619346,0.06785515838800889
dataset/E23-5/5.0MapBounded.png,0.03306824130689119,0.034563549759619346,0.06865551531873312
dataset/E25-0/0MapBounded.png,0.36097221309001826,0.01699834378210578,0.006204682252276665
dataset/E25-0/1.0MapBounded.png,0.33272273727896634,0.01699834378210578,0.05726876828790952
dataset/E25-0/2.0MapBounded.png,0.2577995428012337,0.016998343782104117,0.11865428357927066
dataset/E25-0/3.0MapBounded.png,0.2519598986422082,0.01699834378210689,0.1483184019138494
dataset/E25-0/4.0MapBounded.png,0.16218505094924,0.01699834378210578,0.18491310762391985
dataset/E25-0/5.0MapBounded.png,0.15520606092997044,0.016998343782109106,0.19458363100370346
dataset/E25-0/6.0MapBounded.png,0.12902221410708437,0.01699834378210578,0.22221565294508908
dataset/E25-0/7.0MapBounded.png,0.09088115538298512,0.01699834378210578,0.2387401221338107
dataset/E25-0/8.0MapBounded.png,0.09030145338648439,0.01699834378210578,0.25985432627957206
dataset/E25-0/9.0MapBounded.png,0.1294240922760278,0.016998343782104117,0.2737160484703165
dataset/E25-0/10.0MapBounded.png,0.1224997609431114,0.016998343782106334,0.29229505908243625
dataset/E25-0/11.0MapBounded.png,0.056807684218848915,0.016998343782112433,0.2952736788225666
dataset/E25-0/12.0MapBounded.png,0.02851224651116256,0.01699834378210744,0.315082786577872
dataset/E25-0/13.0MapBounded.png,0.095517622892287,0.01699834378210578,0.32885144400922983
dataset/E25-0/14.0MapBounded.png,0.1713663114937205,0.016998343782106334,0.3414108070083238
dataset/E25-0/15.0MapBounded.png,0.1448664092642875,0.01699834378210578,0.3418049636363139
dataset/E25-0/16.0MapBounded.png,0.1259736613207071,0.01699834378210855,0.34880343354218163
dataset/E25-0/17.0MapBounded.png,0.13481658657097,0.016998343782104672,0.3539165209108303
dataset/E25-0/18.0MapBounded.png,0.13481955959838318,0.01699834378210578,0.35436651639445227
dataset/E25-0/19.0MapBounded.png,0.18743254134635692,0.01699834378210578,0.3543380495268752
dataset/E25-0/20.0MapBounded.png,0.18449008334502134,0.01699834378210578,0.3544918800997436
dataset/E25-0/21.0MapBounded.png,0.14987785242667814,0.016998343782103558,0.3544918800997436
dataset/E25-0/22.0MapBounded.png,0.188502345683547,0.016998343782104117,0.35479187708882487
dataset/E25-0/23.0MapBounded.png,0.1181847247271856,0.016998343782105223,0.35479242452858595
dataset/E25-0/24.0MapBounded.png,0.10571583400465777,0.016998343782104672,0.3548652340168119
dataset/E25-0/25.0MapBounded.png,0.07886275736315404,0.016998343782107996,0.3548493582637401
dataset/E25-0/26.0MapBounded.png,0.12070558220142191,0.01699834378210578,0.3548230811552074
dataset/E25-1/0MapBounded.png,0.25219292358889844,0.01853262653028634,0.03854961309694885
dataset/E25-1/1.0MapBounded.png,0.23964641647680884,0.01853262653028634,0.07073688129042502
dataset/E25-1/2.0MapBounded.png,0.24220378612003785,0.018532626530288,0.12011156822331163
dataset/E25-1/3.0MapBounded.png,0.25469965833045355,0.01853262653028634,0.1316472188691537
dataset/E25-1/4.0MapBounded.png,0.22158989749574395,0.018532626530284122,0.13585757807175294
dataset/E25-1/5.0MapBounded.png,0.2211452799557408,0.018532626530286894,0.1387765268779237
dataset/E25-1/6.0MapBounded.png,0.16855267288832965,0.018532626530285787,0.1590821624965443
dataset/E25-1/7.0MapBounded.png,0.08151860497908515,0.018532626530286894,0.19137891864223994
dataset/E25-1/8.0MapBounded.png,0.050515122414986804,0.018532626530286894,0.24750463270897835
dataset/E25-1/9.0MapBounded.png,0.011101608222604383,0.01853262653028634,0.30506463894979163
dataset/E25-1/10.0MapBounded.png,0.06358202262270508,0.01853262653028634,0.3355619606007604
dataset/E25-1/11.0MapBounded.png,0.03702422385178896,0.01853262653028634,0.34654688684693863
dataset/E25-1/12.0MapBounded.png,0.08924638680410475,0.018532626530285787,0.36057174608649006
dataset/E25-1/13.0MapBounded.png,0.14620206502413813,0.018532626530286894,0.3824080232771387
dataset/E25-1/14.0MapBounded.png,0.21860403852787985,0.018532626530286894,0.4050435625189894
dataset/E25-1/15.0MapBounded.png,0.2795728128096648,0.018532626530285232,0.41972370715257423
dataset/E25-1/16.0MapBounded.png,0.2799118517630497,0.01853262653029022,0.4208465061025848
dataset/E25-1/17.0MapBounded.png,0.3370083521981429,0.018532626530290773,0.4208465061025848
dataset/E25-1/18.0MapBounded.png,0.34219692692124715,0.018532626530286894,0.4208596446568511
dataset/E28-1/0MapBounded.png,0.0500545147692633,0.03412208532226969,0.0021596498575288023
dataset/E28-1/1.0MapBounded.png,0.0429532980974109,0.034122085322274655,0.01763248726518256
dataset/E28-1/2.0MapBounded.png,0.06117504328529772,0.03412208532226969,0.018445982750173128
dataset/E28-1/3.0MapBounded.png,0.05600869680927035,0.03412208532226692,0.02688421922772673
dataset/E28-1/4.0MapBounded.png,0.06675776798842434,0.034122085322269124,0.03272266427982931
dataset/E28-1/5.0MapBounded.png,0.02881298284593698,0.03412208532226582,0.032750583707645275
dataset/E32-1/0MapBounded.png,0.08051622805603359,0.0016973828076221695,0.0014518102464300086
dataset/E32-1/1.0MapBounded.png,0.02588758258726658,0.0016973828076238368,0.023735893161656228
dataset/E32-1/2.0MapBounded.png,0.03111093665948709,0.001697382807621058,0.042644462509956564
dataset/E32-1/3.0MapBounded.png,0.017537852684825207,0.001697382807621058,0.04558859354513778
dataset/E32-1/4.0MapBounded.png,0.022545093476123372,0.0016973828076188352,0.0471192351171658
dataset/E32-3/0MapBounded.png,0.08437756119974862,0.0007642089423713957,0.002513843382958748
dataset/E32-3/1.0MapBounded.png,0.06717950997764564,0.0007642089423713957,0.02694881711953621
dataset/E32-3/2.0MapBounded.png,0.06809723418203911,0.0007642089423713957,0.0373682380925009
dataset/E32-3/3.0MapBounded.png,0.020429011127192063,0.0007642089423719515,0.041477868379058244
dataset/E32-3/4.0MapBounded.png,0.033357678717858115,0.0007642089423725076,0.043027670342724665
dataset/E32-3/5.0MapBounded.png,0.033357678717858115,0.0007642089423725076,0.043027670342724665
dataset/E32-3/6.0MapBounded.png,0.025251626463622646,0.0007642089423713957,0.043024385704158084
dataset/E34-1/0MapBounded.png,0.05600700722493307,0.0030742318705674686,0.0030087289269906965
dataset/E34-1/1.0MapBounded.png,0.011039218765317901,0.003074231870568579,0.03956128177545664
dataset/E34-1/2.0MapBounded.png,0.010313980332538303,0.003074231870568024,0.04906209882930007
dataset/E34-1/3.0MapBounded.png,0.016821281674041896,0.0030742318705658015,0.056980814973572345
dataset/E34-1/4.0MapBounded.png,0.016821281674041896,0.0030742318705658015,0.05697315081691699
dataset/E34-1/5.0MapBounded.png,0.025474512515767128,0.003074231870569135,0.056970413618111504
dataset/E34-3/0MapBounded.png,0.013067590820302205,0.004854508183838637,0.008377470664071802
dataset/E34-3/1.0MapBounded.png,0.027786308663669844,0.0048545081838380815,0.029315946646520884
dataset/E34-3/2.0MapBounded.png,0.020516245739804567,0.00485450818383586,0.04626906116818171
dataset/E34-3/3.0MapBounded.png,0.03747501499043684,0.004854508183839192,0.04733875846136581
dataset/E34-3/4.0MapBounded.png,0.016565122204176864,0.004854508183839192,0.04945023361991805
dataset/E34-3/5.0MapBounded.png,0.016565122204176864,0.004854508183839192,0.04945023361991805
dataset/E34-3/6.0MapBounded.png,0.039797199989372777,0.004854508183839748,0.049861360880502116
dataset/E34-5/0MapBounded.png,0.03146368851033954,0.027823616328662353,0.013647673244155396
dataset/E34-5/1.0MapBounded.png,0.02532056554763085,0.02782361632866124,0.02653002570229679
dataset/E34-5/2.0MapBounded.png,0.06186368803067832,0.027823616328662353,0.049945666603711095
dataset/E34-5/3.0MapBounded.png,0.031979579696309976,0.02782361632866124,0.053350194477975135
dataset/E34-5/4.0MapBounded.png,0.008938020361705917,0.027823616328663453,0.061104678693918224
dataset/E38-1/0MapBounded.png,0.11891824847083207,0.010170269360547247,0.012715930770767813
dataset/E38-1/1.0MapBounded.png,0.04810625472759534,0.010170269360547247,0.026924182330286837
dataset/E38-1/2.0MapBounded.png,0.00413198215712607,0.010170269360550021,0.03653284501706644
dataset/E38-1/3.0MapBounded.png,0.03341069874948396,0.010170269360545582,0.05304034357319408
dataset/E38-1/4.0MapBounded.png,0.008135586188251474,0.010170269360547247,0.05525802204539918
dataset/E38-1/5.0MapBounded.png,0.041589694301487415,0.010170269360548911,0.05683245879831498
dataset/E38-2/0MapBounded.png,0.22612973188410695,0.05475017873998625,0.0030038019691408214
dataset/E38-2/1.0MapBounded.png,0.2038238029809608,0.0547501787399835,0.027286040012372146
dataset/E38-2/2.0MapBounded.png,0.1281094713540532,0.05475017873998736,0.04202476070039444
dataset/E38-2/3.0MapBounded.png,0.04950839555164927,0.05475017873998625,0.04446250995656066
dataset/E38-2/4.0MapBounded.png,0.07410166534388356,0.05475017873998516,0.06330593397329043
dataset/E38-2/5.0MapBounded.png,0.0341460143821155,0.054750178739984605,0.06503365385931346
dataset/E38-2/6.0MapBounded.png,0.05487199879150942,0.054750178739982405,0.06502763202194138
dataset/E38-2/7.0MapBounded.png,0.048811013069522444,0.05475017873998186,0.06502982178098579
dataset/E38-2/8.0MapBounded.png,0.08374883002743867,0.054750178739989004,0.06503091666050798
dataset/E38-2/9.0MapBounded.png,0.08864894727793639,0.0547501787399835,0.06503639105811895
dataset/E38-2/10.0MapBounded.png,0.028630061440285442,0.054750178739986805,0.08177655151271293
dataset/E38-2/11.0MapBounded.png,0.025844479822453182,0.05475017873998846,0.0847913022770757
dataset/E38-2/12.0MapBounded.png,0.0524612471897417,0.054750178739982405,0.08479732411444776
dataset/E38-2/13.0MapBounded.png,0.11543237831605774,0.05475017873998791,0.09613042204868383
dataset/E38-2/14.0MapBounded.png,0.12026801444624638,0.05475017873998625,0.09800102371235325
dataset/E38-7/0MapBounded.png,0.039606879003483114,0.02354090473137849,0.002914021848320866
dataset/E38-7/1.0MapBounded.png,0.08608893666058377,0.02354090473137849,0.03563997076671676
dataset/E38-7/2.0MapBounded.png,0.05186457490903102,0.02354090473137461,0.041557247144417345
dataset/E38-7/3.0MapBounded.png,0.03677362042285564,0.023540904731379604,0.04285029986012914
dataset/E38-7/4.0MapBounded.png,0.03141520408594563,0.02354090473137794,0.051809698990247365
dataset/E38-7/5.0MapBounded.png,0.01839151835089551,0.023540904731380152,0.052838338301349166
dataset/E38-7/6.0MapBounded.png,0.05418548523675737,0.023540904731379604,0.05288487068104244
dataset/E38-7/7.0MapBounded.png,0.05478357524662657,0.023540904731379046,0.05290950547029183
dataset/E38-7/8.0MapBounded.png,0.06348071528328772,0.023540904731380707,0.05292428634384144
dataset/E39-0/0MapBounded.png,0.05005256856714529,0.09354855542080125,0.0017802741030883815
dataset/E39-0/1.0MapBounded.png,0.016902344728761298,0.09354855542080125,0.008023824578402955
dataset/E39-0/2.0MapBounded.png,0.011086710260414839,0.09354855542080125,0.008026561777208441
dataset/E39-0/3.0MapBounded.png,0.009513178477372148,0.0935485554208018,0.008030393855536121
dataset/E39-0/4.0MapBounded.png,0.015606016407832485,0.0935485554208018,0.013921393124704041
dataset/E39-0/5.0MapBounded.png,0.009148334304898266,0.09354855542080508,0.018119161212798048
dataset/E39-2/0MapBounded.png,0.11532805366527671,0.0533453169989261,0.00420324248570498
dataset/E39-2/1.0MapBounded.png,0.047598387807344746,0.05334531699892555,0.023572756112849234
dataset/E39-2/2.0MapBounded.png,0.048402614258525725,0.053345316998921144,0.023560164998343996
dataset/E39-2/3.0MapBounded.png,0.063399637653323,0.0533453169989261,0.030480898458135914
dataset/E39-2/4.0MapBounded.png,0.0876707554456439,0.0533453169989261,0.050747118413957536
dataset/E39-2/5.0MapBounded.png,0.012692619201981285,0.053345316998926647,0.0602205634797461
dataset/E39-2/6.0MapBounded.png,0.04127028077761283,0.0533453169989239,0.07802056731182443
dataset/E39-2/7.0MapBounded.png,0.08143261862546165,0.0533453169989272,0.09585122777052421
dataset/E39-2/8.0MapBounded.png,0.06941071803040258,0.0533453169989272,0.10360242734790072
dataset/E39-2/9.0MapBounded.png,0.10362322561318539,0.0533453169989261,0.1141203874778629
dataset/E39-2/10.0MapBounded.png,0.0509086572467466,0.05334531699892004,0.11675083552993538
dataset/E39-2/11.0MapBounded.png,0.07276266616069933,0.0533453169989261,0.11677328056014037
dataset/E39-2/12.0MapBounded.png,0.05118879803970241,0.0533453169989261,0.11699225646457928
dataset/E39-2/13.0MapBounded.png,0.041353511151366575,0.053345316998926647,0.11699225646457928
dataset/E39-2/14.0MapBounded.png,0.027886962040630955,0.053345316998925,0.11720028357379626
dataset/E40-0/0MapBounded.png,0.1256243157585211,0.012142562672947896,0.01659235171909771
dataset/E40-0/1.0MapBounded.png,0.08522941281966263,0.012142562672946233,0.0822254521168127
dataset/E40-0/2.0MapBounded.png,0.11322029925494309,0.012142562672946233,0.15519698251203684
dataset/E40-0/3.0MapBounded.png,0.12098618527393508,0.012142562672947896,0.2174841310899252
dataset/E40-0/4.0MapBounded.png,0.12285809830831912,0.01214256267294568,0.25518904463550096
dataset/E40-0/5.0MapBounded.png,0.07176510643228354,0.012142562672948453,0.2642645009949718
dataset/E40-0/6.0MapBounded.png,0.0401363040906087,0.012142562672947896,0.30559620295781703
dataset/E40-0/7.0MapBounded.png,0.0025372114517871504,0.012142562672947896,0.30689035055305103
dataset/E40-0/8.0MapBounded.png,0.020781613330970672,0.012142562672947896,0.3138970320553352
dataset/E40-0/9.0MapBounded.png,0.15256678715019636,0.012142562672946788,0.3187500855374627
dataset/E40-0/10.0MapBounded.png,0.11212885028605439,0.012142562672948453,0.32161319548800155
dataset/E40-0/11.0MapBounded.png,0.0504255757510246,0.012142562672946233,0.32219019699619805
dataset/E40-0/12.0MapBounded.png,0.05811487385446048,0.012142562672947345,0.32353908856754177
dataset/E40-0/13.0MapBounded.png,0.05811487385446048,0.012142562672947345,0.32353908856754177
dataset/E40-0/14.0MapBounded.png,0.13789915934436356,0.012142562672941797,0.3237142692910929
dataset/E40-2/0MapBounded.png,0.20921969333194843,0.039448728301254066,0.013246947339032183
dataset/E40-2/1.0MapBounded.png,0.17247494256899407,0.039448728301254614,0.07392462301929452
dataset/E40-2/2.0MapBounded.png,0.12923193521084228,0.039448728301253504,0.10456646876719304
dataset/E40-2/3.0MapBounded.png,0.2052346407125486,0.039448728301253504,0.12304748766207639
dataset/E40-2/4.0MapBounded.png,0.20617391159553758,0.039448728301254614,0.1348574056282282
dataset/E40-2/5.0MapBounded.png,0.1941345377863048,0.039448728301254066,0.14956327993058466
dataset/E40-2/6.0MapBounded.png,0.22208596509342543,0.039448728301256814,0.16556494414745837
dataset/E40-2/7.0MapBounded.png,0.21044931833337654,0.039448728301254614,0.19823614908974452
dataset/E40-2/8.0MapBounded.png,0.22697406528374706,0.039448728301253504,0.20502166492854546
dataset/E40-2/9.0MapBounded.png,0.1941993919448075,0.03944872830125572,0.22794570492449437
dataset/E40-2/10.0MapBounded.png,0.22996708765471005,0.039448728301254614,0.2291867508629019
dataset/E40-2/11.0MapBounded.png,0.24664121734294367,0.039448728301254614,0.23535256489214063
dataset/E40-2/12.0MapBounded.png,0.229577346643089,0.03944872830125958,0.24925041810711754
dataset/E40-2/13.0MapBounded.png,0.20818963282237934,0.03944872830125572,0.27092410568872033
dataset/E40-2/14.0MapBounded.png,0.2523370959239017,0.039448728301254614,0.2861900108666793
dataset/E40-2/15.0MapBounded.png,0.2620486051465518,0.03944872830125516,0.2911366765479544
dataset/E40-2/16.0MapBounded.png,0.05606065009189841,0.03944872830125903,0.29250582339045866
dataset/E40-2/17.0MapBounded.png,0.0947348866299592,0.039448728301252955,0.294764012404985
dataset/E40-2/18.0MapBounded.png,0.2613172849898108,0.039448728301254066,0.2947771509592514
dataset/E40-2/19.0MapBounded.png,0.2981860139687381,0.039448728301252955,0.30841059076961824
dataset/E40-2/20.0MapBounded.png,0.2919155822076569,0.03944872830125572,0.30958922857526067
dataset/E40-2/21.0MapBounded.png,0.24353995654106853,0.03944872830125737,0.3110859288821007
dataset/E40-2/22.0MapBounded.png,0.3402010583574227,0.039448728301254614,0.3130408362689791
dataset/E40-2/23.0MapBounded.png,0.3402010583574227,0.039448728301254614,0.3130282451544738
dataset/E40-2/24.0MapBounded.png,0.33834889992565376,0.039448728301253504,0.31301346428092425
dataset/E40-2/25.0MapBounded.png,0.26543015716315727,0.039448728301252955,0.314064548622231
dataset/E40-2/26.0MapBounded.png,0.28396801210355116,0.039448728301252955,0.3143650930510734
dataset/E48-3/0MapBounded.png,0.10627474194932413,0.02736329741471375,0.0014162266619586847
dataset/E48-3/1.0MapBounded.png,0.00568299266618144,0.027363297414709876,0.011869041460350307
dataset/E48-3/2.0MapBounded.png,0.01926362804307323,0.02736329741471043,0.012366664203187742
dataset/E48-4/0MapBounded.png,0.13439876636453793,0.03649967992573457,0.0017966972959213001
dataset/E48-4/1.0MapBounded.png,0.05096908476074439,0.036499679925732914,0.014944558038194874
dataset/E48-4/2.0MapBounded.png,0.010713429086121037,0.03649967992573512,0.021727336678190278
dataset/E48-4/3.0MapBounded.png,0.034718996608094424,0.03649967992573457,0.02220306183058382
dataset/E48-4/4.0MapBounded.png,0.034718996608094424,0.03649967992573457,0.02220306183058382
dataset/E48-4/5.0MapBounded.png,0.03282287883717326,0.03649967992573457,0.022197587432972846
dataset/E51-3/0MapBounded.png,0.26503634622377503,0.02794819483830134,0.008478747019874801
dataset/E51-3/1.0MapBounded.png,0.15340133743553988,0.027948194838304668,0.07207920358463557
dataset/E51-3/2.0MapBounded.png,0.13594024237982935,0.027948194838298572,0.10797866079811243
dataset/E51-3/3.0MapBounded.png,0.0720080296950069,0.027948194838300237,0.13042807052119004
dataset/E51-3/4.0MapBounded.png,0.04009920111925607,0.027948194838299134,0.1498517806846829
dataset/E51-3/5.0MapBounded.png,0.019451869221915507,0.027948194838301896,0.17507342535795717
dataset/E51-3/6.0MapBounded.png,0.04992757640801078,0.02794819483830134,0.22873675537928004
dataset/E51-3/7.0MapBounded.png,0.06304481511875104,0.02794819483830411,0.26674495055250363
dataset/E51-3/8.0MapBounded.png,0.06450611425811968,0.02794819483830134,0.2968251231055163
dataset/E51-3/9.0MapBounded.png,0.10572453361243753,0.027948194838300796,0.33876119856461295
dataset/E51-3/10.0MapBounded.png,0.06347874509999149,0.027948194838302454,0.3425325110788122
dataset/E51-3/11.0MapBounded.png,0.0881862143939775,0.02794819483830134,0.3729794682717601
dataset/E51-3/12.0MapBounded.png,0.05645038166533871,0.02794819483830411,0.3771898274743593
dataset/E51-3/13.0MapBounded.png,0.11921235199549639,0.027948194838303554,0.38625105040004165
dataset/E51-3/14.0MapBounded.png,0.11921235199549639,0.027948194838303554,0.38823114001593056
dataset/E51-3/15.0MapBounded.png,0.0637350615705228,0.02794819483830134,0.38823114001593056
dataset/E51-3/16.0MapBounded.png,0.09328554619987209,0.027948194838299134,0.39004645026372914
dataset/E52-0/0MapBounded.png,0.3182787032648104,0.019429772876854098,0.014669195838362936
dataset/E52-0/1.0MapBounded.png,0.29259266483511,0.019429772876854653,0.05352209056295968
dataset/E52-0/2.0MapBounded.png,0.2814813047302392,0.01942977287685244,0.08695971117078205
dataset/E52-0/3.0MapBounded.png,0.28051013378844264,0.019429772876854653,0.0906428858834446
dataset/E52-0/4.0MapBounded.png,0.17660367954234132,0.019429772876849112,0.1277707979208238
dataset/E52-0/5.0MapBounded.png,0.11918659308641297,0.019429772876855204,0.17673545247264855
dataset/E52-0/6.0MapBounded.png,0.07686840116071152,0.019429772876853543,0.19433673567144855
dataset/E52-0/7.0MapBounded.png,0.04314898060987281,0.019429772876851333,0.1982843237887211
dataset/E52-0/8.0MapBounded.png,0.03453841152232085,0.019429772876853543,0.22814442555777265
dataset/E52-0/9.0MapBounded.png,0.018240028267317798,0.019429772876854653,0.23826877649950595
dataset/E52-0/10.0MapBounded.png,0.03647777180553212,0.019429772876854653,0.24777233075215485
dataset/E52-0/11.0MapBounded.png,0.062105896391835405,0.019429772876854098,0.24915844822725328
dataset/E52-0/12.0MapBounded.png,0.07050290790341467,0.019429772876853543,0.24915625846820888
dataset/E52-0/13.0MapBounded.png,0.11975106912008365,0.01942977287685299,0.2805979137070705
dataset/E52-0/14.0MapBounded.png,0.2175998670144097,0.019429772876854653,0.2854586313458533
dataset/E52-0/15.0MapBounded.png,0.19828407974585235,0.019429772876854098,0.2924406780588881
dataset/E52-0/16.0MapBounded.png,0.19172514165487003,0.019429772876857977,0.292394693118956
dataset/E52-0/17.0MapBounded.png,0.19172514165487003,0.019429772876857977,0.29237881736588417
dataset/E52-0/18.0MapBounded.png,0.209792759673599,0.019429772876853543,0.292468050046943
dataset/E52-0/19.0MapBounded.png,0.21106242850169357,0.019429772876854653,0.29241494839011656
dataset/E52-1/0MapBounded.png,0.21224115003124092,0.042327864896355705,0.013978874299619257
dataset/E52-1/1.0MapBounded.png,0.19153408393400945,0.0423278648963535,0.04611961011340215
dataset/E52-1/2.0MapBounded.png,0.27101303107966307,0.042327864896355705,0.07117757029810833
dataset/E52-1/3.0MapBounded.png,0.29703892289859923,0.04232786489635625,0.13697873470248018
dataset/E52-1/4.0MapBounded.png,0.24267025310702223,0.042327864896355705,0.16125549834810055
dataset/E52-1/5.0MapBounded.png,0.2013092420815619,0.042327864896355705,0.17098021826423276
dataset/E52-1/6.0MapBounded.png,0.10193250638063404,0.042327864896355705,0.17498528755642054
dataset/E52-1/7.0MapBounded.png,0.20233732899817528,0.042327864896359015,0.18859409257753804
dataset/E52-1/8.0MapBounded.png,0.15996319320223754,0.04232786489635625,0.20057316942986886
dataset/E52-1/9.0MapBounded.png,0.2235898342074164,0.0423278648963546,0.2005786438274798
dataset/E52-1/10.0MapBounded.png,0.14213416827121203,0.04232786489635515,0.2028100082937124
dataset/E52-1/11.0MapBounded.png,0.13482784159337108,0.04232786489635736,0.2027705926309134
dataset/E52-1/12.0MapBounded.png,0.13927546725585008,0.04232786489635681,0.2027705926309134
dataset/E52-1/13.0MapBounded.png,0.16411533072896412,0.0423278648963546,0.202790847902074
dataset/E52-1/14.0MapBounded.png,0.07138567172382586,0.042327864896354046,0.2030755165778446
dataset/E52-2/0MapBounded.png,0.15237451326574705,0.056225428830984345,0.002683549708898908
dataset/E52-2/1.0MapBounded.png,0.13650383662528526,0.056225428830984345,0.01986877868926498
dataset/E52-2/2.0MapBounded.png,0.18040304871484134,0.05622542883098325,0.05937805368741738
dataset/E52-2/3.0MapBounded.png,0.2072936764037722,0.05622542883098161,0.08642212532538451
dataset/E52-2/4.0MapBounded.png,0.13210392003114801,0.056225428830984345,0.11308627376915013
dataset/E52-2/5.0MapBounded.png,0.11508336499971059,0.056225428830984345,0.13429956451167005
dataset/E52-2/6.0MapBounded.png,0.07814236542532067,0.056225428830984345,0.1559705148944673
dataset/E52-2/7.0MapBounded.png,0.07585482913103893,0.056225428830984345,0.16916983497428403
dataset/E52-2/8.0MapBounded.png,0.06120261269926076,0.05622542883098381,0.18529741033621014
dataset/E52-2/9.0MapBounded.png,0.047410848460410604,0.0562254288309849,0.2074495602690119
dataset/E52-2/10.0MapBounded.png,0.10390008262768892,0.05622542883098381,0.22278827493519684
dataset/E52-2/11.0MapBounded.png,0.23257408607063143,0.05622542883098381,0.23028053550557434
dataset/E52-2/12.0MapBounded.png,0.24395885375426193,0.056225428830984345,0.23225734048289656
dataset/E52-2/13.0MapBounded.png,0.20471794965410478,0.056225428830984345,0.23226445719979089
dataset/E52-2/14.0MapBounded.png,0.12466603306279354,0.056225428830986,0.23231536909757294
dataset/E52-3/0MapBounded.png,0.20499723213313892,0.006053775766279598,0.006673290687775944
dataset/E52-3/1.0MapBounded.png,0.13235475288490525,0.006053775766277931,0.04747452352211794
dataset/E52-3/2.0MapBounded.png,0.1446804856197303,0.006053775766276264,0.07068980147097063
dataset/E52-3/3.0MapBounded.png,0.16048963826455057,0.006053775766279598,0.08166268404240469
dataset/E52-3/4.0MapBounded.png,0.16668816160002822,0.00605377576628293,0.10931824589351749
dataset/E52-3/5.0MapBounded.png,0.12405286943841679,0.006053775766276821,0.1453764606377126
dataset/E52-3/6.0MapBounded.png,0.11710959828884437,0.0060537757662745975,0.15161563159493838
dataset/E52-3/7.0MapBounded.png,0.07567252850290732,0.006053775766281263,0.16201589217626466
dataset/E52-3/8.0MapBounded.png,0.0868560203931287,0.006053775766286816,0.17461740803696313
dataset/E52-3/9.0MapBounded.png,0.057844394822994666,0.006053775766279598,0.1833025398467716
dataset/E52-3/10.0MapBounded.png,0.11416714732064066,0.0060537757662823734,0.19999397816262796
dataset/E52-3/11.0MapBounded.png,0.15233842483475846,0.006053775766279598,0.21329074251991995
dataset/E52-3/12.0MapBounded.png,0.12463674885150593,0.006053775766279041,0.23376608446448077
dataset/E52-3/13.0MapBounded.png,0.06162132835871409,0.006053775766280153,0.24101801897973654
dataset/E52-3/14.0MapBounded.png,0.0663740582970962,0.006053775766280153,0.24140451145107122
dataset/E52-3/15.0MapBounded.png,0.07141555391365713,0.006053775766280708,0.24180359503691112
dataset/E52-3/16.0MapBounded.png,0.07141555391365713,0.006053775766280708,0.24195304609169072
dataset/E52-3/17.0MapBounded.png,0.08828852135115459,0.006053775766278486,0.24195359353145174
dataset/E52-4/0MapBounded.png,0.19456735854495857,0.04560806819931905,0.004604515830589292
dataset/E52-4/1.0MapBounded.png,0.1954066212862773,0.0456080681993196,0.037796883425440075
dataset/E52-4/2.0MapBounded.png,0.1960878287691308,0.04560806819931905,0.037857101799160776
dataset/E52-4/3.0MapBounded.png,0.19407786208665617,0.0456080681993196,0.037861481317249555
dataset/E52-4/4.0MapBounded.png,0.19666618429583246,0.04560806819931905,0.062000290143073386
dataset/E52-4/5.0MapBounded.png,0.20383062488176168,0.0456080681993196,0.06840314558886727
dataset/E52-4/6.0MapBounded.png,0.19108318157182788,0.0456080681993196,0.07795815917905934
dataset/E52-4/7.0MapBounded.png,0.18736424627340428,0.0456080681993185,0.07795323222120946
dataset/E52-4/8.0MapBounded.png,0.16090475323594716,0.0456080681993196,0.07795323222120946
dataset/E52-4/9.0MapBounded.png,0.15242961657564244,0.045608068199320694,0.07845851912070226
dataset/E52-4/10.0MapBounded.png,0.17194993986217064,0.04560806819932016,0.10434968262179851
dataset/E52-4/11.0MapBounded.png,0.167030012794743,0.04560806819931905,0.12969942819916952
dataset/E52-4/12.0MapBounded.png,0.16588032060707442,0.0456080681993174,0.15665481459583894
dataset/E52-4/13.0MapBounded.png,0.08569774896413637,0.04560806819932016,0.19202489756033472
dataset/E52-4/14.0MapBounded.png,0.1183743415458582,0.04560806819931794,0.21053821540112283
dataset/E52-4/15.0MapBounded.png,0.12138180540774668,0.04560806819931905,0.22016549103977973
dataset/E52-4/16.0MapBounded.png,0.1405909312480466,0.04560806819931905,0.23450622302148422
dataset/E52-4/17.0MapBounded.png,0.20441678577608924,0.04560806819931629,0.23882716505582519
dataset/E52-4/18.0MapBounded.png,0.14240771197850424,0.04560806819931905,0.23872643613978328
dataset/E52-4/19.0MapBounded.png,0.14240771197850424,0.04560806819931905,0.2398919353911594
dataset/E52-4/20.0MapBounded.png,0.15414518975974076,0.0456080681993174,0.23988865075259289
dataset/E52-4/21.0MapBounded.png,0.15068332007724458,0.04560806819932125,0.23988427123450407
dataset/E52-5/0MapBounded.png,0.19975377744381295,0.04504784976903079,0.004264555738947876
dataset/E52-5/1.0MapBounded.png,0.1735329792225644,0.04504784976903079,0.054910945236863504
dataset/E52-5/2.0MapBounded.png,0.18019730014481614,0.04504784976903079,0.06221160189085694
dataset/E52-5/3.0MapBounded.png,0.18987863426404394,0.04504784976903135,0.06738326531394302
dataset/E52-5/4.0MapBounded.png,0.16295540842743883,0.0450478497690352,0.09923331061458325
dataset/E52-5/5.0MapBounded.png,0.14047752817720535,0.04504784976903466,0.10760366456176079
dataset/E52-5/6.0MapBounded.png,0.18715248357948322,0.04504784976903024,0.12882626178021936
dataset/E52-5/7.0MapBounded.png,0.12433858404011765,0.04504784976902749,0.17059153603385369
dataset/E52-5/8.0MapBounded.png,0.10535332271600631,0.04504784976903079,0.20065035843618362
dataset/E52-5/9.0MapBounded.png,0.09694738984940894,0.045047849769031895,0.22333243005772754
dataset/E52-5/10.0MapBounded.png,0.08655512199752946,0.04504784976903079,0.23048144589789704
dataset/E52-5/11.0MapBounded.png,0.07319470153699124,0.04504784976903135,0.24046182018246162
dataset/E52-5/12.0MapBounded.png,0.12048633508653697,0.04504784976903079,0.24543312065298617
dataset/E52-5/13.0MapBounded.png,0.12542203141428407,0.04504784976903079,0.24542490905656972
dataset/E52-5/14.0MapBounded.png,0.09843201824881423,0.04504784976903079,0.24536250092380463
dataset/E52-5/15.0MapBounded.png,0.10947102915886903,0.04504784976903079,0.24536742788165455
dataset/E52-5/16.0MapBounded.png,0.10470109523592222,0.045047849769031895,0.24799459129516038
dataset/E52-5/17.0MapBounded.png,0.07129154096549661,0.04504784976903079,0.24809696253048555
dataset/E52-5/18.0MapBounded.png,0.08537112232070732,0.04504784976903079,0.24811831268116843
dataset/E52-5/19.0MapBounded.png,0.10705126771836394,0.04504784976903079,0.24810188948833545
dataset/E52-5/20.0MapBounded.png,0.13120572917722886,0.04504784976903079,0.248093677891919
dataset/E52-5/21.0MapBounded.png,0.1927300970310931,0.045047849769033005,0.24931063648083826
dataset/E52-5/22.0MapBounded.png,0.16512594172360795,0.04504784976902913,0.24930680440251063
dataset/E52-5/23.0MapBounded.png,0.13285243629793697,0.0450478497690341,0.25272720802984644
dataset/E52-5/24.0MapBounded.png,0.13285243629793697,0.0450478497690341,0.25272720802984644
dataset/E52-5/25.0MapBounded.png,0.24454937006837443,0.04504784976903355,0.25417135411962105
dataset/E52-5/26.0MapBounded.png,0.16710458937533587,0.04504784976903135,0.25701585111828257
dataset/E52-6/0MapBounded.png,0.11207229394775013,0.011701911030427345,0.014680144633584882
dataset/E52-6/1.0MapBounded.png,0.10792342331132844,0.011701911030427345,0.09285071043994997
dataset/E52-6/2.0MapBounded.png,0.044104550901763816,0.011701911030430119,0.15102275433367002
dataset/E52-6/3.0MapBounded.png,0.1077164395023593,0.011701911030426235,0.16405893736467975
dataset/E52-6/4.0MapBounded.png,0.0824391073467406,0.011701911030427345,0.1976580527020258
dataset/E52-6/5.0MapBounded.png,0.03035058288535201,0.011701911030427345,0.20626599550551958
dataset/E52-6/6.0MapBounded.png,0.060247434182768934,0.011701911030425678,0.21017362052023203
dataset/E52-6/7.0MapBounded.png,0.09889116107291648,0.01170191103042679,0.22770866350793925
dataset/E52-6/8.0MapBounded.png,0.09367709392340502,0.011701911030423461,0.2322803329528627
dataset/E52-6/9.0MapBounded.png,0.11389661572527607,0.011701911030427899,0.232271026476924
dataset/E52-6/10.0MapBounded.png,0.1899361737416436,0.011701911030430119,0.23227157391668515
dataset/E52-6/11.0MapBounded.png,0.16415711298675106,0.011701911030427345,0.23224310704910814
dataset/E52-6/12.0MapBounded.png,0.09246121671583789,0.011701911030427345,0.2351839534457227
dataset/E52-6/13.0MapBounded.png,0.10522305351722736,0.011701911030427345,0.23520311383736114
dataset/E52-6/14.0MapBounded.png,0.12460610706046436,0.011701911030427345,0.2352074933554499
dataset/E52-6/15.0MapBounded.png,0.1441477491262042,0.011701911030426235,0.23519599712046688
dataset/E52-6/16.0MapBounded.png,0.10745071798318476,0.011701911030427345,0.23805582243243908
dataset/E52-6/17.0MapBounded.png,0.07090394941626632,0.01170191103042457,0.24227110859288822
dataset/E52-6/18.0MapBounded.png,0.020204390153196597,0.011701911030427345,0.2584879166358733
dataset/E52-6/19.0MapBounded.png,0.015427250931753726,0.011701911030427345,0.2611161749289013
dataset/E52-6/20.0MapBounded.png,0.13522712496715128,0.011701911030427899,0.26210211393863747
dataset/E52-6/21.0MapBounded.png,0.15699237950889347,0.011701911030432893,0.2644670537065778
dataset/E52-6/22.0MapBounded.png,0.15699237950889347,0.011701911030432893,0.26588601756734187
dataset/E52-6/23.0MapBounded.png,0.1673345189587642,0.011701911030427345,0.26588601756734187
dataset/E52-6/24.0MapBounded.png,0.20133418006261414,0.011701911030427899,0.26601357103167766
dataset/E53-0/1.0MapBounded.png,0.8819110114599799,0.9057684979671623,0.10316502297878398
dataset/E53-0/6.0MapBounded.png,0.8875874674827703,0.9057684979671649,0.3522446398804392
dataset/E53-0/11.0MapBounded.png,0.5940529975362246,0.9057684979671619,0.3963545986308532
dataset/E53-0/13.0MapBounded.png,0.8016671568000759,0.9057684979671599,0.396314088088532
dataset/E53-0/17.0MapBounded.png,0.7647069823317351,0.9057684979671637,0.39819892318599
dataset/E53-0/18.0MapBounded.png,0.7669832567872116,0.9057684979671623,0.39818742695100695
dataset/E53-0/19.0MapBounded.png,0.8328688043370346,0.9057684979671661,0.3981956385474234
dataset/E53-0/20.0MapBounded.png,0.723032007524502,0.9057684979671619,0.39818906927029024
dataset/E53-0/21.0MapBounded.png,0.7035371706900947,0.9057684979671614,0.3982038501438398
dataset/E53-0/22.0MapBounded.png,0.722101988690181,0.9057684979671649,0.39821753613786726
dataset/E53-0/23.0MapBounded.png,0.7327910905931028,0.9057684979671634,0.398227390053567
dataset/E53-0/24.0MapBounded.png,0.9196654847943285,0.9057684979671623,0.39826352107779944
dataset/E53-0/25.0MapBounded.png,0.8212638934831722,0.9057684979671623,0.3982700903549326
dataset/E53-0/26.0MapBounded.png,0.5729270605945072,0.9057684979671634,0.39826735315612716
dataset/E53-0/27.0MapBounded.png,0.5566590078101371,0.9057684979671595,0.3982706377946937
dataset/E53-0/28.0MapBounded.png,0.6777680018248651,0.9057684979671586,0.3982766596320658
dataset/E53-0/29.0MapBounded.png,0.4999634550954575,0.9057684979671623,0.39828377634896
dataset/E53-0/30.0MapBounded.png,0.5926473195423976,0.9057684979671623,0.39828268146943785
dataset/E53-0/31.0MapBounded.png,0.6860565764481974,0.9057684979671619,0.39828706098752664
dataset/E53-0/32.0MapBounded.png,0.7672510741162892,0.9057684979671623,0.3982865135477655
dataset/E53-0/33.0MapBounded.png,0.6597159434168385,0.9057684979671605,0.39828870330680993
dataset/E53-0/34.0MapBounded.png,0.3361484974450308,0.9057684979671623,0.39831552785510366
dataset/E53-0/35.0MapBounded.png,0.5019065250028797,0.9057684979671614,0.3982503825235331
dataset/E53-0/36.0MapBounded.png,0.6939229444619047,0.9057684979671619,0.3982531197223386
dataset/E53-0/37.0MapBounded.png,0.567212341835545,0.9057684979671623,0.3982558569211441
dataset/E53-0/38.0MapBounded.png,0.532946531817342,0.9057684979671623,0.3982558569211441
dataset/E53-0/39.0MapBounded.png,0.5140624414770542,0.9057684979671623,0.3982580466801884
dataset/E53-0/40.0MapBounded.png,0.22058712921948542,0.9057684979671599,0.398261331318755
dataset/E53-0/41.0MapBounded.png,0.10334840552503538,0.9057684979671609,0.3982624261982773
dataset/E53-0/42.0MapBounded.png,0.24647383246505977,0.9057684979671609,0.3982914405056154
dataset/E53-0/43.0MapBounded.png,0.26287184443647027,0.9057684979671623,0.3982936302646598
dataset/E53-0/44.0MapBounded.png,0.6254762858864237,0.9057684979671651,0.39829253538513765
dataset/E53-0/45.0MapBounded.png,0.4970891661499685,0.9057684979671623,0.39829800978274854
dataset/E53-0/46.0MapBounded.png,0.45873610547864846,0.9057684979671623,0.3982958200237042
dataset/E53-0/47.0MapBounded.png,0.504353713420905,0.9057684979671599,0.3982936302646598
dataset/E53-0/48.0MapBounded.png,0.3326326914623887,0.9057684979671582,0.39829253538513765
dataset/E53-0/49.0MapBounded.png,0.38776250378354304,0.9057684979671599,0.3982952725839431
dataset/E53-0/50.0MapBounded.png,0.4069765176390734,0.9057684979671614,0.3982958200237042
dataset/E53-0/51.0MapBounded.png,0.6015608487538362,0.9057684979671623,0.3982985572225097
dataset/E53-0/52.0MapBounded.png,0.6139377644031786,0.9057684979671605,0.3982991046622707
dataset/E53-0/53.0MapBounded.png,0.5925532012259438,0.9057684979671595,0.3982991046622707
dataset/E53-0/54.0MapBounded.png,0.6266676239108496,0.9057684979671575,0.39829746234298746
dataset/E53-0/55.0MapBounded.png,0.5252939216925736,0.9057684979671657,0.39830019954179297
dataset/E53-0/56.0MapBounded.png,0.6690376960084599,0.9057684979671629,0.39830074698155404
dataset/E53-0/57.0MapBounded.png,0.5647180744048186,0.9057684979671629,0.39830019954179297
dataset/E53-0/58.0MapBounded.png,0.6916644279724625,0.9057684979671629,0.3982963674634653
dataset/E53-0/59.0MapBounded.png,0.7297085440748549,0.9057684979671634,0.39829800978274854
dataset/E53-0/60.0MapBounded.png,0.7386358960850175,0.9057684979671591,0.3982958200237042
dataset/E53-0/61.0MapBounded.png,0.6645210601106801,0.9057684979671599,0.39829746234298746
dataset/E53-0/62.0MapBounded.png,0.6738887054763326,0.9057684979671629,0.39829965210203183
dataset/E53-0/63.0MapBounded.png,0.7544493024545976,0.9057684979671599,0.39830348418035955
dataset/E53-0/64.0MapBounded.png,0.7391597155301404,0.9057684979671623,0.3983073162586872
dataset/E53-0/65.0MapBounded.png,0.7462203403548917,0.9057684979671657,0.398311695776776
dataset/E53-0/66.0MapBounded.png,0.7123385339066394,0.9057684979671605,0.39831114833701486
dataset/E53-0/67.0MapBounded.png,0.7428365014810304,0.9057684979671599,0.398311695776776
dataset/E53-0/68.0MapBounded.png,0.8062754454584526,0.9057684979671623,0.39830019954179297
dataset/E53-0/69.0MapBounded.png,0.7716889961454395,0.9057684979671634,0.39830019954179297
dataset/E53-0/70.0MapBounded.png,0.7916828786985588,0.9057684979671637,0.3983012944213152
dataset/E53-0/71.0MapBounded.png,0.7987993962352047,0.9057684979671614,0.39830348418035955
dataset/E53-0/72.0MapBounded.png,0.8362986872128273,0.9057684979671629,0.3983040316201207
dataset/E53-0/73.0MapBounded.png,0.858680943785883,0.9057684979671619,0.39830074698155404
dataset/E53-0/74.0MapBounded.png,0.9001522060500939,0.9057684979671619,0.39830293674059847
dataset/E53-0/75.0MapBounded.png,0.8856335672688957,0.9057684979671644,0.39830293674059847
dataset/E53-0/76.0MapBounded.png,0.9065247773797659,0.9057684979671623,0.39829965210203183
dataset/E53-0/77.0MapBounded.png,0.9337412132972422,0.9057684979671619,0.39830019954179297
dataset/E53-0/78.0MapBounded.png,0.9612998505626598,0.9057684979671629,0.39830238930083733
dataset/E53-0/79.0MapBounded.png,0.9617314347984816,0.9057684979671623,0.3983040316201207
dataset/E53-0/80.0MapBounded.png,0.9158241019291129,0.9057684979671629,0.39830512649964284
dataset/E53-0/81.0MapBounded.png,0.9323328000542315,0.9057684979671623,0.39830567393940397
dataset/E53-3/0MapBounded.png,0.23692684048099077,0.043102933233921746,0.003932807243722919
dataset/E53-3/1.0MapBounded.png,0.24682841601015296,0.04310293323392451,0.039088841261629675
dataset/E53-3/2.0MapBounded.png,0.23058805505216268,0.0431029332339212,0.07377243476570948
dataset/E53-3/3.0MapBounded.png,0.20059929642020646,0.043102933233921746,0.11222460358518299
dataset/E53-3/4.0MapBounded.png,0.10197418803487981,0.043102933233923404,0.13376471586507802
dataset/E53-3/5.0MapBounded.png,0.12818471147417862,0.0431029332339223,0.15101344785773135
dataset/E53-3/6.0MapBounded.png,0.14861916554032722,0.043102933233921746,0.19349258355983656
dataset/E53-3/7.0MapBounded.png,0.08676811733535231,0.04310293323391789,0.20142991265598614
dataset/E53-3/8.0MapBounded.png,0.08929319967189774,0.043102933233921746,0.22332257614202783
dataset/E53-3/9.0MapBounded.png,0.05218826742026755,0.0431029332339223,0.24768474039037933
dataset/E53-3/10.0MapBounded.png,0.05724135105932405,0.0431029332339223,0.260141184714387
dataset/E53-3/11.0MapBounded.png,0.1848155168185953,0.0431029332339223,0.27173979093275524
dataset/E53-3/12.0MapBounded.png,0.10498826940971791,0.043102933233925056,0.27282810117781664
dataset/E53-3/13.0MapBounded.png,0.10513469284257725,0.043102933233926166,0.272835217894711
dataset/E53-3/14.0MapBounded.png,0.16660574956648314,0.043102933233921746,0.274219693050526
dataset/E53-3/15.0MapBounded.png,0.16660574956648314,0.043102933233921746,0.2744830115756138
dataset/E53-3/16.0MapBounded.png,0.15779084057423046,0.04310293323392395,0.2744731576599141
dataset/E53-3/17.0MapBounded.png,0.15804302520978186,0.0431029332339223,0.2750605605235714
dataset/E53-4/1.0MapBounded.png,0.12701238998123926,0.03441811251104983,0.019540314832606608
dataset/E53-4/2.0MapBounded.png,0.12308021643444331,0.03441811251104044,0.04004138644593896
dataset/E53-4/3.0MapBounded.png,0.1156775364588742,0.034418112510933255,0.05576549870393637
dataset/E53-4/4.0MapBounded.png,0.1382854822459334,0.0344181125108885,0.08352890618798535
dataset/E53-4/5.0MapBounded.png,0.10673091365022842,0.034418112510824966,0.10520861560696015
dataset/E53-4/6.0MapBounded.png,0.022908641514628243,0.03441811251082442,0.12879122563550915
dataset/E53-4/7.0MapBounded.png,0.05775012002817325,0.03441811251080342,0.14274546514587902
dataset/E53-4/8.0MapBounded.png,0.06635440707092709,0.034418112510800104,0.14673356380547278
dataset/E53-4/9.0MapBounded.png,0.0728258873305731,0.03441811251078519,0.1480386601959287
dataset/E53-4/10.0MapBounded.png,0.06333342569090103,0.03441811251083159,0.14875799604201054
dataset/E53-4/11.0MapBounded.png,0.030220293593780447,0.03441811251087635,0.14869120839115665
dataset/E53-4/12.0MapBounded.png,0.030220293593780447,0.03441811251087635,0.1486813544754569
dataset/E53-4/13.0MapBounded.png,0.015382118551679385,0.034418112510971925,0.1486693108007128
dataset/E53-4/14.0MapBounded.png,0.08848579624209478,0.03441811251103712,0.14866055176453521
dataset/E53-4/15.0MapBounded.png,0.14399149786216695,0.03441811251122055,0.14867040568023498
dataset/E53-4/16.0MapBounded.png,0.19206360606954845,0.03441811251136972,0.1486682159211906
dataset/E53-4/17.0MapBounded.png,0.14809235946611157,0.03441811251141558,0.15116782587036082
dataset/E53-4/18.0MapBounded.png,0.04648036235607868,0.034418112511552044,0.15152366171507403
dataset/E53-4/19.0MapBounded.png,0.04526455716961112,0.03441811251174431,0.15173990042070745
dataset/E53-4/20.0MapBounded.png,0.08012059538029871,0.03441811251175315,0.16766985002887747
dataset/E53-4/21.0MapBounded.png,0.09817058204837098,0.034418112511695687,0.17711428078732788
dataset/E53-4/22.0MapBounded.png,0.09526252045151402,0.03441811251170176,0.1772938410289678
dataset/E53-4/23.0MapBounded.png,0.08452750327684545,0.03441811251173105,0.18511620777528695
dataset/E53-4/24.0MapBounded.png,0.1300323275677432,0.03441811251172994,0.19298565434106046
dataset/E53-4/25.0MapBounded.png,0.16893573889583194,0.034418112511725524,0.19344878837894877
dataset/E53-4/26.0MapBounded.png,0.16893573889583194,0.034418112511725524,0.19344878837894877
dataset/E53-4/27.0MapBounded.png,0.15649104010192152,0.034418112511738784,0.1934367447042046
dataset/E53-4/28.0MapBounded.png,0.12996155800381787,0.03441811251176143,0.19413582527912587
dataset/E53-4/29.0MapBounded.png,0.15870168527673043,0.03441811251173049,0.19413363552008145
dataset/E55-1/0MapBounded.png,0.13353194140862085,0.019438166071385207,0.0021514382611123426
dataset/E55-1/1.0MapBounded.png,0.09657551854254616,0.019438166071381883,0.02542638714392465
dataset/E55-1/2.0MapBounded.png,0.040866900819215284,0.019438166071390747,0.03350221849963185
dataset/E55-1/3.0MapBounded.png,0.020367766768031557,0.01943816607138576,0.03350276593939295
dataset/E55-1/4.0MapBounded.png,0.05170120401753872,0.0194381660713841,0.04448714474581004
dataset/E55-29/0MapBounded.png,0.044829689713389666,0.008586521234118173,0.00987800304923947
dataset/E55-29/1.0MapBounded.png,0.03759629122370017,0.008586521234119838,0.023158344213698587
dataset/E55-29/2.0MapBounded.png,0.03168221262757727,0.008586521234118728,0.04808656117502471
dataset/E55-29/3.0MapBounded.png,0.009478048790433624,0.008586521234114842,0.04812433451854042
dataset/E56-0/0MapBounded.png,0.036178436107206,0.07279306585552807,0.017435408951187534
dataset/E56-0/1.0MapBounded.png,0.04233926575314014,0.07279306585552642,0.06368914180605853
dataset/E56-0/2.0MapBounded.png,0.07815314651678398,0.07279306585553025,0.08486684896410711
dataset/E56-0/3.0MapBounded.png,0.06429493706212777,0.0727930658555275,0.10498197554586587
dataset/E56-0/4.0MapBounded.png,0.028693180668453486,0.07279306585553628,0.11287879409969427
dataset/E56-0/5.0MapBounded.png,0.018922024864849014,0.0727930658555286,0.11285415931044487
dataset/E56-1/0MapBounded.png,0.04662833477081441,0.012692356500224104,0.0021766204901228175
dataset/E56-1/1.0MapBounded.png,0.08008495230410925,0.012692356500225765,0.02565685928334661
dataset/E56-1/2.0MapBounded.png,0.11399324191546151,0.012692356500223547,0.07036243249383446
dataset/E56-1/3.0MapBounded.png,0.0333891467398462,0.012692356500229094,0.0951280598461147
dataset/E56-1/4.0MapBounded.png,0.047873376918172866,0.012692356500224655,0.09972710127909301
dataset/E56-1/5.0MapBounded.png,0.06431451042950848,0.012692356500225212,0.1053799642521836
dataset/E56-1/6.0MapBounded.png,0.048677398492627935,0.01269235650022854,0.10664564497984054
dataset/E56-2/0MapBounded.png,0.024996054824760916,0.15421397249958402,0.0033771558862091718
dataset/E56-2/1.0MapBounded.png,0.015672709217030366,0.15421397249958402,0.01778796015733419
dataset/E56-2/2.0MapBounded.png,0.0013325140201720148,0.15421397249958022,0.01777920112115663
dataset/E56-2/3.0MapBounded.png,0.0013325140201720148,0.15421397249958022,0.017763872807845908
dataset/E56-2/4.0MapBounded.png,0.0013325140201720148,0.15421397249958022,0.017763872807845908
dataset/E56-2/5.0MapBounded.png,0.0013325140201720148,0.15421397249958022,0.01776113560904042
dataset/E56-2/6.0MapBounded.png,0.0034512370804823007,0.15421397249958402,0.01776113560904042
dataset/E56-3/0MapBounded.png,0.18530180667941862,0.013337023745644846,0.0025702296783517687
dataset/E56-3/1.0MapBounded.png,0.12023584091278144,0.013337023745643184,0.028126907485417574
dataset/E56-3/2.0MapBounded.png,0.0945137478633893,0.013337023745645958,0.03614580510597065
dataset/E56-3/3.0MapBounded.png,0.09323976917620083,0.013337023745644291,0.04758127427553191
dataset/E56-3/4.0MapBounded.png,0.07828073058440532,0.013337023745645403,0.062257586830789115
dataset/E56-3/5.0MapBounded.png,0.09588338948560138,0.013337023745644846,0.0690847080914334
dataset/E56-3/6.0MapBounded.png,0.09318490848943488,0.013337023745642631,0.06917613053153665
dataset/E56-3/7.0MapBounded.png,0.09318490848943488,0.013337023745642631,0.06917613053153665
dataset/E56-3/8.0MapBounded.png,0.0898765324339455,0.013337023745645958,0.06950404694843393
dataset/E60-0/0MapBounded.png,0.05772239919971975,0.008071685548447704,0.008851006057420957
dataset/E60-0/1.0MapBounded.png,0.05367920912938049,0.008071685548447704,0.03164366051070656
dataset/E60-0/2.0MapBounded.png,0.0250404655157513,0.008071685548447704,0.04637526448183458
dataset/E60-0/3.0MapBounded.png,0.051062406352680834,0.008071685548445484,0.06026490610039498
dataset/E60-0/4.0MapBounded.png,0.020002688154633054,0.008071685548448814,0.06961517721993667
dataset/E60-0/5.0MapBounded.png,0.020002688154633054,0.008071685548448814,0.06963926456942494
dataset/E60-0/6.0MapBounded.png,0.02780086301412249,0.008071685548449923,0.06964309664775263
dataset/E60-0/7.0MapBounded.png,0.013232741836642132,0.008071685548447704,0.06962174649706983
dataset/E60-2/0MapBounded.png,0.18811823661897073,0.06487003636078467,0.0038693042314356333
dataset/E60-2/1.0MapBounded.png,0.050563178850835576,0.06487003636078797,0.033452401481372
dataset/E60-2/2.0MapBounded.png,0.05028901182424392,0.06487003636078632,0.03834322830701516
dataset/E60-2/3.0MapBounded.png,0.03697557943512667,0.06487003636078577,0.038702348790294994
dataset/E60-2/4.0MapBounded.png,0.03697557943512667,0.06487003636078577,0.038702348790294994
dataset/E60-2/5.0MapBounded.png,0.0607921512315586,0.06487003636078852,0.03943975014849304
dataset/E70-8/0MapBounded.png,0.06336702629039931,0.09707422912571083,0.0018870248565023527
dataset/E70-8/1.0MapBounded.png,0.08489169858666805,0.09707422912571138,0.049560269011898604
dataset/E70-8/2.0MapBounded.png,0.04316799640574791,0.09707422912570976,0.052325387245201006
dataset/E70-8/3.0MapBounded.png,0.005137648606086749,0.09707422912570976,0.054589050657338295
dataset/E70-8/4.0MapBounded.png,0.051763811120568465,0.09707422912571083,0.05586403786093388
dataset/N10-1/0MapBounded.png,0.07558169110620631,0.11085339586651838,0.0018317334406315268
dataset/N10-1/1.0MapBounded.png,0.0038551589500211087,0.11085339586652439,0.036192337485663924
dataset/N10-1/2.0MapBounded.png,0.003397555873346637,0.11085339586651347,0.03621314019658562
dataset/N10-2/0MapBounded.png,0.03758566791994041,0.05341439998525179,0.004839367488100029
dataset/N10-2/1.0MapBounded.png,0.03133797583662345,0.05341439998525014,0.02171419812392394
dataset/N10-2/2.0MapBounded.png,0.03262471268262398,0.05341439998525124,0.022018574631094034
dataset/N10-2/3.0MapBounded.png,0.023130889803025013,0.053414399985256746,0.022018574631094034
dataset/N10-2/4.0MapBounded.png,0.04690101649709885,0.0534143999852529,0.03403597226670171
dataset/N42-2/0MapBounded.png,0.06420293205359914,0.004978250193394521,0.005367099417797815
dataset/N42-2/1.0MapBounded.png,0.10313014991185424,0.004978250193393966,0.045615418093431545
dataset/N42-2/2.0MapBounded.png,0.10610289194718149,0.004978250193394521,0.07169818551091185
dataset/N42-2/3.0MapBounded.png,0.10763422437789152,0.004978250193395632,0.08174534744633037
dataset/N42-2/4.0MapBounded.png,0.08787504422346255,0.004978250193395632,0.10375899511957454
dataset/N42-2/5.0MapBounded.png,0.07395532527871108,0.004978250193396188,0.10609273082113228
dataset/N42-2/6.0MapBounded.png,0.08504658306080107,0.004978250193393411,0.13601524072294896
dataset/N42-2/7.0MapBounded.png,0.05698052583679175,0.004978250193393966,0.13770737702450067
dataset/N42-2/8.0MapBounded.png,0.07913760418272199,0.004978250193394521,0.13953801558561002
dataset/N42-2/9.0MapBounded.png,0.07913760418272199,0.004978250193394521,0.1395610080555761
dataset/N42-2/10.0MapBounded.png,0.09478384782920275,0.004978250193393966,0.13955224901939853
dataset/N51-1/0MapBounded.png,0.04567346379730607,0.012023809758890482,0.012286190558306442
dataset/N51-1/1.0MapBounded.png,0.045145880469026,0.012023809758893254,0.0903604069667184
dataset/N51-1/2.0MapBounded.png,0.039843847447712445,0.012023809758889926,0.11115271653295451
dataset/N51-1/3.0MapBounded.png,0.01907972857356142,0.012023809758888263,0.12789725650563727
dataset/N51-1/4.0MapBounded.png,0.04044099381994471,0.012023809758890482,0.13421854342702766
dataset/N51-1/5.0MapBounded.png,0.022121275982592215,0.012023809758890482,0.13447036571713242
dataset/N51-3/0MapBounded.png,0.09099388269202256,0.048653901100100025,0.0026846445884211017
dataset/N51-3/1.0MapBounded.png,0.10040688003248809,0.048653901100100025,0.02588240446491869
dataset/N51-3/2.0MapBounded.png,0.09030489277687447,0.04865390110010223,0.040454156025806313
dataset/N51-3/3.0MapBounded.png,0.09772331210418644,0.04865390110010279,0.06238240309631929
dataset/N51-3/4.0MapBounded.png,0.13349344455851272,0.048653901100097825,0.08488162983765674
dataset/N51-3/5.0MapBounded.png,0.0881444357872253,0.04865390110009947,0.08621245589688425
dataset/N51-3/6.0MapBounded.png,0.07202099249746927,0.048653901100097825,0.09934553576560819
dataset/N51-3/7.0MapBounded.png,0.025770024792498663,0.04865390110009947,0.12594289655851995
dataset/N51-3/8.0MapBounded.png,0.042587069680814035,0.048653901100103876,0.14589050657338293
dataset/N51-3/9.0MapBounded.png,0.04246345526179298,0.04865390110010223,0.14593265943498743
dataset/N51-3/10.0MapBounded.png,0.0858722167283962,0.04865390110010113,0.15109556382189596
dataset/N51-3/11.0MapBounded.png,0.13800801195424442,0.04865390110009947,0.1533280231676507
dataset/N51-3/12.0MapBounded.png,0.13800801195424442,0.04865390110009947,0.1533280231676507
dataset/N51-3/13.0MapBounded.png,0.13784720063811598,0.04865390110009892,0.1554674177540189
dataset/N52-0/0MapBounded.png,0.09582263564504241,0.014120286942653578,0.009721435277565646
dataset/N52-0/1.0MapBounded.png,0.050864521828393086,0.01412028694265247,0.08992026539879619
dataset/N52-0/2.0MapBounded.png,0.07545811682726347,0.014120286942653578,0.11584372784579718
dataset/N52-0/3.0MapBounded.png,0.05687635387574511,0.014120286942655241,0.13254337775806996
dataset/N52-0/4.0MapBounded.png,0.016032203880756546,0.014120286942653578,0.13254830471591986
dataset/N52-0/5.0MapBounded.png,0.030054379098019474,0.014120286942653578,0.1325581586316196
dataset/N52-0/6.0MapBounded.png,0.0430246200463777,0.014120286942653023,0.15963836129381914
dataset/N52-0/7.0MapBounded.png,0.052452004094522144,0.014120286942646923,0.19007601201082838
dataset/N52-0/8.0MapBounded.png,0.023363090401415626,0.014120286942656905,0.19906114080971818
dataset/N52-0/9.0MapBounded.png,0.008602682626803925,0.014120286942653023,0.21517119809928917
dataset/N52-0/10.0MapBounded.png,0.03981001129946937,0.014120286942653578,0.21514054147266773
dataset/N52-0/11.0MapBounded.png,0.03981001129946937,0.014120286942653578,0.21517503017761683
dataset/N52-0/12.0MapBounded.png,0.08607510540893516,0.014120286942656905,0.24070378855686664
dataset/N52-0/13.0MapBounded.png,0.023216236261689782,0.014120286942653578,0.24902542036530656
dataset/N52-0/14.0MapBounded.png,0.009949285359321092,0.014120286942655796,0.24904567563646715
dataset/N52-2/0MapBounded.png,0.058902190923310144,0.007846950691587208,0.0037833561889433595
dataset/N52-2/1.0MapBounded.png,0.1080025189019745,0.007846950691587208,0.03520420871688332
dataset/N52-2/2.0MapBounded.png,0.05102850371661718,0.007846950691587765,0.05561276301059023
dataset/N52-2/3.0MapBounded.png,0.051383519233428564,0.007846950691586653,0.09610140774134567
dataset/N52-2/4.0MapBounded.png,0.09012389325544587,0.0078469506915861,0.1801405277866737
dataset/N52-2/5.0MapBounded.png,0.05343608017149196,0.007846950691587765,0.18605944648365758
dataset/N52-2/6.0MapBounded.png,0.031259903718100265,0.007846950691584434,0.20135765060752125
dataset/NE20-3/0MapBounded.png,0.0540054394785331,0.03874070917366455,0.0028691317879108885
dataset/NE20-3/1.0MapBounded.png,0.047363833604232145,0.03874070917366455,0.024496834429581456
dataset/NE20-3/2.0MapBounded.png,0.003109826978746408,0.03874070917366455,0.027179836698719272
dataset/NE20-3/3.0MapBounded.png,0.036829383193198055,0.03874070917366675,0.02720282916868535
dataset/NE20-3/4.0MapBounded.png,0.04126018860080001,0.03874070917366841,0.02720556636749084
dataset/NE20-3/5.0MapBounded.png,0.05303177301230394,0.038740709173661236,0.04881575093680629
dataset/NE20-3/6.0MapBounded.png,0.010850817707605905,0.038740709173663436,0.0565855634660601
dataset/NE20-3/7.0MapBounded.png,0.01177528710901599,0.03874070917366399,0.06026873817872267
dataset/NE20-4/0MapBounded.png,0.2049944962512441,0.03274845007934843,0.0039771498643718
dataset/NE20-4/1.0MapBounded.png,0.18119114382589893,0.03274845007934843,0.04663256116955031
dataset/NE20-4/2.0MapBounded.png,0.13721657396306927,0.03274845007934788,0.05704212822681525
dataset/NE20-4/3.0MapBounded.png,0.14534738218139917,0.03274845007934843,0.08132600858932987
dataset/NE20-4/4.0MapBounded.png,0.1505738113101302,0.03274845007934788,0.08622997396923937
dataset/NE20-4/5.0MapBounded.png,0.17602003299124896,0.03274845007935009,0.08663124731412368
dataset/NE20-4/6.0MapBounded.png,0.09706652839310191,0.03274845007934788,0.10086249134360878
dataset/NE20-4/7.0MapBounded.png,0.09543463210429301,0.032748450079344016,0.11807454487226862
dataset/NE20-4/8.0MapBounded.png,0.09625644968527829,0.03274845007934843,0.15933836430473783
dataset/NE20-4/9.0MapBounded.png,0.021469994096094912,0.03274845007934788,0.1813886904419755
dataset/NE20-4/10.0MapBounded.png,0.03219993578408238,0.03274845007934843,0.1813865006829311
dataset/NE20-4/11.0MapBounded.png,0.031884114501696814,0.03274845007934843,0.1813870481226922
dataset/NE20-4/12.0MapBounded.png,0.031884114501696814,0.03274845007934843,0.1813892378817366
dataset/NE20-4/13.0MapBounded.png,0.031884114501696814,0.03274845007934843,0.181391427640781
dataset/NE20-4/14.0MapBounded.png,0.028490558690710537,0.03274845007934843,0.18139361739982537
dataset/NE20-4/15.0MapBounded.png,0.029308709385755537,0.03274845007934843,0.18139416483958648
dataset/NE20-4/16.0MapBounded.png,0.029308709385755537,0.03274845007934843,0.18139416483958648
dataset/NE20-4/17.0MapBounded.png,0.029522675182695177,0.03274845007934788,0.18139416483958648
dataset/NE20-4/18.0MapBounded.png,0.029522675182695177,0.03274845007934788,0.18139416483958648
dataset/NE20-4/19.0MapBounded.png,0.0900219842096517,0.03274845007934899,0.1856526987411623
dataset/NE20-4/20.0MapBounded.png,0.14114228304464269,0.03274845007934788,0.18845121079989163
dataset/NE20-4/21.0MapBounded.png,0.18120520756074177,0.03274845007934788,0.19215792542228136
dataset/NE20-4/22.0MapBounded.png,0.18504251725387266,0.03274845007935065,0.19309459485351882
dataset/NE20-4/23.0MapBounded.png,0.1541444961554634,0.03274845007934788,0.1962730301064497
dataset/NE20-4/24.0MapBounded.png,0.14860199178579114,0.032748450079344564,0.1962900007390437
dataset/NE20-4/25.0MapBounded.png,0.13327447355216748,0.03274845007935009,0.1963080662511599
dataset/NE49-2/0MapBounded.png,0.0012695638979558662,0.037943887327498975,0.00929881178199854
dataset/NE49-2/1.0MapBounded.png,1.668134377482681e-05,0.03794388732749843,0.01187451585796128
dataset/NE49-4/0MapBounded.png,0.9380227189819145,0.19718812519581563,0.012752061795000234
dataset/NE49-4/1.0MapBounded.png,0.9175294636962048,0.19718812519581672,0.03334072377010815
dataset/NE49-4/2.0MapBounded.png,0.8979505453775053,0.19718812519580975,0.10385862915609424
dataset/NE49-4/3.0MapBounded.png,0.8014781347527722,0.19718812519581513,0.1271883220150163
dataset/NE49-4/4.0MapBounded.png,0.9318928850173548,0.19718812519581563,0.1330185554707024
dataset/NE49-4/5.0MapBounded.png,0.7883532016928928,0.19718812519581247,0.14390494255988306
dataset/NE49-4/6.0MapBounded.png,0.7486204902635621,0.19718812519581563,0.1981239239387196
dataset/NE49-4/7.0MapBounded.png,0.8202538600193051,0.1971881251958162,0.24626084957176525
dataset/NE49-4/8.0MapBounded.png,0.874688579082495,0.19718812519581563,0.26857723143289625
dataset/NE49-4/9.0MapBounded.png,0.8526509797612856,0.19718812519581513,0.2700213775226708
dataset/NE49-4/10.0MapBounded.png,0.7719248875639503,0.19718812519581563,0.2713434445457209
dataset/NE49-4/11.0MapBounded.png,0.7940221517820831,0.1971881251958162,0.2713434445457209
dataset/NE49-4/12.0MapBounded.png,0.7012833013244574,0.1971881251958162,0.2956338941853687
dataset/NE49-4/13.0MapBounded.png,0.7335030959178672,0.19718812519581672,0.3140793294957806
dataset/NE49-4/14.0MapBounded.png,0.6801763470779241,0.19718812519581672,0.3181971713787544
dataset/NE49-4/15.0MapBounded.png,0.5953213359588377,0.19718812519581563,0.3182606743910417
dataset/NE49-4/16.0MapBounded.png,0.5161625091951572,0.19718812519581563,0.31828202454172455
dataset/NE49-4/17.0MapBounded.png,0.4103649863853831,0.1971881251958162,0.3183422429154452
dataset/NE49-4/18.0MapBounded.png,0.22040102949425905,0.19718812519581513,0.318375089301111
dataset/NE49-4/19.0MapBounded.png,0.16855739409001827,0.19718812519581563,0.3184281909579375
dataset/NE49-4/20.0MapBounded.png,0.411800264624701,0.19718812519581247,0.3184402346326817
dataset/NE49-4/21.0MapBounded.png,0.5333671510301822,0.1971881251958135,0.3184588475845589
dataset/NE49-4/22.0MapBounded.png,0.6518525040412845,0.19718812519581191,0.31846815406049755
dataset/NE49-4/23.0MapBounded.png,0.7176071079212392,0.19718812519581563,0.3184966209280747
dataset/NE49-4/24.0MapBounded.png,0.7974626065346536,0.19718812519581783,0.3186548310190318
dataset/NE49-4/25.0MapBounded.png,0.8547129892601296,0.19718812519581563,0.31866304261544826
dataset/NE49-4/26.0MapBounded.png,0.9019731600787378,0.19718812519581563,0.3186564733383151
dataset/NE49-4/27.0MapBounded.png,0.9542337957892022,0.19718812519581783,0.31866085285640383
dataset/NE49-4/28.0MapBounded.png,0.9927952477624447,0.19718812519581563,0.3186936992420697
dataset/NE49-4/29.0MapBounded.png,1.0,0.19718812519581513,0.318701363398725
dataset/NE49-4/30.0MapBounded.png,0.9360714694832282,0.19718812519581563,0.31871723915179684
dataset/NE49-4/31.0MapBounded.png,0.9204120916689986,0.19718812519581783,0.31872873538677987
dataset/NE49-4/32.0MapBounded.png,0.9124399557555942,0.19718812519581563,0.3217796171753751
dataset/NE49-4/33.0MapBounded.png,0.8662856277893523,0.1971881251958162,0.31966321505897294
dataset/NW10-1/0MapBounded.png,0.022876938882232772,0.033564909367424456,0.01401664764313497
dataset/NW10-1/1.0MapBounded.png,0.004143314105590531,0.033564909367424456,0.05080131495030615
dataset/NW10-1/2.0MapBounded.png,0.010473319388906046,0.033564909367423346,0.050842372932388455
dataset/NW10-1/3.0MapBounded.png,0.002239036900115523,0.03356490936742501,0.051390360133246854
dataset/NW10-2/0MapBounded.png,0.248514245451935,0.0326996175753989,0.010260116002485378
dataset/NW10-2/1.0MapBounded.png,0.2006080117267228,0.03269961757539835,0.04228643690619894
dataset/NW10-2/2.0MapBounded.png,0.13509966825876715,0.0326996175753989,0.07426239335189154
dataset/NW10-2/3.0MapBounded.png,0.09118833213096134,0.03269961757539835,0.0983738301896605
dataset/NW10-2/4.0MapBounded.png,0.06673617093208493,0.032699617575399464,0.1069346931736999
dataset/NW10-2/5.0MapBounded.png,0.11580460892735685,0.0326996175753978,0.16318029654811858
dataset/NW10-2/6.0MapBounded.png,0.02485430396541792,0.032699617575400006,0.18819884107002577
dataset/NW10-2/7.0MapBounded.png,0.06755473706246674,0.0326996175753989,0.2060990263783849
dataset/NW10-2/8.0MapBounded.png,0.03256088427677143,0.03269961757539725,0.21572028017966974
dataset/NW10-2/9.0MapBounded.png,0.07695147906272415,0.03269961757540056,0.26039738652258054
dataset/NW10-2/10.0MapBounded.png,0.05392821968140893,0.032699617575400006,0.26770461245370714
dataset/NW10-2/11.0MapBounded.png,0.09237976760749968,0.032699617575399464,0.3000730832081065
dataset/NW10-2/12.0MapBounded.png,0.09873460354334662,0.032699617575396696,0.32677117291706015
dataset/NW10-2/13.0MapBounded.png,0.036807327155126794,0.03269961757540167,0.3267908807484597
dataset/NW10-2/14.0MapBounded.png,0.051807784241532526,0.0326996175753989,0.3361745456934283
dataset/NW10-2/15.0MapBounded.png,0.043273826541311365,0.03269961757539614,0.34498394632900586
dataset/NW10-2/16.0MapBounded.png,0.1072253114545737,0.032699617575400006,0.3466656812750967
dataset/NW10-4/0MapBounded.png,0.10203343065448485,0.033323822734983966,0.00889699099735313
dataset/NW10-4/1.0MapBounded.png,0.11180015406922726,0.033323822734983403,0.010537667961361703
dataset/NW10-4/2.0MapBounded.png,0.09065708871325759,0.033323822734983403,0.01522813183444327
dataset/NW10-4/3.0MapBounded.png,0.11529152943498677,0.033323822734983966,0.062272915144099834
dataset/NW10-4/4.0MapBounded.png,0.053967123902338446,0.033323822734985624,0.08700952818904191
dataset/NW10-4/5.0MapBounded.png,0.047623390736711305,0.033323822734983966,0.09446456285566478
dataset/NW10-4/6.0MapBounded.png,0.06294892268828901,0.033323822734983966,0.09766763289784501
dataset/NW10-4/7.0MapBounded.png,0.06449178961964654,0.033323822734982855,0.13330377158623408
dataset/NW10-4/8.0MapBounded.png,0.08505054123259391,0.03332382273498617,0.13996775579807139
dataset/NW10-4/9.0MapBounded.png,0.09824252144564431,0.033323822734980094,0.14217722267386004
dataset/NW13-0/0MapBounded.png,0.12234819894396855,0.0062443977713545545,0.010126540700777639
dataset/NW13-0/1.0MapBounded.png,0.12675616168293474,0.006244397771353999,0.049555342054048726
dataset/NW13-0/2.0MapBounded.png,0.05486499309961938,0.006244397771351779,0.1012248964654552
dataset/NW13-0/3.0MapBounded.png,0.0348368522463908,0.0062443977713545545,0.14404125506039628
dataset/NW13-0/4.0MapBounded.png,0.08807274623753777,0.006244397771351779,0.19235445629651526
dataset/NW13-0/5.0MapBounded.png,0.062188974843759515,0.006244397771355665,0.20954406479497015
dataset/NW13-0/6.0MapBounded.png,0.026312995968771156,0.0062443977713545545,0.21886860624574025
dataset/NW13-0/7.0MapBounded.png,0.057943316941018265,0.006244397771353444,0.23934832770838982
dataset/NW13-0/8.0MapBounded.png,0.11178045918540064,0.0062443977713545545,0.24011748057273144
dataset/NW13-1/0MapBounded.png,0.15208855992809192,0.09182763227081316,0.011651160435433587
dataset/NW13-1/1.0MapBounded.png,0.05495741809487916,0.09182763227081368,0.07784210194970671
dataset/NW13-1/2.0MapBounded.png,0.02315804948683112,0.09182763227081042,0.0795210996969921
dataset/NW13-1/3.0MapBounded.png,0.020414033046618648,0.09182763227081697,0.1445410675622781
dataset/NW13-1/4.0MapBounded.png,0.03245425175302423,0.09182763227081751,0.1536083123253325
dataset/NW13-1/5.0MapBounded.png,0.068631188534252,0.09182763227081368,0.1603949230436556
dataset/NW13-1/6.0MapBounded.png,0.04705635247477272,0.09182763227081368,0.16121881988410702
dataset/NW13-2/0MapBounded.png,0.11233720584123918,0.0360561190554015,0.004109630286557343
dataset/NW13-2/1.0MapBounded.png,0.11628830401137107,0.03605611905540205,0.047937657560006244
dataset/NW13-2/2.0MapBounded.png,0.13898672267553153,0.036056119055403714,0.10922737089317536
dataset/NW13-2/3.0MapBounded.png,0.13587766016230576,0.0360561190554015,0.1492528815860425
dataset/NW13-2/4.0MapBounded.png,0.1858132119448586,0.03605611905540316,0.19564894877879876
dataset/NW13-2/5.0MapBounded.png,0.11242329164296937,0.0360561190554015,0.197698563244347
dataset/NW13-2/6.0MapBounded.png,0.09284847481222833,0.0360561190554015,0.2257876973862489
dataset/NW13-2/7.0MapBounded.png,0.08665811359155098,0.03605611905540205,0.24835644897724563
dataset/NW13-2/8.0MapBounded.png,0.07849242619658266,0.03605611905540205,0.2559844746083753
dataset/NW13-2/9.0MapBounded.png,0.08680569790404787,0.036056119055400945,0.270472467885815
dataset/NW13-2/10.0MapBounded.png,0.014703830359964757,0.03605611905540039,0.2827373082934387
dataset/NW13-2/11.0MapBounded.png,0.012211820590362807,0.036056119055407024,0.28319004097586614
dataset/NW13-2/12.0MapBounded.png,0.07048308788971831,0.0360561190554015,0.2907047465764487
dataset/NW13-2/13.0MapBounded.png,0.14883893702609685,0.03605611905539929,0.29989023832790007
dataset/NW13-2/14.0MapBounded.png,0.10280450452186803,0.0360561190554015,0.3000949807985504
dataset/NW13-2/15.0MapBounded.png,0.1694027798654626,0.0360561190554015,0.30060793185469853
dataset/NW13-2/16.0MapBounded.png,0.13669094672542081,0.036056119055403714,0.3005334800471894
dataset/NW13-2/17.0MapBounded.png,0.14766370551312566,0.03605611905540039,0.3005208889326841
dataset/NW13-2/18.0MapBounded.png,0.11840509260992152,0.0360561190554015,0.300779280499922
dataset/NW14-0/0MapBounded.png,0.1880697899378936,0.021418410621038587,0.010115044465794596
dataset/NW14-0/1.0MapBounded.png,0.1451217478796556,0.021418410621038587,0.04286617561320097
dataset/NW14-0/2.0MapBounded.png,0.14441990899515353,0.021418410621038587,0.13307384688657323
dataset/NW14-0/3.0MapBounded.png,0.1515739663404166,0.021418410621036374,0.19165866036016063
dataset/NW14-0/4.0MapBounded.png,0.2036055796554224,0.021418410621030833,0.2290734308323548
dataset/NW14-0/5.0MapBounded.png,0.1482284963529847,0.021418410621038587,0.2488179406958507
dataset/NW14-0/6.0MapBounded.png,0.07813108497813612,0.02141841062104025,0.3583973153554116
dataset/NW14-0/7.0MapBounded.png,0.02179744680450001,0.021418410621039143,0.4396932147578811
dataset/NW14-0/8.0MapBounded.png,0.04340825742768794,0.021418410621038587,0.48101670512430994
dataset/NW14-0/9.0MapBounded.png,0.061178380810016864,0.021418410621039143,0.49089032865546073
dataset/NW14-0/10.0MapBounded.png,0.0688007123244569,0.021418410621035264,0.5087500034214986
dataset/NW14-0/11.0MapBounded.png,0.057445426772480726,0.021418410621038587,0.5454202558186004
dataset/NW14-0/12.0MapBounded.png,0.10680709897625704,0.02141841062104191,0.565596148213841
dataset/NW14-0/13.0MapBounded.png,0.14731380613944442,0.021418410621038587,0.5980374284564662
dataset/NW14-0/14.0MapBounded.png,0.11855601033141522,0.021418410621041356,0.6028045338961014
dataset/NW14-0/15.0MapBounded.png,0.14388100481591642,0.021418410621038587,0.6026824548293768
dataset/NW14-0/16.0MapBounded.png,0.14388100481591642,0.021418410621038587,0.6026923087450765
dataset/NW14-0/17.0MapBounded.png,0.1438083806963269,0.021418410621039143,0.6026923087450765
dataset/NW14-0/18.0MapBounded.png,0.13179237837908997,0.021418410621038587,0.6026923087450765
dataset/NW14-0/19.0MapBounded.png,0.1311456434934619,0.021418410621038587,0.6027027101005373
dataset/NW14-1/0MapBounded.png,0.168349573061071,0.021382155678755548,0.006451577584531543
dataset/NW14-1/1.0MapBounded.png,0.16542462427204746,0.021382155678755548,0.037348530261101395
dataset/NW14-1/2.0MapBounded.png,0.15448658743713584,0.02138215567875444,0.05121517940969571
dataset/NW14-1/3.0MapBounded.png,0.06195836485021647,0.021382155678755548,0.06021837372070171
dataset/NW14-1/4.0MapBounded.png,0.031429948834271956,0.021382155678755548,0.07718353191710668
dataset/NW14-1/5.0MapBounded.png,0.036923759286660494,0.02138215567875444,0.12905290184131363
dataset/NW14-1/6.0MapBounded.png,0.05417491203203818,0.02138215567875444,0.1614815909694337
dataset/NW14-1/7.0MapBounded.png,0.025489175657253497,0.02138215567875389,0.17526283951529684
dataset/NW14-1/8.0MapBounded.png,0.07601169704654331,0.02138215567875832,0.19579456775525064
dataset/NW14-1/9.0MapBounded.png,0.11106320432755672,0.021382155678754997,0.23315568913085727
dataset/NW14-1/10.0MapBounded.png,0.0756405494631542,0.021382155678752783,0.2378675031546217
dataset/NW14-1/11.0MapBounded.png,0.05772410144818221,0.0213821556787561,0.24426762140161004
dataset/NW14-1/12.0MapBounded.png,0.04222501409076859,0.021382155678755548,0.2458289196002595
dataset/NW14-1/13.0MapBounded.png,0.04132072950893604,0.0213821556787561,0.26577707705488357
dataset/NW14-1/14.0MapBounded.png,0.027340137947930675,0.021382155678754997,0.2768824400485032
dataset/NW14-1/15.0MapBounded.png,0.026820103496822997,0.021382155678755548,0.27870596189271823
dataset/NW14-1/16.0MapBounded.png,0.04182301345783489,0.021382155678754997,0.278682421982991
dataset/NW14-1/17.0MapBounded.png,0.04182301345783489,0.021382155678754997,0.2795501140043303
dataset/NW14-1/18.0MapBounded.png,0.012375030935338864,0.021382155678758872,0.2795501140043303
dataset/NW14-1/19.0MapBounded.png,0.01025137848127208,0.02138215567875721,0.27956051535979115
dataset/NW14-3/0MapBounded.png,0.05802623832128988,0.014782491744072243,0.0034795271215343642
dataset/NW14-3/1.0MapBounded.png,0.06253482014674346,0.014782491744071686,0.044895534807588615
dataset/NW14-3/2.0MapBounded.png,0.028529414219778094,0.014782491744072243,0.07781308764236856
dataset/NW14-3/3.0MapBounded.png,0.05262908945178153,0.014782491744073353,0.09263885125240531
dataset/NW14-3/4.0MapBounded.png,0.03236944986552625,0.014782491744072243,0.12039952153764882
dataset/NW14-3/5.0MapBounded.png,0.059654021430211486,0.014782491744073353,0.12174129639209826
dataset/NW14-3/6.0MapBounded.png,0.019755207923500762,0.014782491744073353,0.12434656221516026
dataset/NW14-3/7.0MapBounded.png,0.019755207923500762,0.014782491744073353,0.12434765709468246
dataset/NW14-3/8.0MapBounded.png,0.041585798806452356,0.014782491744071686,0.1243591533296655
dataset/NW14-3/9.0MapBounded.png,0.03924373232563415,0.014782491744073353,0.12437448164297621
dataset/NW14-4/0MapBounded.png,0.228285379151416,0.012105131056818177,0.0036568976041298855
dataset/NW14-4/1.0MapBounded.png,0.16848652230267733,0.012105131056817067,0.050610805913444315
dataset/NW14-4/2.0MapBounded.png,0.07636044428171201,0.012105131056818177,0.07998204397583601
dataset/NW14-4/3.0MapBounded.png,0.04880839445679782,0.012105131056818177,0.09570560879407232
dataset/NW14-4/4.0MapBounded.png,0.03371692861457272,0.012105131056819287,0.09814828500808843
dataset/NW14-4/5.0MapBounded.png,0.07468440747958484,0.01210513105681762,0.09811981814051138
dataset/NW14-4/6.0MapBounded.png,0.07468440747958484,0.01210513105681762,0.09811981814051138
dataset/NW14-4/7.0MapBounded.png,0.08929572594078067,0.012105131056815956,0.09813569389358319
dataset/NW14-4/8.0MapBounded.png,0.04901788524420252,0.012105131056820395,0.10031997854036137
dataset/NW14-5/0MapBounded.png,0.03294285287882144,0.05414957481184458,0.007424925479762521
dataset/NW14-5/1.0MapBounded.png,0.04132870649270805,0.05414957481184569,0.06028844601012216
dataset/NW14-5/2.0MapBounded.png,0.04688577211328295,0.05414957481184678,0.08302690392705914
dataset/NW14-5/3.0MapBounded.png,0.009683535575461743,0.05414957481184898,0.1136983114220569
dataset/NW14-5/4.0MapBounded.png,0.05802971660002397,0.05414957481184569,0.12635238149982073
dataset/NW14-5/5.0MapBounded.png,0.006495947267880113,0.054149574811845125,0.1298713242841541
dataset/NW16-1/0MapBounded.png,0.19469592987445136,0.005702096364220188,0.009095711630631446
dataset/NW16-1/1.0MapBounded.png,0.17070295955089115,0.005702096364219078,0.03580529757456814
dataset/NW16-1/2.0MapBounded.png,0.16853125950468448,0.005702096364220744,0.0722719023805418
dataset/NW16-1/3.0MapBounded.png,0.1396644891217803,0.005702096364219634,0.08969253045817971
dataset/NW16-1/4.0MapBounded.png,0.12539818545334255,0.005702096364220744,0.11881687318831655
dataset/NW16-1/5.0MapBounded.png,0.10332203928703189,0.005702096364222965,0.14304163005663265
dataset/NW16-1/6.0MapBounded.png,0.10789950815752462,0.005702096364219078,0.1566564569151222
dataset/NW16-1/7.0MapBounded.png,0.05789468762469778,0.005702096364219078,0.1705893462748093
dataset/NW16-1/8.0MapBounded.png,0.10951550180946186,0.005702096364220188,0.18198211514300497
dataset/NW16-1/9.0MapBounded.png,0.1485771420939206,0.005702096364220188,0.2051344375193315
dataset/NW16-1/10.0MapBounded.png,0.17196942742169902,0.005702096364220744,0.2122954970342451
dataset/NW16-1/11.0MapBounded.png,0.16999390244264798,0.005702096364220188,0.21231082534755585
dataset/NW16-1/12.0MapBounded.png,0.12625038808074457,0.005702096364220188,0.2123984157093314
dataset/NW16-1/13.0MapBounded.png,0.12625038808074457,0.005702096364220188,0.21333180050200223
dataset/NW16-1/14.0MapBounded.png,0.12611308092774734,0.005702096364219634,0.21333180050200223
dataset/NW16-2/0MapBounded.png,0.12072068089004544,0.0045155479540249874,0.006413256801254732
dataset/NW16-2/1.0MapBounded.png,0.03800999153055557,0.0045155479540249874,0.03531971850647485
dataset/NW16-2/2.0MapBounded.png,0.022296773918781047,0.0045155479540249874,0.05238122610083293
dataset/NW16-2/3.0MapBounded.png,0.02195074345327161,0.0045155479540255426,0.05804996482699535
dataset/NW16-2/4.0MapBounded.png,0.07472193428634995,0.004515547954024432,0.11059378053687419
dataset/NW16-2/5.0MapBounded.png,0.07554434094507194,0.0045155479540249874,0.11475541760073577
dataset/NW16-2/6.0MapBounded.png,0.07554434094507194,0.0045155479540249874,0.11477184079356868
dataset/NW16-2/7.0MapBounded.png,0.0755907095262919,0.0045155479540249874,0.11477348311285196
dataset/NW16-2/8.0MapBounded.png,0.0755907095262919,0.0045155479540249874,0.11477403055261308
dataset/NW16-2/9.0MapBounded.png,0.061985946481053565,0.004515547954024432,0.11480742437804002
dataset/NW16-2/10.0MapBounded.png,0.11477079652424539,0.0045155479540249874,0.13026274371333865
dataset/NW16-2/11.0MapBounded.png,0.0808106985079891,0.0045155479540255426,0.15618018432296757
dataset/NW16-2/12.0MapBounded.png,0.10677420125526096,0.004515547954023321,0.18456767313466746
dataset/NW16-2/13.0MapBounded.png,0.10852081150732167,0.004515547954026098,0.20661197743453302
dataset/NW16-2/14.0MapBounded.png,0.10741124647112593,0.004515547954024432,0.24548457999052925
dataset/NW16-2/15.0MapBounded.png,0.12655402369283014,0.0045155479540249874,0.2647210657557269
dataset/NW16-2/16.0MapBounded.png,0.13891505378675706,0.004515547954022209,0.26624842268918836
dataset/NW16-2/17.0MapBounded.png,0.0711798369535185,0.004515547954023321,0.26964419152727487
dataset/NW16-2/18.0MapBounded.png,0.024113819434636575,0.004515547954027765,0.27044400101823796
dataset/NW16-2/19.0MapBounded.png,0.0567722118293963,0.0045155479540249874,0.27995905150586997
dataset/NW16-2/20.0MapBounded.png,0.05774895388636952,0.0045155479540249874,0.28053824277311096
dataset/NW16-2/21.0MapBounded.png,0.06962321663390478,0.00451554795402832,0.2841869287808243
dataset/NW16-2/22.0MapBounded.png,0.09718295172901581,0.004515547954026654,0.2844529845047176
dataset/NW16-2/23.0MapBounded.png,0.09718295172901581,0.004515547954026654,0.284455721703523
dataset/NW16-2/24.0MapBounded.png,0.1589425062998793,0.004515547954019433,0.284461196101134
dataset/NW16-2/25.0MapBounded.png,0.18572575645481385,0.0045155479540249874,0.28480827290966976
dataset/NW16-2/26.0MapBounded.png,0.17950281513420055,0.004515547954029431,0.28480334595181983
dataset/NW16-2/27.0MapBounded.png,0.20680247210310876,0.004515547954022765,0.28486630152434594
dataset/NW17-0/0MapBounded.png,0.11142533828605666,0.031065654232926808,0.03169676216753299
dataset/NW17-0/1.0MapBounded.png,0.13499813250451123,0.031065654232927363,0.07905577590005941
dataset/NW17-0/2.0MapBounded.png,0.08247664199785858,0.031065654232926808,0.10611846048990385
dataset/NW17-0/3.0MapBounded.png,0.05520885871910262,0.0310656542329257,0.1259549402332641
dataset/NW17-0/4.0MapBounded.png,0.041014687206832545,0.03106565423292902,0.17263512866202985
dataset/NW17-0/5.0MapBounded.png,0.03725710701396489,0.031065654232927363,0.19229916488064447
dataset/NW17-0/6.0MapBounded.png,0.039787218109059996,0.031065654232931235,0.21208254296717827
dataset/NW17-0/7.0MapBounded.png,0.09912435175515195,0.0310656542329257,0.21758704976501148
dataset/NW17-0/8.0MapBounded.png,0.08694145367277653,0.03106565423292902,0.21780985774777809
dataset/NW17-2/0MapBounded.png,0.3033382036651721,0.0573604170170284,0.004830061012161374
dataset/NW17-2/1.0MapBounded.png,0.2958515202396829,0.0573604170170284,0.042185160550395936
dataset/NW17-2/2.0MapBounded.png,0.37024327108992144,0.05736041701702566,0.08290044534224567
dataset/NW17-2/3.0MapBounded.png,0.3372475731318012,0.057360417017028965,0.09847017958761363
dataset/NW17-2/4.0MapBounded.png,0.2716436817262165,0.0573604170170284,0.12607209234213893
dataset/NW17-2/5.0MapBounded.png,0.24524508450769436,0.05736041701702786,0.15136873626268352
dataset/NW17-2/6.0MapBounded.png,0.22091106331619634,0.057360417017027314,0.1586381888502944
dataset/NW17-2/7.0MapBounded.png,0.12122878206336248,0.05736041701702786,0.18257663472355662
dataset/NW17-2/8.0MapBounded.png,0.06035669279861869,0.057360417017028965,0.19650185992658833
dataset/NW17-2/9.0MapBounded.png,0.03116147315989985,0.05736041701702952,0.20041550677867281
dataset/NW17-2/10.0MapBounded.png,0.020167778449588007,0.057360417017031165,0.20044397364624994
dataset/NW17-2/11.0MapBounded.png,0.056874258764580334,0.05736041701702511,0.2159907154216518
dataset/NW17-2/12.0MapBounded.png,0.0647218601918796,0.05736041701702952,0.21614837807284784
dataset/NW17-2/13.0MapBounded.png,0.031201554210961737,0.057360417017026766,0.21725694358906983
dataset/NW17-2/14.0MapBounded.png,0.050746143014618765,0.05736041701702786,0.21815748199607488
dataset/NW17-2/15.0MapBounded.png,0.07313945614583083,0.0573604170170284,0.21825164163498362
dataset/NW17-2/16.0MapBounded.png,0.054715242853154246,0.057360417017028965,0.21857025157594223
dataset/NW17-2/17.0MapBounded.png,0.04337884570456918,0.057360417017031165,0.21831076512918213
dataset/NW17-2/18.0MapBounded.png,0.04363695810685892,0.057360417017022915,0.21832280880392624
dataset/NW17-2/19.0MapBounded.png,0.06112718673182675,0.057360417017028965,0.21832335624368734
dataset/NW17-2/20.0MapBounded.png,0.049054547082065796,0.0573604170170284,0.21832664088225393
dataset/NW17-2/21.0MapBounded.png,0.05905640843379277,0.05736041701703171,0.21833102040034272
dataset/NW17-2/22.0MapBounded.png,0.06704001698204123,0.057360417017028965,0.21833704223771477
dataset/NW17-2/23.0MapBounded.png,0.0514557420638032,0.057360417017027314,0.21833539991843148
dataset/NW17-2/24.0MapBounded.png,0.06861109788762208,0.057360417017030624,0.21833649479795367
dataset/NW17-2/25.0MapBounded.png,0.06856116459896125,0.057360417017031165,0.21833868455699804
dataset/NW17-2/26.0MapBounded.png,0.05984733406124031,0.05736041701703006,0.21834853847269783
dataset/NW17-2/27.0MapBounded.png,0.07884770378584975,0.05736041701703006,0.21834963335222002
dataset/NW17-2/28.0MapBounded.png,0.093441095872069,0.05736041701703226,0.2183556551895921
dataset/NW17-2/29.0MapBounded.png,0.06584089390464727,0.05736041701703171,0.21834580127389233
dataset/NW17-2/30.0MapBounded.png,0.09891307844490334,0.05736041701702511,0.21835072823174223
dataset/NW17-2/31.0MapBounded.png,0.07901936881857279,0.05736041701702566,0.2183512756715033
dataset/NW17-2/32.0MapBounded.png,0.07646863387498544,0.057360417017024566,0.2183540128703088
dataset/NW17-2/33.0MapBounded.png,0.07115710524805807,0.057360417017028965,0.2183556551895921
dataset/NW17-2/34.0MapBounded.png,0.09212423790530032,0.0573604170170284,0.21836441422576966
dataset/NW17-2/35.0MapBounded.png,0.15115431727222295,0.0573604170170284,0.21911823877680062
dataset/NW17-2/36.0MapBounded.png,0.08506986525625551,0.057360417017030624,0.2190996258249233
dataset/NW17-2/37.0MapBounded.png,0.14785889166364774,0.0573604170170284,0.21933447748243404
dataset/NW17-2/38.0MapBounded.png,0.14785889166364774,0.0573604170170284,0.21933611980171733
dataset/NW17-2/39.0MapBounded.png,0.14125508978780202,0.057360417017028965,0.22134193908637778
dataset/NW17-2/40.0MapBounded.png,0.1291426040557549,0.057360417017026766,0.2213266107730671
dataset/NW17-2/41.0MapBounded.png,0.09660045419472534,0.057360417017030624,0.22209247899884219
dataset/NW17-2/42.0MapBounded.png,0.12360971062840893,0.057360417017026766,0.22399592704817745
dataset/NW17-2/43.0MapBounded.png,0.15086448110646158,0.0573604170170284,0.22399373728913305
dataset/NW21-2/0MapBounded.png,0.08592653011315378,0.013506688212272189,0.005692278635889603
dataset/NW21-2/1.0MapBounded.png,0.040808862717198094,0.013506688212274407,0.02587857238659101
dataset/NW21-2/2.0MapBounded.png,0.012680876214210884,0.013506688212270525,0.02641999031031623
dataset/NW21-2/3.0MapBounded.png,0.07692620400522697,0.013506688212275516,0.049621034825380404
dataset/NW21-2/4.0MapBounded.png,0.014628963472168988,0.01350668821227274,0.05152338799519348
dataset/NW22-1/0MapBounded.png,0.049858008964536744,0.02052471025133459,0.013001146886299499
dataset/NW22-1/1.0MapBounded.png,0.06382750970049805,0.02052471025133459,0.06255539406082604
dataset/NW22-1/2.0MapBounded.png,0.09600309046203291,0.02052471025133791,0.09046332564180469
dataset/NW22-1/3.0MapBounded.png,0.114626853595353,0.020524710251332373,0.13425522189102118
dataset/NW22-1/4.0MapBounded.png,0.13043657990721602,0.02052471025134068,0.16392098254488324
dataset/NW22-1/5.0MapBounded.png,0.14162781341025493,0.020524710251335142,0.17123039823505423
dataset/NW22-1/6.0MapBounded.png,0.04132961441092347,0.02052471025133459,0.1715550300133849
dataset/NW22-1/7.0MapBounded.png,0.047504564699365266,0.020524710251334035,0.17155393513386272
dataset/NW22-1/8.0MapBounded.png,0.0564715648927057,0.020524710251334035,0.1934186791920884
dataset/NW22-1/9.0MapBounded.png,0.11241378207129442,0.020524710251335142,0.20219797064080564
dataset/NW22-1/10.0MapBounded.png,0.12010698761113156,0.020524710251334035,0.2073926265338578
dataset/NW22-1/11.0MapBounded.png,0.0498378103338843,0.020524710251335142,0.21723668831790924
dataset/NW22-1/12.0MapBounded.png,0.0823502492357785,0.020524710251332928,0.21743486151142646
dataset/NW22-1/13.0MapBounded.png,0.024975285465659195,0.020524710251332928,0.21910564766229537
dataset/NW22-1/14.0MapBounded.png,0.09969184932747224,0.02052471025133459,0.23296901217232305
dataset/NW22-1/15.0MapBounded.png,0.08773992970406004,0.02052471025133459,0.23510402724060248
dataset/NW22-1/16.0MapBounded.png,0.07893456993840667,0.02052471025133459,0.23644306489624647
dataset/NW22-1/17.0MapBounded.png,0.04649367806956036,0.02052471025133791,0.2364129557093861
dataset/NW22-1/18.0MapBounded.png,0.0263701442183413,0.02052471025133459,0.236383941402048
dataset/NW22-1/19.0MapBounded.png,0.024178023796808494,0.02052471025133459,0.2365596695653602
dataset/NW22-1/20.0MapBounded.png,0.02851149741305472,0.020524710251334035,0.23653175013754418
dataset/NW22-2/0MapBounded.png,0.20563101214488216,0.013377616936578754,0.002330998502752253
dataset/NW22-2/1.0MapBounded.png,0.1772488422858434,0.013377616936580973,0.02246309571710503
dataset/NW22-2/2.0MapBounded.png,0.16674118915337185,0.013377616936579306,0.06113807251934515
dataset/NW22-2/3.0MapBounded.png,0.17259021526683183,0.013377616936579306,0.06742322841650311
dataset/NW22-2/4.0MapBounded.png,0.06989152088546079,0.013377616936576539,0.09039872774999522
dataset/NW22-2/5.0MapBounded.png,0.11602435886671099,0.013377616936579862,0.0983579544365887
dataset/NW22-2/6.0MapBounded.png,0.037258893907264556,0.013377616936578754,0.10292195972485678
dataset/NW22-2/7.0MapBounded.png,0.07231866492190686,0.013377616936579862,0.10537120521600606
dataset/NW22-2/8.0MapBounded.png,0.07511583031812569,0.013377616936578754,0.1053832488907502
dataset/NW22-2/9.0MapBounded.png,0.07511583031812569,0.013377616936578754,0.10537394241481153
dataset/NW22-2/10.0MapBounded.png,0.07511583031812569,0.013377616936578754,0.10537394241481153
dataset/NW22-2/11.0MapBounded.png,0.09879721519739174,0.01337761693658042,0.105460985336826
dataset/NW22-2/12.0MapBounded.png,0.1763604295600756,0.01337761693658042,0.10551956139126342
dataset/NW22-2/13.0MapBounded.png,0.16450513206406797,0.01337761693658042,0.1080054853464062
dataset/NW61-1/0MapBounded.png,0.04078433905266146,0.032170679767344015,0.0035950369111258924
dataset/NW61-1/1.0MapBounded.png,0.04936886898025565,0.03217067976734235,0.024649022683166506
dataset/NW61-1/2.0MapBounded.png,0.022708742335980584,0.03217067976734511,0.034125204947760564
dataset/NW61-1/3.0MapBounded.png,0.029625868054156634,0.03217067976734346,0.03863829833824661
dataset/NW61-1/4.0MapBounded.png,0.029625868054156634,0.03217067976734346,0.03932259803961822
dataset/NW61-1/5.0MapBounded.png,0.008279127166908455,0.03217067976734346,0.039326977557707
dataset/NW61-2/0MapBounded.png,0.031546617604804504,0.08905950344755796,0.002375888563162231
dataset/NW61-2/1.0MapBounded.png,0.018433760546809046,0.08905950344755688,0.006247929993403352
dataset/NW61-2/2.0MapBounded.png,0.009132375502161588,0.08905950344755796,0.012239110738852074
dataset/NW61-2/3.0MapBounded.png,0.003691174273089055,0.08905950344755852,0.014371936048087109
dataset/NW61-2/4.0MapBounded.png,0.012051012311011392,0.08905950344755796,0.014371936048087109
dataset/NW61-3/0MapBounded.png,0.0007169784902708532,0.006291972544230782,0.0021503433815901487
dataset/NW61-3/1.0MapBounded.png,0.0002889726343651389,0.006291972544230782,0.005379143092541954
dataset/NW61-4/0MapBounded.png,0.016988988539131056,0.08146442433664534,0.0018662221455806557
dataset/NW61-4/1.0MapBounded.png,0.011260260631611393,0.0814644243366437,0.006835880296821839
dataset/NW61-4/2.0MapBounded.png,0.0017271316382729794,0.08146442433664534,0.010423800491053466
dataset/NW61-4/3.0MapBounded.png,0.0017271316382729794,0.08146442433664534,0.010423800491053466
dataset/NW61-4/4.0MapBounded.png,0.00253082890946174,0.08146442433664534,0.010423800491053466
dataset/W1-0/0MapBounded.png,0.05281789750942772,0.06550548347916448,0.0033870098019089232
dataset/W1-0/1.0MapBounded.png,0.04652675018927956,0.06550548347916502,0.028867593482182204
dataset/W1-0/2.0MapBounded.png,0.08002368125922713,0.06550548347916448,0.04123152048656446
dataset/W1-0/3.0MapBounded.png,0.10026021152049758,0.06550548347916667,0.06766355447162484
dataset/W1-0/4.0MapBounded.png,0.0263626167326567,0.06550548347916448,0.07937164864221254
dataset/W1-0/5.0MapBounded.png,0.10191135058905434,0.06550548347916776,0.08806827668700405
dataset/W1-0/6.0MapBounded.png,0.0337029733533468,0.06550548347916556,0.09576363740874864
dataset/W20-0/0MapBounded.png,0.5149388405711749,0.023776189240204085,0.005482609207389342
dataset/W20-0/1.0MapBounded.png,0.5737259530030621,0.02377618924020353,0.03487136534213617
dataset/W20-0/2.0MapBounded.png,0.6190160236229562,0.023776189240205196,0.14732151410889124
dataset/W20-0/3.0MapBounded.png,0.5296586130634239,0.023776189240204085,0.18963094348505627
dataset/W20-0/4.0MapBounded.png,0.5839668764699045,0.023776189240201324,0.20675485921217945
dataset/W20-0/5.0MapBounded.png,0.6390019720072263,0.023776189240204085,0.21022398497825293
dataset/W20-0/6.0MapBounded.png,0.6017635861904145,0.02377618924020353,0.22986174408833487
dataset/W20-0/7.0MapBounded.png,0.5788751126251108,0.023776189240204085,0.24507837968779514
dataset/W20-0/8.0MapBounded.png,0.5788751126251108,0.023776189240204085,0.24507837968779514
dataset/W20-0/9.0MapBounded.png,0.6492521289910419,0.02377618924020353,0.25758464103006273
dataset/W20-0/10.0MapBounded.png,0.5237290941649406,0.023776189240204085,0.2745470620276621
dataset/W20-0/11.0MapBounded.png,0.4993920025605954,0.023776189240204085,0.31785009457021873
dataset/W20-0/12.0MapBounded.png,0.5640737469433471,0.02377618924020353,0.34883846968689186
dataset/W20-0/13.0MapBounded.png,0.4218257804586484,0.023776189240204637,0.352176209910302
dataset/W20-0/14.0MapBounded.png,0.41587503834786915,0.0237761892402063,0.3640556527261132
dataset/W20-0/15.0MapBounded.png,0.48881250964284506,0.023776189240202424,0.38990247360656055
dataset/W20-0/16.0MapBounded.png,0.53150339760053,0.02377618924020353,0.40238191040053434
dataset/W20-0/17.0MapBounded.png,0.5858327571411427,0.02377618924020353,0.4223492282467968
dataset/W20-0/18.0MapBounded.png,0.5203337433880001,0.023776189240206854,0.4552634964430102
dataset/W20-0/19.0MapBounded.png,0.5185942820181694,0.023776189240204085,0.45798043997733606
dataset/W20-0/20.0MapBounded.png,0.5931748721902823,0.02377618924020353,0.46194992568505244
dataset/W20-0/21.0MapBounded.png,0.5419429626890281,0.02377618924020187,0.46290082855007847
dataset/W20-0/22.0MapBounded.png,0.5202505334573915,0.023776189240202975,0.47248321412832545
dataset/W20-0/23.0MapBounded.png,0.45539977666789333,0.02377618924020353,0.47253357858634637
dataset/W20-0/24.0MapBounded.png,0.4766178113777733,0.023776189240207964,0.4725286516284965
dataset/W20-0/25.0MapBounded.png,0.474352174724408,0.0237761892402063,0.47253248370682416
dataset/W20-0/26.0MapBounded.png,0.4715122235961603,0.023776189240202424,0.4736038233192916
dataset/W20-0/27.0MapBounded.png,0.43496192750914037,0.023776189240205196,0.47405053416434695
dataset/W20-0/28.0MapBounded.png,0.39359794014438176,0.02377618924020353,0.474051081604108
dataset/W20-0/29.0MapBounded.png,0.23916096854842234,0.023776189240204085,0.47405162904386916
dataset/W20-0/30.0MapBounded.png,0.07675511102666971,0.023776189240204085,0.47398703115205965
dataset/W20-0/31.0MapBounded.png,0.2853636802137632,0.023776189240200214,0.4739651335616158
dataset/W20-0/32.0MapBounded.png,0.36116619563863284,0.023776189240204085,0.47397662979659877
dataset/W20-0/33.0MapBounded.png,0.506357865168206,0.023776189240204085,0.47397225027851
dataset/W20-0/34.0MapBounded.png,0.5797885645000321,0.023776189240204085,0.473977724676121
dataset/W20-0/35.0MapBounded.png,0.66454331161648,0.023776189240201324,0.4739782721158821
dataset/W20-0/36.0MapBounded.png,0.7209445856099648,0.02377618924019966,0.47426239335189163
dataset/W20-0/37.0MapBounded.png,0.7432497761072424,0.023776189240204085,0.47426348823141373
dataset/W20-0/38.0MapBounded.png,0.7172367106318953,0.0237761892402063,0.47698809592239494
dataset/W20-0/39.0MapBounded.png,0.7172367106318953,0.0237761892402063,0.47698809592239494
dataset/W20-0/40.0MapBounded.png,0.7831067206010204,0.023776189240205196,0.4769897382416783
dataset/W20-0/41.0MapBounded.png,0.6575103310750786,0.02377618924020353,0.47721692574253366
dataset/W20-0/42.0MapBounded.png,0.6775008286860995,0.023776189240204085,0.4787054144529572
dataset/W20-0/43.0MapBounded.png,0.7364263552312106,0.02377618924020353,0.47904427966507634
dataset/W20-0/44.0MapBounded.png,0.6271034281235961,0.023776189240204637,0.48221176612278527
dataset/W20-0/45.0MapBounded.png,0.6040012836017348,0.02377618924020187,0.48248493856357283
dataset/W20-0/46.0MapBounded.png,0.6247143243722554,0.02377618924020353,0.4825062887142557
dataset/W20-0/47.0MapBounded.png,0.6153221781484088,0.023776189240204085,0.4826688783233016
dataset/W20-0/48.0MapBounded.png,0.6330604198670844,0.023776189240204085,0.4839110191412313
dataset/W20-0/49.0MapBounded.png,0.5979706342818084,0.02377618924020353,0.48417160046751356
dataset/W20-0/50.0MapBounded.png,0.5821118162529565,0.023776189240202424,0.4846341870656408
dataset/W20-0/51.0MapBounded.png,0.5821118162529565,0.023776189240202424,0.48465663209584575
dataset/W20-1/0MapBounded.png,0.07613387980365348,0.004488462390291664,0.014758975959182893
dataset/W20-1/1.0MapBounded.png,0.024598721645346842,0.004488462390296107,0.11909168794838738
dataset/W20-1/2.0MapBounded.png,0.04604682283866688,0.004488462390297219,0.19753542619554004
dataset/W20-1/3.0MapBounded.png,0.043841057054556404,0.00448846239029333,0.19760495104519937
dataset/W20-1/4.0MapBounded.png,0.0584975268857198,0.004488462390289443,0.197602761286155
dataset/W20-1/5.0MapBounded.png,0.06593249976737127,0.004488462390291664,0.249202243408141
dataset/W20-1/6.0MapBounded.png,0.022673431046224355,0.004488462390291664,0.27225657406723114
dataset/W20-1/7.0MapBounded.png,0.04836550206912616,0.004488462390291664,0.31830118493336296
dataset/W20-1/8.0MapBounded.png,0.06735284492045146,0.004488462390291109,0.354584397419369
dataset/W20-1/9.0MapBounded.png,0.025518101848093416,0.004488462390291664,0.4166804895206344
dataset/W20-1/10.0MapBounded.png,0.05424087686523926,0.004488462390290554,0.44435740152243003
dataset/W20-1/11.0MapBounded.png,0.011889218035646493,0.004488462390291109,0.4435783947423886
dataset/W20-4/0MapBounded.png,0.026655544326680488,0.0030778744515772252,0.017477014373030928
dataset/W20-4/1.0MapBounded.png,0.02351566761761313,0.003077874451576669,0.07767841746113863
dataset/W20-4/2.0MapBounded.png,0.04520725835686227,0.003077874451575558,0.10215718637860387
dataset/W20-4/3.0MapBounded.png,0.02913151756456911,0.0030778744515772252,0.14540656982457292
dataset/W20-4/4.0MapBounded.png,0.007643698788910692,0.003077874451576669,0.16859885530345955
dataset/W20-4/5.0MapBounded.png,0.006884020050584397,0.003077874451576669,0.16860378226130943
dataset/W20-4/6.0MapBounded.png,0.002102728223758793,0.0030778744515777804,0.16861363617700917
dataset/W20-4/7.0MapBounded.png,0.002102728223758793,0.0030778744515777804,0.16861582593605356
dataset/W20-4/8.0MapBounded.png,0.002102728223758793,0.0030778744515777804,0.16861801569509796
dataset/W20-4/9.0MapBounded.png,0.002102728223758793,0.0030778744515777804,0.16862239521318675
dataset/W20-4/10.0MapBounded.png,0.002102728223758793,0.0030778744515777804,0.1686262272915144
dataset/W20-4/11.0MapBounded.png,0.002102728223758793,0.0030778744515777804,0.1686300593698421
dataset/W20-4/12.0MapBounded.png,0.002102728223758793,0.0030778744515777804,0.1686327965686476
dataset/W20-4/13.0MapBounded.png,0.002102728223758793,0.0030778744515777804,0.16863991328554184
dataset/W20-4/14.0MapBounded.png,0.002102728223758793,0.0030778744515777804,0.16864210304458624
dataset/W20-4/15.0MapBounded.png,0.0005842013074100276,0.0030778744515772252,0.16866509551455233
dataset/W20-5/0MapBounded.png,0.11912960019082788,0.016092250495346776,0.01994158817749092
dataset/W20-5/1.0MapBounded.png,0.1334981336156687,0.01609225049534622,0.1005559250773943
dataset/W20-5/2.0MapBounded.png,0.1280810645738123,0.016092250495345666,0.14435822268207163
dataset/W20-5/3.0MapBounded.png,0.1346184180041936,0.016092250495346776,0.17427471074651624
dataset/W20-5/4.0MapBounded.png,0.06919529193594805,0.016092250495346776,0.18136241333344283
dataset/W20-5/5.0MapBounded.png,0.08262130406809116,0.01609225049534733,0.19160829590213968
dataset/W20-5/6.0MapBounded.png,0.057227965470951485,0.016092250495354534,0.21214330878066007
dataset/W20-5/7.0MapBounded.png,0.05764896334647728,0.016092250495345666,0.21350041194842026
dataset/W20-5/8.0MapBounded.png,0.0907202789022933,0.016092250495347883,0.2134812515567818
dataset/W20-5/9.0MapBounded.png,0.0907202789022933,0.016092250495347883,0.2134812515567818
dataset/W20-5/10.0MapBounded.png,0.039578458700983046,0.016092250495342894,0.21346044884586016
dataset/W20-5/11.0MapBounded.png,0.01538592782648163,0.016092250495347883,0.2134478577313549
dataset/W31-2/0MapBounded.png,0.020317218929659833,0.019498583548013492,0.002574609196440547
dataset/W31-2/1.0MapBounded.png,0.07874736578040217,0.01949858354801072,0.025481131120034382
dataset/W31-2/2.0MapBounded.png,0.024054564647519844,0.019498583548017367,0.040960537804821305
dataset/W31-2/3.0MapBounded.png,0.0914771768402463,0.01949858354801294,0.05910050172854105
dataset/W31-2/4.0MapBounded.png,0.0711385786029606,0.01949858354801294,0.06646575627434398
dataset/W31-2/5.0MapBounded.png,0.02962758898422757,0.019498583548013492,0.0671445815781046
dataset/W31-2/6.0MapBounded.png,0.02915450909773098,0.019498583548013492,0.0671445815781046
dataset/W31-2/7.0MapBounded.png,0.03452550782957199,0.01949858354801626,0.06715005597571558
dataset/W31-3/0MapBounded.png,0.08409022615216777,0.07128242228617866,0.004683894595948398
dataset/W31-3/1.0MapBounded.png,0.06429628724784994,0.07128242228617922,0.02362366801063128
dataset/W31-3/2.0MapBounded.png,0.011347498877945767,0.07128242228617866,0.03680601745785399
dataset/W31-3/3.0MapBounded.png,0.05644470555570877,0.07128242228617755,0.03911511837016234
dataset/W31-3/4.0MapBounded.png,0.014019049922410853,0.07128242228618141,0.03910909653279027
dataset/W31-3/5.0MapBounded.png,0.014019049922410853,0.07128242228618141,0.03910909653279027
dataset/W31-3/6.0MapBounded.png,0.029655805045426354,0.07128242228617866,0.039274423340641657
dataset/W32-0/0MapBounded.png,0.2084644627034191,0.004923500136518185,0.009665596421933723
dataset/W32-0/1.0MapBounded.png,0.18893480317335395,0.004923500136518185,0.07085293851977763
dataset/W32-0/2.0MapBounded.png,0.08693150354118108,0.004923500136521518,0.073645976180896
dataset/W32-0/3.0MapBounded.png,0.06658921057334144,0.004923500136514852,0.1612385277155065
dataset/W32-0/4.0MapBounded.png,0.11525302674793855,0.004923500136517629,0.18115548110374807
dataset/W32-0/5.0MapBounded.png,0.060906550032022916,0.00492350013651874,0.1912634088526484
dataset/W32-0/6.0MapBounded.png,0.11981152753563927,0.004923500136518185,0.2012350241010355
dataset/W32-0/7.0MapBounded.png,0.11608411489238132,0.00492350013651874,0.2072667153888054
dataset/W32-0/8.0MapBounded.png,0.11608411489238132,0.00492350013651874,0.20733569279870367
dataset/W32-0/9.0MapBounded.png,0.09213735089971735,0.004923500136513742,0.2073515685517755
dataset/W32-0/10.0MapBounded.png,0.04946140866395052,0.004923500136513742,0.21115025305402957
dataset/W32-1/0MapBounded.png,0.015578382420108118,0.040177910183033724,0.003551789169999206
dataset/W32-1/1.0MapBounded.png,0.00091041454718938,0.040177910183033724,0.045283122158445495
dataset/W32-1/2.0MapBounded.png,0.0006407634944201611,0.040177910183033724,0.045285311917489884
dataset/W35-1/0MapBounded.png,0.2348212108700198,0.022820718683782756,0.053470631225416544
dataset/W35-1/1.0MapBounded.png,0.23260202856245482,0.02282071868378109,0.12390587320747694
dataset/W35-1/2.0MapBounded.png,0.2441845816726513,0.0228207186837822,0.1680689336147174
dataset/W35-1/3.0MapBounded.png,0.25476298600307473,0.02282071868378386,0.2018935941336355
dataset/W35-1/4.0MapBounded.png,0.2429948632072614,0.022820718683784415,0.26377837448711733
dataset/W35-1/5.0MapBounded.png,0.24886768700866155,0.022820718683783305,0.3150192835655847
dataset/W35-1/6.0MapBounded.png,0.22556280193709144,0.022820718683790504,0.37982903456260936
dataset/W35-1/7.0MapBounded.png,0.1863080386086071,0.022820718683782756,0.42144431032170304
dataset/W35-1/8.0MapBounded.png,0.15008389761616156,0.022820718683785525,0.47827129472240704
dataset/W35-1/9.0MapBounded.png,0.08202452785927176,0.022820718683782756,0.4844184957997684
dataset/W35-1/10.0MapBounded.png,0.09636136012591008,0.022820718683784415,0.5667337280374012
dataset/W35-1/11.0MapBounded.png,0.05966281443667863,0.02282071868378386,0.5807958131807072
dataset/W35-1/12.0MapBounded.png,0.11643482685369573,0.022820718683782756,0.5879727484486926
dataset/W35-1/13.0MapBounded.png,0.13631682820174043,0.022820718683781646,0.5880937326358952
dataset/W35-1/14.0MapBounded.png,0.118496928907599,0.02282071868378109,0.6022466927795432
dataset/W35-1/15.0MapBounded.png,0.08462242459822862,0.02282071868378497,0.6320679263255571
dataset/W35-1/16.0MapBounded.png,0.10698798873698474,0.0228207186837822,0.6834949649227974
dataset/W35-1/17.0MapBounded.png,0.10698798873698474,0.0228207186837822,0.6887262992798431
dataset/W35-1/18.0MapBounded.png,0.12023881283073153,0.02282071868378497,0.6887257518400819
dataset/W35-1/19.0MapBounded.png,0.027534327654665795,0.022820718683782756,0.6979287616638885
dataset/W35-1/20.0MapBounded.png,0.11083958159191402,0.022820718683782756,0.7084735463421444
dataset/W35-1/21.0MapBounded.png,0.16270607049856528,0.022820718683783305,0.718655925898554
dataset/W35-1/22.0MapBounded.png,0.18723944350481864,0.022820718683783305,0.7187265456277355
dataset/W35-1/23.0MapBounded.png,0.26501260733503534,0.022820718683782756,0.7188535516523101
dataset/W35-1/24.0MapBounded.png,0.26501260733503534,0.022820718683782756,0.7240372587501404
dataset/W35-1/25.0MapBounded.png,0.28435432762303003,0.022820718683786077,0.7240602512201064
dataset/W35-1/26.0MapBounded.png,0.26457861199019594,0.022820718683783305,0.7270613159904418
dataset/W35-1/27.0MapBounded.png,0.21926934942583842,0.022820718683782756,0.7284134922003521
dataset/W35-1/28.0MapBounded.png,0.21848672165169827,0.022820718683782756,0.7301548980804026
dataset/W35-1/29.0MapBounded.png,0.1999978236853204,0.022820718683785525,0.7302282550083896
dataset/W35-3/0MapBounded.png,0.11599138715210981,0.017346338413446107,0.017116799010228913
dataset/W35-3/1.0MapBounded.png,0.11495336507126355,0.01734633841344334,0.1330223875490301
dataset/W35-3/2.0MapBounded.png,0.03440948350900338,0.017346338413446107,0.21039697594275972
dataset/W35-3/3.0MapBounded.png,0.053577211248125936,0.017346338413452206,0.2599807848643855
dataset/W35-3/4.0MapBounded.png,0.030332550555194824,0.017346338413446107,0.2934331863457575
dataset/W35-3/5.0MapBounded.png,0.10875766134477442,0.017346338413446107,0.3368922392202268
dataset/W35-3/6.0MapBounded.png,0.07271062091814658,0.017346338413445555,0.3429961925564616
dataset/W35-3/7.0MapBounded.png,0.02824151207392619,0.017346338413445,0.3578208612869762
dataset/W35-3/8.0MapBounded.png,0.025751411132184564,0.017346338413445,0.357791846979638
dataset/W35-3/9.0MapBounded.png,0.09012650721814387,0.017346338413446107,0.35780060601581554
dataset/W35-3/10.0MapBounded.png,0.13512648039875372,0.017346338413445555,0.357814292009843
dataset/W35-3/11.0MapBounded.png,0.011203796140101752,0.017346338413445,0.36281186958890016
dataset/W35-3/12.0MapBounded.png,0.03416717287433694,0.017346338413446107,0.38624776576147507
dataset/W35-3/13.0MapBounded.png,0.07671051053050712,0.017346338413446107,0.39125300749718755
dataset/W35-3/14.0MapBounded.png,0.07608684129680131,0.017346338413446107,0.3912502702983821
dataset/W35-3/15.0MapBounded.png,0.08622102116052634,0.017346338413446107,0.3912502702983821
dataset/W35-3/16.0MapBounded.png,0.08402582901643037,0.01734633841344666,0.3912453433405322
dataset/W35-3/17.0MapBounded.png,0.08868924936014239,0.017346338413446107,0.39124698565981547
dataset/W4-5/0MapBounded.png,0.06303575957317954,0.04598922734252912,0.0019373893145233033
dataset/W4-5/1.0MapBounded.png,0.06923389555760125,0.0459892273425313,0.014036902914295568
dataset/W4-5/2.0MapBounded.png,0.01941304820936329,0.04598922734252912,0.024620555815589442
dataset/W4-5/3.0MapBounded.png,0.027527198032484494,0.045989227342528555,0.029377259899763784
dataset/W4-5/4.0MapBounded.png,0.027527198032484494,0.045989227342528555,0.029373427821436093
dataset/W4-5/5.0MapBounded.png,0.028770991392621372,0.045989227342528555,0.029371785502152806
dataset/W4-5/6.0MapBounded.png,0.02736667443401747,0.0459892273425258,0.04401087215365539
dataset/W4-5/7.0MapBounded.png,0.03178325851555136,0.04598922734252912,0.055744148553253575
dataset/W4-5/8.0MapBounded.png,0.027284124604527296,0.04598922734252912,0.061892444510137215
dataset/W4-5/9.0MapBounded.png,0.008323493967393318,0.04598922734252912,0.06298130219495973
dataset/W4-7/0MapBounded.png,0.015218380803394814,0.03346474145237437,0.0016576475966025889
dataset/W4-7/1.0MapBounded.png,0.06666422364261461,0.03346474145237547,0.02258955430191851
dataset/W4-7/2.0MapBounded.png,0.052052153095559134,0.03346474145237493,0.03750290827373083
dataset/W4-7/3.0MapBounded.png,0.08098046177024008,0.03346474145237381,0.05201772609946433
dataset/W4-7/4.0MapBounded.png,0.035691355439649936,0.03346474145237326,0.06304371032772481
dataset/W4-7/5.0MapBounded.png,0.01853754281708854,0.03346474145237381,0.06348111469684155
dataset/W4-7/6.0MapBounded.png,0.01853754281708854,0.03346474145237381,0.0634915160523024
dataset/W4-7/7.0MapBounded.png,0.052059850647232904,0.03346474145237437,0.0634909686125413
dataset/W5-1/0MapBounded.png,0.06671711702829519,0.08165228712847959,0.0037866408275099434
dataset/W5-1/1.0MapBounded.png,0.029059380415762354,0.08165228712847905,0.020003448870494916
dataset/W5-1/2.0MapBounded.png,0.05621573331538991,0.08165228712847959,0.028360116823645018
dataset/W5-1/3.0MapBounded.png,0.04815432468718918,0.08165228712847959,0.03742079230956624
dataset/W5-1/4.0MapBounded.png,0.05031120864525056,0.08165228712847905,0.03833282695155432
dataset/W5-1/5.0MapBounded.png,0.05031120864525056,0.08165228712847905,0.03833282695155432
dataset/W5-1/6.0MapBounded.png,0.1336252106278626,0.08165228712847959,0.041082069431784905
dataset/W5-1/7.0MapBounded.png,0.13267892131905995,0.08165228712848013,0.041080427112501615
dataset/W59-0/0MapBounded.png,0.06362248698675103,0.007654572061702369,0.014267922493478625
dataset/W59-0/1.0MapBounded.png,0.05015537450872315,0.007654572061702369,0.06847431275780991
dataset/W59-0/2.0MapBounded.png,0.008446651778309068,0.00765457206170126,0.09143448377799128
dataset/W59-0/3.0MapBounded.png,0.016102257760689635,0.007654572061703479,0.10583050717556668
dataset/W59-0/4.0MapBounded.png,0.03865404342097693,0.007654572061705146,0.11696597935604662
dataset/W59-0/5.0MapBounded.png,0.058905678082245665,0.007654572061702369,0.12589855393787108
dataset/W59-0/6.0MapBounded.png,0.027070192596876704,0.007654572061702369,0.13516397189444268
dataset/W59-0/7.0MapBounded.png,0.046047070300474745,0.007654572061702369,0.14193415941993284
dataset/W59-0/8.0MapBounded.png,0.04013336290634652,0.007654572061702369,0.1419390863777827
dataset/W59-0/9.0MapBounded.png,0.04043912950418727,0.007654572061699594,0.1419390863777827
dataset/W59-0/10.0MapBounded.png,0.04571387702004403,0.007654572061702369,0.1573872889961871
dataset/W59-0/11.0MapBounded.png,0.055336253067619606,0.007654572061702369,0.16760525213706798
dataset/W59-0/12.0MapBounded.png,0.03594152821998043,0.007654572061702369,0.16759485078160713
dataset/W59-0/13.0MapBounded.png,0.041266101262726645,0.0076545720617057006,0.16771638240857073
dataset/W59-2/0MapBounded.png,0.08747767714011269,0.0883982219635368,0.003533723657882996
dataset/W59-2/1.0MapBounded.png,0.1038800698322141,0.08839822196353404,0.0328463856658373
dataset/W59-2/2.0MapBounded.png,0.09975797138732993,0.0883982219635368,0.048589658315473114
dataset/W59-2/3.0MapBounded.png,0.10999809259005232,0.08839822196353898,0.07079272014605693
dataset/W59-2/4.0MapBounded.png,0.036307942003093535,0.08839822196353954,0.08213895663455933
dataset/W59-2/5.0MapBounded.png,0.1225360946829727,0.08839822196353898,0.08314077139736736
dataset/W59-2/6.0MapBounded.png,0.1144715671974405,0.0883982219635368,0.08658088285610273
dataset/W59-2/7.0MapBounded.png,0.1099714454108174,0.08839822196353787,0.08780222096311079
dataset/W59-2/8.0MapBounded.png,0.10517197699735384,0.08839822196353624,0.08780222096311079
dataset/W59-2/9.0MapBounded.png,0.09663250743324325,0.08839822196353733,0.08783506734877661
dataset/W61-0/0MapBounded.png,0.08088433245437268,0.10835712511496795,0.007567807257408914
dataset/W61-0/1.0MapBounded.png,0.05381630970086545,0.10835712511496685,0.04256234654579197
dataset/W61-0/2.0MapBounded.png,0.07483241541545718,0.10835712511496577,0.06558218849993294
dataset/W61-0/3.0MapBounded.png,0.06917727971988646,0.10835712511496849,0.11859461264531104
dataset/W61-0/4.0MapBounded.png,0.0837833559682135,0.10835712511497286,0.13279957956626348
dataset/W61-0/5.0MapBounded.png,0.005557237866600676,0.10835712511496795,0.14451916997183423
dataset/W61-0/6.0MapBounded.png,0.005463698174955642,0.10835712511496413,0.14470475205084624
dataset/W61-0/7.0MapBounded.png,0.005463698174955642,0.10835712511496413,0.14471077388821826
dataset/W61-0/8.0MapBounded.png,0.005463698174955642,0.10835712511496413,0.1447113213279794
dataset/W61-0/9.0MapBounded.png,0.06524342598070366,0.10835712511496633,0.14471789060511256
dataset/W61-0/10.0MapBounded.png,0.024186117518214298,0.10835712511496795,0.152603760363719
dataset/W61-000/0MapBounded.png,0.12419958405894965,0.025761106810998264,0.007568354697170011
dataset/W61-000/1.0MapBounded.png,0.07671351627214612,0.025761106810999912,0.04351434429034015
dataset/W61-000/2.0MapBounded.png,0.060648155840185,0.025761106810996047,0.05853171181676097
dataset/W61-000/3.0MapBounded.png,0.054609319434248696,0.025761106810998264,0.05986582251455506
dataset/W61-000/4.0MapBounded.png,0.0454289719521455,0.025761106810998264,0.06067220128265136
dataset/W61-000/5.0MapBounded.png,0.03436681779110516,0.025761106810998264,0.0629681636406934
dataset/W61-000/6.0MapBounded.png,0.023308877950324512,0.025761106810995492,0.06412216665708648
dataset/W7-0/0MapBounded.png,0.0589092596429506,0.006040276042792194,0.03543687061534967
dataset/W7-0/1.0MapBounded.png,0.09920504532666025,0.006040276042789974,0.08417707486512453
dataset/W7-0/2.0MapBounded.png,0.1016339775013039,0.006040276042791084,0.11374977075960005
dataset/W7-0/3.0MapBounded.png,0.035142358805470994,0.006040276042792194,0.14642863985854157
dataset/W7-0/4.0MapBounded.png,0.01093410446970771,0.006040276042792194,0.17772686587999575
dataset/W7-0/5.0MapBounded.png,0.02686298551547035,0.006040276042792748,0.19175938927620254
dataset/W7-0/6.0MapBounded.png,0.025354186149795836,0.006040276042794971,0.1991257387015276
dataset/W7-0/7.0MapBounded.png,0.020487625667885017,0.006040276042794416,0.20104725226297915
dataset/W7-0/8.0MapBounded.png,0.034217196328804725,0.006040276042792748,0.210145153652655
dataset/W7-1/0MapBounded.png,0.04931221679062681,0.09105093038736162,0.008028204096491734
dataset/W7-1/1.0MapBounded.png,0.0033690268212061146,0.09105093038736269,0.023134804303971402
dataset/W7-1/2.0MapBounded.png,0.06418960001248887,0.0910509303873605,0.07296879319641866
dataset/W7-1/3.0MapBounded.png,0.04136267017437975,0.09105093038736162,0.10270243638065678
dataset/W7-1/4.0MapBounded.png,0.03950840815535593,0.09105093038736162,0.11021549966195596
dataset/W7-1/5.0MapBounded.png,0.03495386177304633,0.0910509303873638,0.11022316381861132
dataset/W7-1/6.0MapBounded.png,0.07106032501159024,0.09105093038736162,0.15188004499954835
dataset/W7-1/7.0MapBounded.png,0.012659906832840394,0.09105093038736108,0.16057557816481768
dataset/W7-1/8.0MapBounded.png,0.012659906832840394,0.09105093038736108,0.16058652696003967
dataset/W7-1/9.0MapBounded.png,0.012659906832840394,0.09105093038736108,0.16058652696003967
dataset/W7-1/10.0MapBounded.png,0.012659906832840394,0.09105093038736108,0.16058816927932293
dataset/W7-2/0MapBounded.png,0.1748357967240672,0.016792740339274467,0.003638832092013675
dataset/W7-2/1.0MapBounded.png,0.19621518178044967,0.016792740339272805,0.034778300582749624
dataset/W7-2/2.0MapBounded.png,0.21987031888113515,0.01679274033927724,0.06155029465945141
dataset/W7-2/3.0MapBounded.png,0.18844315000791118,0.01679274033927724,0.06229919225263251
dataset/W7-2/4.0MapBounded.png,0.1805589080569321,0.016792740339274467,0.08124936702277624
dataset/W7-2/5.0MapBounded.png,0.18463839044602345,0.016792740339274467,0.11189285508995804
dataset/W7-2/6.0MapBounded.png,0.1462856266324659,0.01679274033927336,0.12274913299227835
dataset/W7-2/7.0MapBounded.png,0.18373679017235292,0.01679274033927336,0.13379537249169945
dataset/W7-2/8.0MapBounded.png,0.08486469660654301,0.016792740339270588,0.16276533720920686
dataset/W7-2/9.0MapBounded.png,0.06097838572398881,0.01679274033927502,0.18537295702324158
dataset/W7-2/10.0MapBounded.png,0.054877559439476586,0.01679274033927724,0.21392084568494296
dataset/W7-2/11.0MapBounded.png,0.06438695439910969,0.01679274033927502,0.2464404098134051
dataset/W7-2/12.0MapBounded.png,0.08626513345967775,0.01679274033927502,0.25534944448550245
dataset/W7-2/13.0MapBounded.png,0.06792407627564692,0.016792740339273915,0.2565822788274935
dataset/W7-2/14.0MapBounded.png,0.2067222220701223,0.016792740339273915,0.2565461478032611
dataset/W7-2/15.0MapBounded.png,0.22441472722542338,0.01679274033927502,0.2566490664783474
dataset/W7-2/16.0MapBounded.png,0.21996177625591984,0.016792740339274467,0.256995595847122
dataset/W7-3/0MapBounded.png,0.5952123725701782,0.02367043525533876,0.004270030136558849
dataset/W7-3/1.0MapBounded.png,0.5811551052772089,0.02367043525534042,0.050003147778626314
dataset/W7-3/2.0MapBounded.png,0.6016416954678293,0.02367043525534042,0.07536603191026368
dataset/W7-3/3.0MapBounded.png,0.6644678635669035,0.023670435255336544,0.10949725869539631
dataset/W7-3/4.0MapBounded.png,0.654030292223756,0.02367043525534042,0.12676734083873245
dataset/W7-3/5.0MapBounded.png,0.6358243665374887,0.02367043525533876,0.12895491012407723
dataset/W7-3/6.0MapBounded.png,0.6742633137663804,0.02367043525533765,0.1585577152054131
dataset/W7-3/7.0MapBounded.png,0.6734266507583632,0.02367043525534429,0.1708263876913644
dataset/W7-3/8.0MapBounded.png,0.6654169331601889,0.023670435255340974,0.1844965059657248
dataset/W7-3/9.0MapBounded.png,0.6533784585976566,0.02367043525534042,0.22674462208864693
dataset/W7-3/10.0MapBounded.png,0.6533784585976566,0.02367043525534042,0.22677637359479058
dataset/W7-3/11.0MapBounded.png,0.6854662291301867,0.02367043525534042,0.24273697982958203
dataset/W7-3/12.0MapBounded.png,0.6863646265464662,0.02367043525533765,0.25275184281909574
dataset/W7-3/13.0MapBounded.png,0.6990682041367351,0.02367043525533765,0.25615199117527115
dataset/W7-3/14.0MapBounded.png,0.6861037882747615,0.02367043525534153,0.25674760563534493
dataset/W7-3/15.0MapBounded.png,0.720820006511303,0.02367043525534042,0.2567558172317614
dataset/W7-3/16.0MapBounded.png,0.7190618867905545,0.023670435255339316,0.2567809994607719
dataset/W7-3/17.0MapBounded.png,0.7205361442582109,0.02367043525533765,0.2567738827438776
dataset/W7-3/18.0MapBounded.png,0.6682335645728138,0.023670435255339316,0.25678045202101074
dataset/W7-3/19.0MapBounded.png,0.604671077547456,0.02367043525533876,0.2567979700933659
dataset/W7-3/20.0MapBounded.png,0.5213518084796844,0.02367043525534319,0.25681001376810997
dataset/W7-3/21.0MapBounded.png,0.43376078899317155,0.023670435255339864,0.25681713048500426
dataset/W7-3/22.0MapBounded.png,0.3470256650486511,0.02367043525533876,0.2568264369609429
dataset/W7-3/23.0MapBounded.png,0.21653425152012135,0.02367043525533876,0.25682588952118174
dataset/W7-3/24.0MapBounded.png,0.22124453681759326,0.023670435255339864,0.25683793319592596
dataset/W7-3/25.0MapBounded.png,0.3318000228012738,0.02367043525533765,0.25684504991282026
dataset/W7-3/26.0MapBounded.png,0.42100066647171364,0.023670435255338206,0.2568499768706702
dataset/W7-3/27.0MapBounded.png,0.545500144422588,0.02367043525533876,0.25685599870804215
dataset/W7-3/28.0MapBounded.png,0.6074595983104185,0.023670435255338206,0.25686694750326405
dataset/W7-3/29.0MapBounded.png,0.6904368847593602,0.02367043525533876,0.2568653051839808
dataset/W7-3/30.0MapBounded.png,0.7488865270388494,0.02367043525533876,0.25686694750326405
dataset/W7-3/31.0MapBounded.png,0.8060907404946291,0.023670435255338206,0.2568702321418307
dataset/W7-3/32.0MapBounded.png,0.8637224866724307,0.02367043525533876,0.25687515909968067
dataset/W7-3/33.0MapBounded.png,0.9082947539652388,0.02367043525534042,0.2568795386177694
dataset/W7-3/34.0MapBounded.png,0.9278459823942492,0.023670435255340974,0.2568784437382471
dataset/W7-3/35.0MapBounded.png,0.946152511007326,0.023670435255339316,0.2571275288295464
dataset/W7-3/36.0MapBounded.png,0.946152511007326,0.023670435255339316,0.2571275288295464
dataset/W7-3/37.0MapBounded.png,0.9481187345944551,0.02367043525533876,0.25710234660053594
dataset/W7-4/0MapBounded.png,0.14579637633993897,0.03242599144352171,0.003564927724265542
dataset/W7-4/1.0MapBounded.png,0.07943064132733156,0.03242599144352447,0.04272384127531567
dataset/W7-4/2.0MapBounded.png,0.08986977599780904,0.03242599144352171,0.08243238434650749
dataset/W7-4/3.0MapBounded.png,0.07377648763968979,0.03242599144351895,0.08904217202199613
dataset/W7-4/4.0MapBounded.png,0.1199761340072722,0.03242599144352171,0.10048092583012397
dataset/W7-4/5.0MapBounded.png,0.18338653248884265,0.03242599144352171,0.11302934003399602
dataset/W7-4/6.0MapBounded.png,0.18648910069476254,0.03242599144352171,0.1263786586083534
dataset/W7-4/7.0MapBounded.png,0.050577704586722824,0.03242599144351729,0.1324327949263283
dataset/W7-4/8.0MapBounded.png,0.04281443949829651,0.03242599144352171,0.13579079042089906
dataset/W7-4/9.0MapBounded.png,0.04281443949829651,0.03242599144352171,0.13578531602328808
dataset/W7-4/10.0MapBounded.png,0.054382925443025434,0.03242599144352171,0.13578531602328808
dataset/W7-4/11.0MapBounded.png,0.06907836490473454,0.03242599144352171,0.16394944941246029
dataset/W7-4/12.0MapBounded.png,0.011291022546871164,0.03242599144352281,0.18618699994799323
dataset/W7-4/13.0MapBounded.png,0.08647096584968607,0.03242599144352005,0.22437968232070665
dataset/W7-4/14.0MapBounded.png,0.038549206507444735,0.032425991443523365,0.23760473206929494
dataset/W7-4/15.0MapBounded.png,0.05157127802394429,0.03242599144352281,0.2466818307480491
dataset/W7-4/16.0MapBounded.png,0.09211989248359484,0.03242599144352116,0.2534596824301946
dataset/W7-4/17.0MapBounded.png,0.2045634426313828,0.03242599144352061,0.25883608832393107
dataset/W7-6/0MapBounded.png,0.018096207890226864,0.025192157282465044,0.005677497762339978
dataset/W7-6/1.0MapBounded.png,0.0198045241542858,0.025192157282465592,0.04130049789646272
dataset/W7-6/2.0MapBounded.png,0.07165715010418304,0.025192157282465592,0.09709391602821506
dataset/W7-6/3.0MapBounded.png,0.0871515816048507,0.0251921572824667,0.12759780695631706
dataset/W7-6/4.0MapBounded.png,0.007097436132254565,0.025192157282461717,0.12772973993874148
dataset/W71-0/0MapBounded.png,0.05873986485148439,0.017953981829337745,0.00612913556524524
dataset/W71-0/1.0MapBounded.png,0.05495783921229964,0.017953981829333863,0.045486769749573684
dataset/W71-0/2.0MapBounded.png,0.045512599532226236,0.01795398182933719,0.06285812824871284
dataset/W71-0/3.0MapBounded.png,0.05626686917457328,0.017953981829336083,0.1148107090166066
dataset/W71-0/4.0MapBounded.png,0.027034286428664355,0.017953981829336635,0.16210402997780132
dataset/W71-0/5.0MapBounded.png,0.06130276716455467,0.017953981829342734,0.18256842312714017
dataset/W71-0/6.0MapBounded.png,0.046488050762497624,0.017953981829337745,0.18260619647065587
dataset/W79-3/0MapBounded.png,0.1157487263221571,0.0018935054400310313,0.0021733358515562346
dataset/W79-3/1.0MapBounded.png,0.0729860841674197,0.0018935054400293643,0.025034967714740095
dataset/W79-3/2.0MapBounded.png,0.0036149548039182116,0.00189350544002992,0.042508697449204436
dataset/W79-3/3.0MapBounded.png,0.06208422240869006,0.0018935054400310313,0.06520007554668704
dataset/W79-3/4.0MapBounded.png,0.07016445684088407,0.0018935054400310313,0.07480326383585567
dataset/W79-3/5.0MapBounded.png,0.018397705040825937,0.001893505440031587,0.08213676687551494
dataset/W84-0/0MapBounded.png,0.04452369142559413,0.006781286771901364,0.009637676994117762
dataset/W84-0/1.0MapBounded.png,0.024838786146329898,0.00678128677190192,0.04226508675551614
dataset/W84-0/2.0MapBounded.png,0.0040002016362953585,0.006781286771898589,0.05364635938872876
dataset/W84-0/3.0MapBounded.png,0.0035495356035016795,0.006781286771901364,0.057722048410098085
dataset/W85-0/0MapBounded.png,0.04809995774102944,0.035751213487451666,0.008563600182844881
dataset/W85-0/1.0MapBounded.png,0.03783133206249286,0.03575121348745056,0.040686270484511566
dataset/W85-0/2.0MapBounded.png,0.018498470611821086,0.035751213487453325,0.06299936770707594
dataset/W85-1/0MapBounded.png,0.05869039139018301,0.022218248793916498,0.006073296709613317
dataset/W85-1/1.0MapBounded.png,0.07353684278868794,0.022218248793916498,0.026641703413560633
dataset/W85-1/2.0MapBounded.png,0.02092635484099711,0.022218248793915943,0.032867188376759
dataset/W85-2/0MapBounded.png,0.042852252101199216,0.08529971215613852,0.006627305747843772
dataset/W85-2/1.0MapBounded.png,0.020989394227811965,0.08529971215613687,0.029165948151980228
dataset/W85-2/2.0MapBounded.png,0.03466227800546146,0.08529971215613906,0.04983398889244725
dataset/W85-2/3.0MapBounded.png,0.026305337423695493,0.08529971215613961,0.05850871934679488
dataset/W85-2/4.0MapBounded.png,0.03616767769851183,0.08529971215613961,0.07006845734212522
dataset/W85-2/5.0MapBounded.png,0.016605698846226268,0.08529971215613687,0.07075275704349683
dataset/W85-2/6.0MapBounded.png,0.01648279521982018,0.08529971215613852,0.0707182683385477
dataset/W92-2/0MapBounded.png,0.1288668321676486,0.0038326762729749887,0.029596783243963802
dataset/W92-2/1.0MapBounded.png,0.10256483193838192,0.0038326762729749887,0.12766514204693202
dataset/W92-2/2.0MapBounded.png,0.0852767707241763,0.0038326762729760998,0.13659771662875647
dataset/W92-2/3.0MapBounded.png,0.09512073162071343,0.0038326762729755433,0.1907756400255107
dataset/W92-2/4.0MapBounded.png,0.09316069698266044,0.0038326762729749887,0.22469336530381534
dataset/W92-2/5.0MapBounded.png,0.061590806863041886,0.003832676272978322,0.2733903218124636
dataset/W92-2/6.0MapBounded.png,0.06328856959141893,0.0038326762729755433,0.29750285352975475
dataset/W92-2/7.0MapBounded.png,0.06753566841195649,0.0038326762729755433,0.32606716538428904
dataset/W92-2/8.0MapBounded.png,0.04683466719004355,0.0038326762729744327,0.34795106983415314
dataset/W92-2/9.0MapBounded.png,0.05274308222349868,0.0038326762729749887,0.3624872378105694
dataset/W92-2/10.0MapBounded.png,0.04421715580948309,0.0038326762729738776,0.37261980034871917
dataset/W92-2/11.0MapBounded.png,0.0696691036834578,0.0038326762729755433,0.3796560435981026
dataset/W92-2/12.0MapBounded.png,0.05253126304592858,0.0038326762729744327,0.3918902273791048
dataset/W92-2/13.0MapBounded.png,0.04706947942416116,0.0038326762729749887,0.39197946006016365
dataset/W92-2/14.0MapBounded.png,0.032263802203446976,0.0038326762729760998,0.40216019729728997
dataset/W92-2/15.0MapBounded.png,0.10253534770978684,0.0038326762729760998,0.41128054371717077
dataset/W92-2/16.0MapBounded.png,0.10418793094518783,0.0038326762729744327,0.41639363108581945
dataset/W92-2/17.0MapBounded.png,0.09559094159260846,0.0038326762729749887,0.41642921467029076
dataset/W92-2/18.0MapBounded.png,0.05609857048843813,0.0038326762729749887,0.4164264774714853
dataset/W92-2/19.0MapBounded.png,0.036333151258215686,0.0038326762729744327,0.4164056747605636
dataset/W92-2/20.0MapBounded.png,0.038452971029114866,0.0038326762729749887,0.4164012952424748
dataset/W92-2/21.0MapBounded.png,0.039591396156098774,0.0038326762729749887,0.4164012952424748
dataset/W92-2/22.0MapBounded.png,0.05346141858260188,0.0038326762729749887,0.4164012952424748
dataset/W92-2/23.0MapBounded.png,0.06614203794067079,0.0038326762729749887,0.4164012952424748
dataset/W92-2/24.0MapBounded.png,0.0636246773230338,0.0038326762729749887,0.4164018426822359
dataset/W92-2/25.0MapBounded.png,0.06459832807087632,0.0038326762729749887,0.4164012952424748
dataset/W92-2/26.0MapBounded.png,0.0666145566562181,0.0038326762729755433,0.4164166235557855
dataset/W92-2/27.0MapBounded.png,0.07170970092049647,0.0038326762729755433,0.41641717099554665
dataset/W92-2/28.0MapBounded.png,0.07180275604682788,0.0038326762729749887,0.41641771843530767
