path,ate,are,area
dataset/0510025536_Layout1_PLAN4/0MapBounded.png,0.31187348981633006,0.003103126278046919,33.30250000000001
dataset/0510025536_Layout1_PLAN4/1.0MapBounded.png,0.14858629030127873,0.0031031262780473992,203.39500000000004
dataset/0510025536_Layout1_PLAN4/2.0MapBounded.png,0.10943449644140614,0.003103126278047629,283.93250000000006
dataset/0510025536_Layout1_PLAN4/3.0MapBounded.png,0.08570100396124948,0.003103126278046981,297.2850000000001
dataset/0510025537_Layout1_PLAN3/0MapBounded.png,0.18172806415258025,0.0033415374357844137,40.712500000000006
dataset/0510025537_Layout1_PLAN3/1.0MapBounded.png,0.23820420440592646,0.003341537435784802,161.74500000000003
dataset/0510025537_Layout1_PLAN3/2.0MapBounded.png,0.09375904895766496,0.0033415374357844124,270.82000000000005
dataset/0510025537_Layout1_PLAN3/3.0MapBounded.png,0.13075738130961098,0.0033415374357849653,298.50750000000005
dataset/0510025537_Layout1_PLAN3/4.0MapBounded.png,0.04594011175529821,0.003341537435784148,298.5425000000001
dataset/0510025537_Layout1_PLAN3/5.0MapBounded.png,0.04594011175529821,0.003341537435784148,298.5425000000001
dataset/0510025537_Layout1_PLAN3/6.0MapBounded.png,0.050691492380094405,0.003341537435784554,298.52500000000003
dataset/0510030965_A-40/0MapBounded.png,0.12172026604826036,0.00033544623373727946,35.09
dataset/0510030965_A-40/1.0MapBounded.png,0.15676021221730588,0.00033544623373700234,114.97750000000002
dataset/0510030965_A-40/2.0MapBounded.png,0.12833713703164773,0.0003354462337368085,171.54000000000002
dataset/0510030965_A-40/3.0MapBounded.png,0.15324705309052916,0.0003354462337372749,217.48750000000004
dataset/0510030965_A-40/4.0MapBounded.png,0.14204572032788468,0.00033544623373722585,227.75750000000005
dataset/0510030965_A-40/5.0MapBounded.png,0.0940846518898984,0.0003354462337372665,233.71750000000006
dataset/0510030965_A-40/6.0MapBounded.png,0.0661391037266625,0.0003354462337381677,233.76500000000004
dataset/0510030965_A-40/7.0MapBounded.png,0.08564624002635786,0.000335446233737244,233.76500000000004
dataset/0510030965_A-40/8.0MapBounded.png,0.005694693180436922,0.00033544623373728716,235.11000000000004
dataset/0510030966_A-40/0MapBounded.png,0.20460513696649565,0.003480973500195284,22.040000000000003
dataset/0510030966_A-40/1.0MapBounded.png,0.031143608753163413,0.003480973500196157,130.72000000000003
dataset/0510030966_A-40/2.0MapBounded.png,0.11002707471668978,0.003480973500195909,237.33750000000003
dataset/0510030966_A-40/3.0MapBounded.png,0.1640168404805306,0.0034809735001952993,245.23250000000004
dataset/0510030966_A-40/4.0MapBounded.png,0.12056859520771096,0.00348097350019493,245.60500000000005
dataset/0510030966_A-40/5.0MapBounded.png,0.050379109020358984,0.003480973500195402,247.77000000000004
dataset/0510030966_A-40/6.0MapBounded.png,0.050379109020358984,0.003480973500195402,247.85000000000005
dataset/0510030966_A-40/7.0MapBounded.png,0.0632878669379676,0.003480973500195082,251.91250000000005
dataset/0510030966_A-40/8.0MapBounded.png,0.13173085064262366,0.003480973500195303,252.03000000000006
dataset/0510030967_A-40/0MapBounded.png,0.34520049409648074,0.007608411049151557,15.737500000000002
dataset/0510030967_A-40/1.0MapBounded.png,0.13320462440364972,0.007608411049151855,120.97500000000002
dataset/0510030967_A-40/2.0MapBounded.png,0.2543793621765838,0.007608411049151705,216.75250000000005
dataset/0510030967_A-40/3.0MapBounded.png,0.19479162829008378,0.0076084110491512385,253.31500000000005
dataset/0510030967_A-40/4.0MapBounded.png,0.09477429408034853,0.007608411049150976,262.39250000000004
dataset/0510030967_A-40/5.0MapBounded.png,0.15061995993837057,0.007608411049151497,263.78000000000003
dataset/0510030967_A-40/6.0MapBounded.png,0.15061995993837057,0.007608411049151497,263.78000000000003
dataset/0510030967_A-40/7.0MapBounded.png,0.12910747027468708,0.007608411049151511,263.78000000000003
dataset/0510032192_A_40_1_203/0MapBounded.png,0.27787322561119654,0.00950468622645552,15.362500000000002
dataset/0510032192_A_40_1_203/1.0MapBounded.png,0.24427248984027736,0.009504686226455328,174.61750000000004
dataset/0510032192_A_40_1_203/2.0MapBounded.png,0.20296140247833633,0.009504686226455556,287.12750000000005
dataset/0510032192_A_40_1_203/3.0MapBounded.png,0.15273506716646937,0.00950468622645524,290.9825000000001
dataset/0510032192_A_40_1_203/4.0MapBounded.png,0.2374818621200207,0.009504686226455842,328.8575000000001
dataset/0510032192_A_40_1_203/5.0MapBounded.png,0.26278839679226385,0.009504686226455318,427.18250000000006
dataset/0510032192_A_40_1_203/6.0MapBounded.png,0.13695807782952907,0.0095046862264547,484.0950000000001
dataset/0510032192_A_40_1_203/7.0MapBounded.png,0.1447406427413437,0.009504686226455644,654.2950000000001
dataset/0510032192_A_40_1_203/8.0MapBounded.png,0.13164638251189043,0.00950468622645509,662.4775000000001
dataset/0510032192_A_40_1_203/9.0MapBounded.png,0.22126499204424352,0.00950468622645552,682.2300000000001
dataset/0510032192_A_40_1_203/10.0MapBounded.png,0.16880756128629465,0.009504686226455452,682.8475000000001
dataset/0510032192_A_40_1_203/11.0MapBounded.png,0.2191505785354839,0.009504686226454838,682.7300000000001
dataset/0510032192_A_40_1_203/12.0MapBounded.png,0.23617680759357645,0.009504686226455816,682.7300000000001
dataset/0510032192_A_40_1_203/13.0MapBounded.png,0.2781001235081537,0.009504686226455407,682.6625000000001
dataset/0510032192_A_40_1_203/14.0MapBounded.png,0.4639483957784708,0.009504686226455785,682.7350000000001
dataset/0510032216_A-40/0MapBounded.png,0.14771423409998286,0.00018600074009421852,38.14500000000001
dataset/0510032216_A-40/1.0MapBounded.png,0.09048698430620192,0.00018600074009419765,347.74500000000006
dataset/0510032216_A-40/2.0MapBounded.png,0.20895938290723393,0.00018600074009418797,572.2050000000002
dataset/0510032216_A-40/3.0MapBounded.png,0.1468942970423564,0.00018600074009381986,760.9825000000002
dataset/0510032216_A-40/4.0MapBounded.png,0.15497355395499451,0.00018600074009395977,776.0750000000002
dataset/0510032216_A-40/5.0MapBounded.png,0.10588872294688755,0.00018600074009418146,777.2525000000002
dataset/0510032216_A-40/6.0MapBounded.png,0.03868798348100675,0.00018600074009427324,777.2400000000001
dataset/0510032216_A-40/7.0MapBounded.png,0.17279314959148878,0.00018600074009427487,783.7475000000002
dataset/0510032216_A-40/8.0MapBounded.png,0.11212402448595697,0.00018600074009416623,874.2125000000002
dataset/0510032216_A-40/9.0MapBounded.png,0.11212402448595697,0.00018600074009416623,881.5150000000002
dataset/0510032216_A-40/10.0MapBounded.png,0.13362985900010432,0.00018600074009459593,881.5150000000002
dataset/0510032216_A-40/11.0MapBounded.png,0.15016826805923156,0.00018600074009419125,881.3075000000001
dataset/0510032217_A-40/0MapBounded.png,0.6253878982013865,0.0004312081648758873,104.77000000000002
dataset/0510032217_A-40/1.0MapBounded.png,0.6175008216413385,0.0004312081648759187,254.78250000000006
dataset/0510032217_A-40/2.0MapBounded.png,0.6207172868609017,0.0004312081648758889,254.80750000000006
dataset/0510032217_A-40/3.0MapBounded.png,0.8019009767676889,0.00043120816487596014,254.82000000000005
dataset/0510032217_A-40/4.0MapBounded.png,0.6024750639673582,0.00043120816487591244,426.4425000000001
dataset/0510032217_A-40/5.0MapBounded.png,0.6541419591811691,0.0004312081648758773,519.5950000000001
dataset/0510032217_A-40/6.0MapBounded.png,0.6426609715729935,0.0004312081648764687,601.6500000000001
dataset/0510032217_A-40/7.0MapBounded.png,0.3419917093556581,0.00043120816487588837,705.5450000000002
dataset/0510032217_A-40/8.0MapBounded.png,0.11250462205007201,0.00043120816487595705,870.4250000000002
dataset/0510032217_A-40/9.0MapBounded.png,0.29056677733348235,0.00043120816487579464,951.4900000000002
dataset/0510032217_A-40/10.0MapBounded.png,0.2571973566729496,0.0004312081648761017,1184.0050000000003
dataset/0510032217_A-40/11.0MapBounded.png,0.0851371605795646,0.0004312081648756265,1397.8225000000002
dataset/0510032217_A-40/12.0MapBounded.png,0.26282425919393965,0.0004312081648749492,1527.4550000000004
dataset/0510032217_A-40/13.0MapBounded.png,0.059089048513887646,0.00043120816487574954,1588.3075000000003
dataset/0510032217_A-40/14.0MapBounded.png,0.4736777718095299,0.00043120816487588447,1685.9100000000003
dataset/0510032217_A-40/15.0MapBounded.png,0.634069710576418,0.0004312081648757974,1739.8325000000004
dataset/0510032217_A-40/16.0MapBounded.png,0.6339773591639237,0.0004312081648758087,1749.6150000000002
dataset/0510032217_A-40/17.0MapBounded.png,0.47260588760204914,0.0004312081648758868,1749.7525000000003
dataset/0510032217_A-40/18.0MapBounded.png,0.16630959367019812,0.0004312081648762645,1763.4750000000004
dataset/0510032217_A-40/19.0MapBounded.png,0.16630959367019812,0.0004312081648762645,1768.1375000000003
dataset/0510032217_A-40/20.0MapBounded.png,0.1757753849207644,0.00043120816487545984,1768.1375000000003
dataset/0510032217_A-40/21.0MapBounded.png,0.5570661393492345,0.0004312081648758773,1769.4400000000003
dataset/0510032217_A-40/22.0MapBounded.png,0.7040106295738844,0.00043120816487551925,1772.7675000000004
dataset/0510032217_A-40/23.0MapBounded.png,0.6232923805583946,0.0004312081648759246,1773.1000000000004
dataset/0510032217_A-40/24.0MapBounded.png,0.626770115998214,0.00043120816487573913,1774.9100000000003
dataset/0510032218_A-40/0MapBounded.png,0.4096789526761189,0.0001659303198457323,72.84250000000002
dataset/0510032218_A-40/1.0MapBounded.png,0.3566834624073995,0.00016593031984562642,389.4725000000001
dataset/0510032218_A-40/2.0MapBounded.png,0.25355072286661845,0.0001659303198457861,564.7550000000001
dataset/0510032218_A-40/3.0MapBounded.png,0.09380271117671925,0.00016593031984569255,861.3475000000002
dataset/0510032218_A-40/4.0MapBounded.png,0.08830759927815546,0.0001659303198457013,948.8125000000002
dataset/0510032218_A-40/5.0MapBounded.png,0.0810129468057922,0.00016593031984547325,1077.1775000000002
dataset/0510032218_A-40/6.0MapBounded.png,0.11792618898469545,0.00016593031984572082,1231.2200000000003
dataset/0510032218_A-40/7.0MapBounded.png,0.06225092621213322,0.00016593031984580824,1332.2150000000001
dataset/0510032218_A-40/8.0MapBounded.png,0.15733727613904902,0.00016593031984554627,1505.6200000000003
dataset/0510032218_A-40/9.0MapBounded.png,0.2182688471080439,0.00016593031984603784,1514.2700000000002
dataset/0510032218_A-40/10.0MapBounded.png,0.23612605717401752,0.000165930319845435,1514.2025000000003
dataset/0510032218_A-40/11.0MapBounded.png,0.18994792354679182,0.00016593031984564704,1514.3975000000003
dataset/0510032259_A_40_1_101/0MapBounded.png,0.11544105507591301,0.0058771128875224786,11.857500000000002
dataset/0510032259_A_40_1_101/1.0MapBounded.png,0.0670537341626739,0.005877112887522388,119.88500000000002
dataset/0510032259_A_40_1_101/2.0MapBounded.png,0.030399683186266492,0.005877112887522481,187.66250000000002
dataset/0510032259_A_40_1_101/3.0MapBounded.png,0.014902469836448965,0.0058771128875228585,195.24750000000003
dataset/0510032260_A_40_1_102/0MapBounded.png,0.3672657740971739,0.0003694678949970602,21.307500000000005
dataset/0510032260_A_40_1_102/1.0MapBounded.png,0.41103699481165457,0.00036946789499706816,130.28000000000003
dataset/0510032260_A_40_1_102/2.0MapBounded.png,0.39329156255601394,0.00036946789499705266,159.48000000000002
dataset/0510032260_A_40_1_102/3.0MapBounded.png,0.3411425236602458,0.0003694678949969023,308.6625000000001
dataset/0510032260_A_40_1_102/4.0MapBounded.png,0.3615265989518285,0.00036946789499700463,333.36000000000007
dataset/0510032260_A_40_1_102/5.0MapBounded.png,0.18298482002622485,0.00036946789499755464,431.2175000000001
dataset/0510032260_A_40_1_102/6.0MapBounded.png,0.12119752131568119,0.0003694678949970581,462.61750000000006
dataset/0510032260_A_40_1_102/7.0MapBounded.png,0.34799839496613233,0.00036946789499756505,474.1050000000001
dataset/0510032260_A_40_1_102/8.0MapBounded.png,0.38858225044657435,0.00036946789499597295,499.2950000000001
dataset/0510032260_A_40_1_102/9.0MapBounded.png,0.36953037745696765,0.00036946789499749143,499.4950000000001
dataset/0510032260_A_40_1_102/10.0MapBounded.png,0.39535354570280956,0.0003694678949971038,499.5650000000001
dataset/0510032260_A_40_1_102/11.0MapBounded.png,0.39208131166789134,0.00036946789499703086,500.0250000000001
dataset/0510032266_A_40_1_103/0MapBounded.png,0.04646465331510099,0.006572638331878954,26.435000000000006
dataset/0510032266_A_40_1_103/1.0MapBounded.png,0.1291492102234986,0.006572638331879521,131.62250000000003
dataset/0510032266_A_40_1_103/2.0MapBounded.png,0.17786900426201804,0.006572638331879023,155.41500000000002
dataset/0510032266_A_40_1_103/3.0MapBounded.png,0.12638721663053568,0.006572638331878343,214.20500000000004
dataset/0510032266_A_40_1_103/4.0MapBounded.png,0.14184499566034392,0.006572638331878965,267.4775000000001
dataset/0510032266_A_40_1_103/5.0MapBounded.png,0.16243053856679668,0.006572638331879255,367.98500000000007
dataset/0510032266_A_40_1_103/6.0MapBounded.png,0.1189302387224314,0.0065726383318785876,395.2625000000001
dataset/0510032266_A_40_1_103/7.0MapBounded.png,0.04832056045277063,0.006572638331878738,395.12500000000006
dataset/0510032266_A_40_1_103/8.0MapBounded.png,0.04832056045277063,0.006572638331878738,395.5850000000001
dataset/0510032266_A_40_1_103/9.0MapBounded.png,0.03624181913886729,0.006572638331878732,395.57000000000005
dataset/0510032267_A_40_1_101/0MapBounded.png,0.12161555362106743,0.0006656496735862474,15.407500000000002
dataset/0510032267_A_40_1_101/1.0MapBounded.png,0.08111140631360517,0.0006656496735862375,25.012500000000006
dataset/0510032267_A_40_1_101/2.0MapBounded.png,0.04821729027645634,0.0006656496735864453,36.370000000000005
dataset/0510032267_A_40_1_101/3.0MapBounded.png,0.02494108614263193,0.0006656496735867551,194.46250000000003
dataset/0510032267_A_40_1_101/4.0MapBounded.png,0.08732573399135485,0.0006656496735866772,224.79000000000005
dataset/0510032267_A_40_1_101/5.0MapBounded.png,0.04984119014049935,0.0006656496735863738,326.44750000000005
dataset/0510032267_A_40_1_101/6.0MapBounded.png,0.07832706067357517,0.000665649673587257,355.9200000000001
dataset/0510032267_A_40_1_101/7.0MapBounded.png,0.04493655684717907,0.0006656496735862733,373.3950000000001
dataset/0510032267_A_40_1_101/8.0MapBounded.png,0.06127664059383124,0.0006656496735856318,407.6575000000001
dataset/0510032270_A_40_1_104/0MapBounded.png,0.3926387642215748,0.0037633512521539343,10.017500000000002
dataset/0510032270_A_40_1_104/1.0MapBounded.png,0.3875345115740899,0.0037633512521540596,155.86500000000004
dataset/0510032270_A_40_1_104/2.0MapBounded.png,0.14953832228834912,0.0037633512521544894,248.11750000000004
dataset/0510032270_A_40_1_104/3.0MapBounded.png,0.06240209669235826,0.0037633512521537274,334.44500000000005
dataset/0510032270_A_40_1_104/4.0MapBounded.png,0.05053461831486696,0.0037633512521539157,338.45750000000004
dataset/0510032270_A_40_1_104/5.0MapBounded.png,0.15269690216975781,0.003763351252153822,355.2100000000001
dataset/0510032270_A_40_1_104/6.0MapBounded.png,0.1165037405810071,0.003763351252154248,378.07500000000005
dataset/0510032270_A_40_1_104/7.0MapBounded.png,0.1165037405810071,0.003763351252154248,378.12500000000006
dataset/0510032270_A_40_1_104/8.0MapBounded.png,0.12371412480775257,0.0037633512521539096,378.12500000000006
dataset/0510032270_A_40_1_104/9.0MapBounded.png,0.13154581383137684,0.003763351252153695,384.81000000000006
dataset/0510034689_Layout1/0MapBounded.png,0.08211586866124561,0.0005430295003981024,19.227500000000003
dataset/0510034689_Layout1/1.0MapBounded.png,0.14786109951007795,0.0005430295003980945,74.50000000000001
dataset/0510034689_Layout1/2.0MapBounded.png,0.23864017809998322,0.0005430295003983555,131.10500000000002
dataset/0510034689_Layout1/3.0MapBounded.png,0.14237644259958962,0.0005430295003978612,173.80250000000004
dataset/0510034689_Layout1/4.0MapBounded.png,0.0889817528192177,0.0005430295003981427,307.07500000000005
dataset/0510034689_Layout1/5.0MapBounded.png,0.12085125094979504,0.000543029500398089,352.2775000000001
dataset/0510034690_Layout1/0MapBounded.png,0.32270784668892727,8.727809110840706e-05,50.85750000000001
dataset/0510034690_Layout1/1.0MapBounded.png,0.27237982519862236,8.727809110799559e-05,202.13250000000005
dataset/0510034690_Layout1/2.0MapBounded.png,0.06664081710925783,8.727809110784875e-05,301.2325000000001
dataset/0510034690_Layout1/3.0MapBounded.png,0.033815196400974114,8.727809110840828e-05,390.48500000000007
dataset/0510034690_Layout1/4.0MapBounded.png,0.053369465792717674,8.72780911080203e-05,394.2800000000001
dataset/0510034690_Layout1/5.0MapBounded.png,0.08301363895908037,8.72780911085321e-05,397.06250000000006
dataset/0510034690_Layout1/6.0MapBounded.png,0.08301363895908037,8.72780911085321e-05,397.06250000000006
dataset/0510034690_Layout1/7.0MapBounded.png,0.17219093799243176,8.727809110851407e-05,396.99000000000007
dataset/0510034841_A-40.1-103/0MapBounded.png,0.033453547836968155,0.00925310509351039,6.040000000000001
dataset/0510034841_A-40.1-103/1.0MapBounded.png,0.0033391607956367586,0.009253105093510572,30.280000000000005
dataset/0510034859_A-40/0MapBounded.png,0.09682844934684276,0.020443689895260655,17.150000000000002
dataset/0510034859_A-40/1.0MapBounded.png,0.005038727483151568,0.020443689895260624,33.44250000000001
dataset/0510034859_A-40/2.0MapBounded.png,0.015076034369888346,0.020443689895260603,33.44250000000001
dataset/0510034859_A-40/3.0MapBounded.png,0.013751657542176636,0.020443689895260655,33.46750000000001
dataset/0510034860_A-40/0MapBounded.png,0.24786103723116862,0.007785129393331809,8.702500000000002
dataset/0510034860_A-40/1.0MapBounded.png,0.16494455302243607,0.007785129393331813,21.240000000000006
dataset/0510034860_A-40/2.0MapBounded.png,0.04725557110772438,0.007785129393332033,50.65000000000001
dataset/0510034860_A-40/3.0MapBounded.png,0.012167630039831527,0.007785129393331416,54.00250000000001
dataset/0510034860_A-40/4.0MapBounded.png,0.012167630039831527,0.007785129393331416,53.95500000000001
dataset/0510034860_A-40/5.0MapBounded.png,0.12781197506394076,0.007785129393332292,53.96000000000001
dataset/0510034860_A-40/6.0MapBounded.png,0.12719614388911615,0.007785129393331964,58.03000000000001
dataset/0510034861_A-40/0MapBounded.png,0.02456616143139072,0.021163694132006083,5.7200000000000015
dataset/0510034861_A-40/1.0MapBounded.png,0.017988252304400813,0.021163694132006073,44.08500000000001
dataset/0510034861_A-40/2.0MapBounded.png,0.0030526883180002715,0.021163694132006472,51.67750000000001
dataset/0510034870_A-40/0MapBounded.png,0.1047433929964566,0.012239516200854257,9.112500000000002
dataset/0510034870_A-40/1.0MapBounded.png,0.019652951676015343,0.012239516200854526,55.08000000000001
dataset/0510034870_A-40/2.0MapBounded.png,0.0241932780438041,0.012239516200854006,59.180000000000014
dataset/0510034870_A-40/3.0MapBounded.png,0.0241932780438041,0.012239516200854006,59.180000000000014
dataset/0510034870_A-40/4.0MapBounded.png,0.04025790628715808,0.012239516200854552,59.49000000000001
dataset/0510035341_A_40_1_103/0MapBounded.png,0.39722962833040926,0.007887621134517221,22.232500000000005
dataset/0510035341_A_40_1_103/1.0MapBounded.png,0.3694503374446347,0.007887621134516498,128.01250000000002
dataset/0510035341_A_40_1_103/2.0MapBounded.png,0.3150268140295665,0.007887621134517065,215.98000000000005
dataset/0510035341_A_40_1_103/3.0MapBounded.png,0.38113128069421937,0.007887621134516933,306.70750000000004
dataset/0510035341_A_40_1_103/4.0MapBounded.png,0.10834815449919155,0.007887621134517032,409.17750000000007
dataset/0510035341_A_40_1_103/5.0MapBounded.png,0.10699881986197445,0.007887621134517525,514.4025000000001
dataset/0510035341_A_40_1_103/6.0MapBounded.png,0.24517708959338586,0.007887621134516888,590.7975000000001
dataset/0510035341_A_40_1_103/7.0MapBounded.png,0.17277844668183015,0.007887621134517216,623.2375000000001
dataset/0510035341_A_40_1_103/8.0MapBounded.png,0.3146730304985198,0.007887621134517317,632.5325000000001
dataset/0510035341_A_40_1_103/9.0MapBounded.png,0.1837442575693662,0.00788762113451704,643.1450000000001
dataset/0510035341_A_40_1_103/10.0MapBounded.png,0.1837442575693662,0.00788762113451704,643.0550000000002
dataset/0510035341_A_40_1_103/11.0MapBounded.png,0.184359841302534,0.007887621134517209,643.0300000000001
dataset/0510035343_A_40_1_102/0MapBounded.png,0.09174463478804668,0.0009263986108092483,16.402500000000003
dataset/0510035343_A_40_1_102/1.0MapBounded.png,0.10853113395890483,0.0009263986108091044,171.89500000000004
dataset/0510035343_A_40_1_102/2.0MapBounded.png,0.14703988119045366,0.0009263986108093529,279.69500000000005
dataset/0510035343_A_40_1_102/3.0MapBounded.png,0.14723807190955246,0.000926398610809173,380.7100000000001
dataset/0510035343_A_40_1_102/4.0MapBounded.png,0.14085409996898993,0.0009263986108092705,497.7775000000001
dataset/0510035343_A_40_1_102/5.0MapBounded.png,0.06726288159677052,0.0009263986108097722,618.6375000000002
dataset/0510035343_A_40_1_102/6.0MapBounded.png,0.3066311118082547,0.0009263986108092739,650.9575000000001
dataset/0510035343_A_40_1_102/7.0MapBounded.png,0.13461746285560588,0.000926398610809155,666.8475000000001
dataset/0510035343_A_40_1_102/8.0MapBounded.png,0.025620280127568115,0.0009263986108093137,670.2475000000002
dataset/0510035343_A_40_1_102/9.0MapBounded.png,0.0612881241084748,0.0009263986108091638,671.2500000000001
dataset/0510035343_A_40_1_102/10.0MapBounded.png,0.0612881241084748,0.0009263986108091638,671.2500000000001
dataset/0510035343_A_40_1_102/11.0MapBounded.png,0.08281966631280728,0.0009263986108095817,671.1650000000001
dataset/0510035517_A_40_1_105/0MapBounded.png,0.5367813136746746,0.0014930409001382783,9.255000000000003
dataset/0510035517_A_40_1_105/1.0MapBounded.png,0.6014277005448195,0.001493040900138354,110.57250000000002
dataset/0510035517_A_40_1_105/2.0MapBounded.png,0.2768936544065045,0.0014930409001393235,224.35250000000005
dataset/0510035517_A_40_1_105/3.0MapBounded.png,0.11168950474850314,0.001493040900138175,368.7175000000001
dataset/0510035517_A_40_1_105/4.0MapBounded.png,0.17115042980149187,0.001493040900138141,511.4225000000001
dataset/0510035517_A_40_1_105/5.0MapBounded.png,0.19409119756361376,0.0014930409001384303,626.7225000000001
dataset/0510035517_A_40_1_105/6.0MapBounded.png,0.19458939057961158,0.0014930409001385418,752.1900000000002
dataset/0510035517_A_40_1_105/7.0MapBounded.png,0.0702487020366169,0.0014930409001386992,839.3750000000001
dataset/0510035517_A_40_1_105/8.0MapBounded.png,0.26775500953294445,0.0014930409001383763,972.6850000000002
dataset/0510035517_A_40_1_105/9.0MapBounded.png,0.30278078220659493,0.0014930409001377594,1060.4150000000002
dataset/0510035517_A_40_1_105/10.0MapBounded.png,0.11750231243240282,0.0014930409001382516,1269.4350000000002
dataset/0510035517_A_40_1_105/11.0MapBounded.png,0.15107052645127989,0.0014930409001383176,1375.6250000000002
dataset/0510035517_A_40_1_105/12.0MapBounded.png,0.25069575603707245,0.0014930409001382796,1394.1750000000002
dataset/0510035517_A_40_1_105/13.0MapBounded.png,0.17338358566381917,0.001493040900138222,1450.5625000000002
dataset/0510035517_A_40_1_105/14.0MapBounded.png,0.14397167804493075,0.001493040900138273,1487.8775000000003
dataset/0510035517_A_40_1_105/15.0MapBounded.png,0.08876100272067515,0.0014930409001382816,1491.5925000000002
dataset/0510035517_A_40_1_105/16.0MapBounded.png,0.1118070827031436,0.0014930409001382748,1541.1475000000003
dataset/0510035517_A_40_1_105/17.0MapBounded.png,0.053343352197502795,0.0014930409001382735,1541.2725000000003
dataset/0510035517_A_40_1_105/18.0MapBounded.png,0.05766102088960857,0.0014930409001380801,1543.1975000000002
dataset/0510035517_A_40_1_105/19.0MapBounded.png,0.05766102088960857,0.0014930409001380801,1543.1975000000002
dataset/0510035517_A_40_1_105/20.0MapBounded.png,0.198693042848187,0.0014930409001382807,1543.1850000000004
dataset/0510035517_A_40_1_105/21.0MapBounded.png,0.4575620339495699,0.0014930409001381313,1543.1475000000003
dataset/0510035517_A_40_1_105/22.0MapBounded.png,0.5037151302884908,0.0014930409001382484,1543.2275000000002
dataset/0510035518_A_40_1_101/0MapBounded.png,0.3677144289774339,0.002275402759457261,74.09000000000002
dataset/0510035518_A_40_1_101/1.0MapBounded.png,0.2649475840314468,0.002275402759456967,225.57750000000004
dataset/0510035518_A_40_1_101/2.0MapBounded.png,0.33628402362546195,0.0022754027594570317,355.7900000000001
dataset/0510035518_A_40_1_101/3.0MapBounded.png,0.19427083820158694,0.0022754027594571492,579.5100000000001
dataset/0510035518_A_40_1_101/4.0MapBounded.png,0.19427083820158694,0.0022754027594571492,580.2550000000001
dataset/0510035518_A_40_1_101/5.0MapBounded.png,0.17721345173941366,0.002275402759457313,580.3600000000001
dataset/0510035518_A_40_1_101/6.0MapBounded.png,0.3681476411947951,0.0022754027594571228,803.1300000000001
dataset/0510035518_A_40_1_101/7.0MapBounded.png,0.361364042231692,0.0022754027594573743,876.2000000000002
dataset/0510035518_A_40_1_101/8.0MapBounded.png,0.31453138416582843,0.002275402759457235,1047.6375000000003
dataset/0510035518_A_40_1_101/9.0MapBounded.png,0.34642064055597493,0.002275402759456733,1378.0425000000002
dataset/0510035518_A_40_1_101/10.0MapBounded.png,0.24240318019469467,0.002275402759457038,1422.9350000000002
dataset/0510035518_A_40_1_101/11.0MapBounded.png,0.383697267379676,0.002275402759457302,1428.6875000000002
dataset/0510035518_A_40_1_101/12.0MapBounded.png,0.2245905971806082,0.0022754027594573947,1508.3350000000003
dataset/0510035518_A_40_1_101/13.0MapBounded.png,0.08730940010649052,0.002275402759457331,1513.3250000000003
dataset/0510035518_A_40_1_101/14.0MapBounded.png,0.21611499132980072,0.002275402759457035,1513.9275000000002
dataset/0510035518_A_40_1_101/15.0MapBounded.png,0.21611499132980072,0.002275402759457035,1513.9600000000003
dataset/0510035518_A_40_1_101/16.0MapBounded.png,0.37522220748533014,0.002275402759457223,1513.9600000000003
dataset/0510035518_A_40_1_101/17.0MapBounded.png,0.17801150449927225,0.0022754027594567476,1514.3150000000003
dataset/0510035518_A_40_1_101/18.0MapBounded.png,0.19949243544928877,0.0022754027594572464,1523.3250000000003
dataset/0510035518_A_40_1_101/19.0MapBounded.png,0.205161335967758,0.00227540275945724,1526.0850000000003
dataset/0510035518_A_40_1_101/20.0MapBounded.png,0.26649777476661823,0.0022754027594572724,1526.1750000000004
dataset/0510035519_A_40_1_102/0MapBounded.png,0.7723195291973447,0.0013446687397220384,62.342500000000015
dataset/0510035519_A_40_1_102/1.0MapBounded.png,0.7899386991578438,0.0013446687397221475,613.8050000000001
dataset/0510035519_A_40_1_102/2.0MapBounded.png,0.4232737671651963,0.0013446687397213849,790.9025000000001
dataset/0510035519_A_40_1_102/3.0MapBounded.png,0.3614167834736158,0.001344668739721593,949.3750000000002
dataset/0510035519_A_40_1_102/4.0MapBounded.png,0.1898509775035489,0.0013446687397219935,1121.6625000000001
dataset/0510035519_A_40_1_102/5.0MapBounded.png,0.1849208318472351,0.0013446687397219576,1149.2750000000003
dataset/0510035519_A_40_1_102/6.0MapBounded.png,0.1531414278132513,0.0013446687397217435,1335.4025000000004
dataset/0510035519_A_40_1_102/7.0MapBounded.png,0.1328952778716192,0.0013446687397221833,1620.0700000000004
dataset/0510035519_A_40_1_102/8.0MapBounded.png,0.3885851534839921,0.0013446687397220267,1856.8775000000003
dataset/0510035519_A_40_1_102/9.0MapBounded.png,0.25644310328234177,0.001344668739721924,2006.3750000000005
dataset/0510035519_A_40_1_102/10.0MapBounded.png,0.04909833382623357,0.001344668739722837,2037.3350000000005
dataset/0510035519_A_40_1_102/11.0MapBounded.png,0.07745866812681367,0.0013446687397220096,2036.5025000000005
dataset/0510035519_A_40_1_102/12.0MapBounded.png,0.12087383921868543,0.0013446687397221852,2037.0025000000005
dataset/0510035519_A_40_1_102/13.0MapBounded.png,0.12087383921868543,0.0013446687397221852,2037.0025000000005
dataset/0510035519_A_40_1_102/14.0MapBounded.png,0.20977226059082646,0.0013446687397227204,2075.7275000000004
dataset/0510035519_A_40_1_102/15.0MapBounded.png,0.10592905573099859,0.0013446687397221059,2104.1275000000005
dataset/0510035519_A_40_1_102/16.0MapBounded.png,0.2290002935278814,0.0013446687397220612,2199.26
dataset/0510035519_A_40_1_102/17.0MapBounded.png,0.167581303861076,0.0013446687397218663,2355.4000000000005
dataset/0510035519_A_40_1_102/18.0MapBounded.png,0.13819923366004983,0.001344668739722084,2717.0700000000006
dataset/0510035519_A_40_1_102/19.0MapBounded.png,0.10090037472569961,0.0013446687397214985,2789.1950000000006
dataset/0510035519_A_40_1_102/20.0MapBounded.png,0.11010978172068718,0.00134466873972209,2854.5900000000006
dataset/0510035519_A_40_1_102/21.0MapBounded.png,0.11877769096979993,0.0013446687397220367,3062.9375000000005
dataset/0510035519_A_40_1_102/22.0MapBounded.png,0.16372941475843178,0.001344668739722025,3147.4150000000004
dataset/0510035519_A_40_1_102/23.0MapBounded.png,0.30097945080899857,0.0013446687397220389,3250.7175000000007
dataset/0510035519_A_40_1_102/24.0MapBounded.png,0.22418395342830805,0.0013446687397221698,3278.4600000000005
dataset/0510035519_A_40_1_102/25.0MapBounded.png,0.22076033338606632,0.001344668739722253,3284.3625000000006
dataset/0510035519_A_40_1_102/26.0MapBounded.png,0.2589953609741634,0.0013446687397219684,3288.1900000000005
dataset/0510035519_A_40_1_102/27.0MapBounded.png,0.4219967592418466,0.0013446687397218216,3288.1950000000006
dataset/0510035520_A_40_1_103/0MapBounded.png,9.658580759814049,0.13132561051054403,21.730000000000004
dataset/0510035520_A_40_1_103/1.0MapBounded.png,11.328991532872996,0.13132561051054403,261.32250000000005
dataset/0510035520_A_40_1_103/2.0MapBounded.png,8.699491492449463,0.13132561051054395,390.38000000000005
dataset/0510035520_A_40_1_103/3.0MapBounded.png,8.08424252837854,0.1313256105105437,584.7950000000001
dataset/0510035520_A_40_1_103/4.0MapBounded.png,6.265169422857671,0.13132561051054412,721.9000000000001
dataset/0510035520_A_40_1_103/5.0MapBounded.png,5.832951092162439,0.13132561051054456,796.1100000000001
dataset/0510035520_A_40_1_103/6.0MapBounded.png,5.832951092162439,0.13132561051054456,796.1000000000001
dataset/0510035520_A_40_1_103/7.0MapBounded.png,5.832951092162439,0.13132561051054456,796.1000000000001
dataset/0510035520_A_40_1_103/8.0MapBounded.png,5.832951092162439,0.13132561051054456,796.1000000000001
dataset/0510035520_A_40_1_103/9.0MapBounded.png,5.832951092162439,0.13132561051054456,796.1375000000002
dataset/0510035520_A_40_1_103/10.0MapBounded.png,5.832951092162439,0.13132561051054456,796.1400000000001
dataset/0510035520_A_40_1_103/11.0MapBounded.png,5.832951092162439,0.13132561051054456,796.1375000000002
dataset/0510035520_A_40_1_103/12.0MapBounded.png,5.832951092162439,0.13132561051054456,796.1375000000002
dataset/0510035520_A_40_1_103/13.0MapBounded.png,5.832951092162439,0.13132561051054456,796.1375000000002
dataset/0510035520_A_40_1_103/14.0MapBounded.png,5.413936270692803,0.13132561051054434,852.8375000000002
dataset/0510035520_A_40_1_103/15.0MapBounded.png,4.923885738573542,0.1313256105105438,982.6500000000002
dataset/0510035520_A_40_1_103/16.0MapBounded.png,4.5029992165497275,0.131325610510544,1090.0350000000003
dataset/0510035520_A_40_1_103/17.0MapBounded.png,4.369311720939203,0.13132561051054367,1261.1400000000003
dataset/0510035520_A_40_1_103/18.0MapBounded.png,5.745916713293241,0.13132561051054395,1386.6475000000003
dataset/0510035520_A_40_1_103/19.0MapBounded.png,7.198929788133637,0.13132561051054442,1494.6575000000003
dataset/0510035520_A_40_1_103/20.0MapBounded.png,8.075446699216657,0.131325610510544,1801.6550000000004
dataset/0510035520_A_40_1_103/21.0MapBounded.png,4.999793250421128,0.13132561051054403,1901.5650000000003
dataset/0510035520_A_40_1_103/22.0MapBounded.png,4.568751922905683,0.13132561051054406,1909.1250000000005
dataset/0510035520_A_40_1_103/23.0MapBounded.png,4.2477066951762525,0.13132561051054367,1929.5700000000004
dataset/0510035520_A_40_1_103/24.0MapBounded.png,5.362957445113047,0.13132561051054406,1974.7225000000003
dataset/0510035520_A_40_1_103/25.0MapBounded.png,4.943137596554237,0.13132561051054417,1975.8075000000003
dataset/0510035520_A_40_1_103/26.0MapBounded.png,4.943137596554237,0.13132561051054417,1975.8675000000003
dataset/0510035520_A_40_1_103/27.0MapBounded.png,4.943137596554237,0.13132561051054417,1975.9325000000003
dataset/0510035520_A_40_1_103/28.0MapBounded.png,4.943137596554237,0.13132561051054417,1975.9475000000004
dataset/0510035520_A_40_1_103/29.0MapBounded.png,5.10834870498178,0.13132561051054384,1975.9450000000004
dataset/0510035520_A_40_1_103/30.0MapBounded.png,5.10834870498178,0.13132561051054384,1975.9075000000005
dataset/0510035520_A_40_1_103/31.0MapBounded.png,5.69467211146981,0.1313256105105445,1996.6200000000003
dataset/0510035520_A_40_1_103/32.0MapBounded.png,5.306545915714431,0.1313256105105438,2000.6975000000004
dataset/0510035520_A_40_1_103/33.0MapBounded.png,6.24080139352206,0.13132561051054403,2010.6500000000003
dataset/0510035520_A_40_1_103/34.0MapBounded.png,4.49349947584648,0.1313256105105447,2014.7150000000004
dataset/0510035520_A_40_1_103/35.0MapBounded.png,4.144406796868654,0.13132561051054398,2014.8375000000003
dataset/0510035520_A_40_1_103/36.0MapBounded.png,3.7949878112140776,0.13132561051054403,2014.8625000000004
dataset/0510035520_A_40_1_103/37.0MapBounded.png,2.9860624158199247,0.1313256105105441,2014.8725000000004
dataset/0510035520_A_40_1_103/38.0MapBounded.png,3.16675499191482,0.131325610510544,2014.8550000000005
dataset/0510035520_A_40_1_103/39.0MapBounded.png,2.3845777645794533,0.13132561051054437,2014.7900000000004
dataset/0510035520_A_40_1_103/40.0MapBounded.png,1.3054686344916546,0.1313256105105438,2014.7800000000004
dataset/0510035520_A_40_1_103/41.0MapBounded.png,1.0819221956196463,0.13132561051054323,2014.7800000000004
dataset/0510035520_A_40_1_103/42.0MapBounded.png,1.3377300761902224,0.131325610510544,2014.7900000000004
dataset/0510035520_A_40_1_103/43.0MapBounded.png,1.0486731650485233,0.13132561051054378,2014.7700000000004
dataset/0510035520_A_40_1_103/44.0MapBounded.png,0.7922101000459018,0.13132561051054428,2014.7250000000004
dataset/0510035520_A_40_1_103/45.0MapBounded.png,0.9737293768738112,0.13132561051054434,2014.7325000000003
dataset/0510035520_A_40_1_103/46.0MapBounded.png,1.0858280062742327,0.13132561051054417,2014.6575000000005
dataset/0510035520_A_40_1_103/47.0MapBounded.png,1.45027429251143,0.1313256105105441,2014.6625000000004
dataset/0510035520_A_40_1_103/48.0MapBounded.png,2.111363207219707,0.13132561051054398,2014.6750000000004
dataset/0510035520_A_40_1_103/49.0MapBounded.png,3.1553000030405256,0.1313256105105434,2014.6225000000004
dataset/0510035520_A_40_1_103/50.0MapBounded.png,3.241643910425978,0.131325610510544,2014.7275000000004
dataset/0510035520_A_40_1_103/51.0MapBounded.png,4.486411993455831,0.1313256105105435,2014.7325000000003
dataset/0510035520_A_40_1_103/52.0MapBounded.png,4.887811924390028,0.131325610510544,2014.7225000000003
dataset/0510035520_A_40_1_103/53.0MapBounded.png,5.932838545113502,0.13132561051054426,2014.7200000000005
dataset/0510035520_A_40_1_103/54.0MapBounded.png,6.153307401136192,0.131325610510544,2014.7400000000005
dataset/0510035520_A_40_1_103/55.0MapBounded.png,6.1212605412917105,0.13132561051054387,2014.7775000000004
dataset/0510035520_A_40_1_103/56.0MapBounded.png,5.839226676210855,0.131325610510544,2014.7425000000003
dataset/0510035520_A_40_1_103/57.0MapBounded.png,6.389937560422105,0.13132561051054412,2014.6925000000003
dataset/0510035520_A_40_1_103/58.0MapBounded.png,5.9265657653513495,0.13132561051054403,2014.6525000000004
dataset/0510035520_A_40_1_103/59.0MapBounded.png,6.307017102927876,0.1313256105105441,2014.6650000000004
dataset/0510035520_A_40_1_103/60.0MapBounded.png,6.252303507925279,0.13132561051054423,2014.6725000000004
dataset/0510035520_A_40_1_103/61.0MapBounded.png,6.201063508320136,0.131325610510544,2014.6775000000005
dataset/0510035520_A_40_1_103/62.0MapBounded.png,6.555477986567046,0.1313256105105439,2014.6800000000003
dataset/0510035520_A_40_1_103/63.0MapBounded.png,6.122098039131653,0.13132561051054406,2014.6700000000003
dataset/0510035520_A_40_1_103/64.0MapBounded.png,6.679989258129045,0.13132561051054392,2014.6800000000003
dataset/0510035520_A_40_1_103/65.0MapBounded.png,6.269695777475622,0.13132561051054406,2014.6775000000005
dataset/0510035520_A_40_1_103/66.0MapBounded.png,6.564147424550349,0.1313256105105441,2014.6600000000003
dataset/0510035520_A_40_1_103/67.0MapBounded.png,6.610741643946807,0.13132561051054395,2014.6700000000003
dataset/0510035520_A_40_1_103/68.0MapBounded.png,6.656896949387484,0.13132561051054398,2014.6775000000005
dataset/0510035520_A_40_1_103/69.0MapBounded.png,7.096931213337066,0.13132561051054384,2014.6800000000003
dataset/0510035520_A_40_1_103/70.0MapBounded.png,6.583307472164454,0.131325610510544,2014.6850000000004
dataset/0510035520_A_40_1_103/71.0MapBounded.png,7.21491915694865,0.13132561051054403,2014.6975000000004
dataset/0510035520_A_40_1_103/72.0MapBounded.png,6.922594233744665,0.13132561051054392,2014.6900000000003
dataset/0510035520_A_40_1_103/73.0MapBounded.png,7.025573945026848,0.13132561051054384,2014.6950000000004
dataset/0510035520_A_40_1_103/74.0MapBounded.png,7.288899998466687,0.13132561051054398,2014.6925000000003
dataset/0510035520_A_40_1_103/75.0MapBounded.png,6.983042037149632,0.13132561051054403,2014.6925000000003
dataset/0510035520_A_40_1_103/76.0MapBounded.png,7.582743734254183,0.131325610510544,2014.6950000000004
dataset/0510035520_A_40_1_103/77.0MapBounded.png,7.01333070305894,0.13132561051054403,2014.6825000000003
dataset/0510035520_A_40_1_103/78.0MapBounded.png,7.45558858636588,0.13132561051054395,2014.6700000000003
dataset/0510035520_A_40_1_103/79.0MapBounded.png,7.296217447369491,0.131325610510544,2014.6650000000004
dataset/0510035520_A_40_1_103/80.0MapBounded.png,7.351793386003152,0.1313256105105441,2014.6550000000004
dataset/0510035520_A_40_1_103/81.0MapBounded.png,7.722234373712905,0.1313256105105439,2014.6500000000003
dataset/0510035737_A_40_1_105/0MapBounded.png,0.14099324520497086,0.003416018984611146,25.147500000000004
dataset/0510035737_A_40_1_105/1.0MapBounded.png,0.26543052108164544,0.0034160189846111594,230.81250000000006
dataset/0510035737_A_40_1_105/2.0MapBounded.png,0.2212797633935413,0.003416018984611391,244.45750000000004
dataset/0510035737_A_40_1_105/3.0MapBounded.png,0.05568938411905619,0.0034160189846109607,247.76000000000005
dataset/0510035737_A_40_1_105/4.0MapBounded.png,0.1363186288044933,0.003416018984611085,297.9825000000001
dataset/0510035737_A_40_1_105/5.0MapBounded.png,0.06524473206201084,0.003416018984610525,467.6850000000001
dataset/0510035737_A_40_1_105/6.0MapBounded.png,0.10942374829970278,0.003416018984611104,650.7400000000001
dataset/0510035737_A_40_1_105/7.0MapBounded.png,0.22271379659270138,0.0034160189846111576,770.3000000000002
dataset/0510035737_A_40_1_105/8.0MapBounded.png,0.11376823540503164,0.003416018984610958,1024.0625000000002
dataset/0510035737_A_40_1_105/9.0MapBounded.png,0.28572737679610216,0.0034160189846109933,1089.8875000000003
dataset/0510035737_A_40_1_105/10.0MapBounded.png,0.2931134508893979,0.0034160189846114694,1171.5425000000002
dataset/0510035737_A_40_1_105/11.0MapBounded.png,0.14909971767085073,0.003416018984611697,1265.5775000000003
dataset/0510035737_A_40_1_105/12.0MapBounded.png,0.18558324035112994,0.003416018984611175,1293.4350000000002
dataset/0510035737_A_40_1_105/13.0MapBounded.png,0.20398770737906818,0.003416018984610937,1294.5475000000004
dataset/0510035737_A_40_1_105/14.0MapBounded.png,0.0634498837171046,0.0034160189846111698,1334.8900000000003
dataset/0510035737_A_40_1_105/15.0MapBounded.png,0.02539204677910595,0.0034160189846107014,1335.2850000000003
dataset/0510035739_A_40_1_102/0MapBounded.png,0.744567669676411,0.004579522048341472,32.79750000000001
dataset/0510035739_A_40_1_102/1.0MapBounded.png,0.7732442637673819,0.004579522048341969,84.85500000000002
dataset/0510035739_A_40_1_102/2.0MapBounded.png,0.5727865341777543,0.004579522048341376,152.58500000000004
dataset/0510035739_A_40_1_102/3.0MapBounded.png,0.5149765932293973,0.004579522048341466,263.96250000000003
dataset/0510035739_A_40_1_102/4.0MapBounded.png,0.44752318509009514,0.00457952204834146,378.81750000000005
dataset/0510035739_A_40_1_102/5.0MapBounded.png,0.4793968738791468,0.004579522048341359,590.0650000000002
dataset/0510035739_A_40_1_102/6.0MapBounded.png,0.44399480477191905,0.0045795220483417455,649.3450000000001
dataset/0510035739_A_40_1_102/7.0MapBounded.png,0.5124361910197246,0.004579522048341474,669.2225000000001
dataset/0510035739_A_40_1_102/8.0MapBounded.png,0.34876564065517596,0.00457952204834147,680.6600000000001
dataset/0510035739_A_40_1_102/9.0MapBounded.png,0.2613182817931131,0.004579522048341899,703.1775000000001
dataset/0510035739_A_40_1_102/10.0MapBounded.png,0.17297710399782004,0.0045795220483423925,718.4925000000002
dataset/0510035739_A_40_1_102/11.0MapBounded.png,0.139454510480805,0.004579522048341169,840.1950000000002
dataset/0510035739_A_40_1_102/12.0MapBounded.png,0.17406201215993433,0.004579522048341454,858.0025000000002
dataset/0510035739_A_40_1_102/13.0MapBounded.png,0.1339045575650208,0.0045795220483420785,878.3450000000001
dataset/0510035739_A_40_1_102/14.0MapBounded.png,0.11829972866659809,0.00457952204834219,878.3475000000002
dataset/0510035739_A_40_1_102/15.0MapBounded.png,0.10003967479316299,0.004579522048342262,878.3575000000002
dataset/0510035739_A_40_1_102/16.0MapBounded.png,0.16337790924387566,0.004579522048341708,893.0200000000002
dataset/0510035739_A_40_1_102/17.0MapBounded.png,0.32760703222123344,0.0045795220483414644,907.7050000000002
dataset/0510035739_A_40_1_102/18.0MapBounded.png,0.23925527586993298,0.004579522048341494,914.0575000000002
dataset/0510035739_A_40_1_102/19.0MapBounded.png,0.22166266310781915,0.004579522048341428,914.0575000000002
dataset/0510035739_A_40_1_102/20.0MapBounded.png,0.26948331964199185,0.0045795220483412806,935.5325000000001
dataset/0510035739_A_40_1_102/21.0MapBounded.png,0.33482620296338106,0.004579522048341474,1135.7350000000001
dataset/0510035739_A_40_1_102/22.0MapBounded.png,0.3151054892308143,0.004579522048341477,1221.9875000000002
dataset/0510035739_A_40_1_102/23.0MapBounded.png,0.2876292707518203,0.0045795220483414445,1317.6575000000003
dataset/0510035739_A_40_1_102/24.0MapBounded.png,0.47469215431546286,0.004579522048341753,1321.0400000000002
dataset/0510035739_A_40_1_102/25.0MapBounded.png,0.6383582735918406,0.004579522048341131,1328.8450000000003
dataset/0510035739_A_40_1_102/26.0MapBounded.png,0.8264272738358428,0.004579522048341269,1354.8100000000002
dataset/0510035739_A_40_1_102/27.0MapBounded.png,0.9107744007077088,0.00457952204834146,1434.0450000000003
dataset/0510035739_A_40_1_102/28.0MapBounded.png,0.757174013046688,0.004579522048341393,1466.5950000000003
dataset/0510035740_A_40_1_103/0MapBounded.png,0.35891203933569493,0.002061760562971916,17.92
dataset/0510035740_A_40_1_103/1.0MapBounded.png,0.2704509761428673,0.002061760562971907,201.27000000000004
dataset/0510035740_A_40_1_103/2.0MapBounded.png,0.28045090575046283,0.002061760562971911,235.14000000000004
dataset/0510035740_A_40_1_103/3.0MapBounded.png,0.26029649063115684,0.002061760562972219,278.27000000000004
dataset/0510035740_A_40_1_103/4.0MapBounded.png,0.15873505542654734,0.002061760562972772,400.2700000000001
dataset/0510035740_A_40_1_103/5.0MapBounded.png,0.14190626744636586,0.0020617605629719166,497.9950000000001
dataset/0510035740_A_40_1_103/6.0MapBounded.png,0.2162472439276468,0.002061760562971852,724.4250000000002
dataset/0510035740_A_40_1_103/7.0MapBounded.png,0.24350016574967503,0.0020617605629723347,828.1000000000001
dataset/0510035740_A_40_1_103/8.0MapBounded.png,0.2424063550788902,0.002061760562972376,828.0875000000002
dataset/0510035740_A_40_1_103/9.0MapBounded.png,0.2824961997734965,0.0020617605629714153,852.3325000000002
dataset/0510035740_A_40_1_103/10.0MapBounded.png,0.2657308627288117,0.0020617605629716434,975.7175000000002
dataset/0510035740_A_40_1_103/11.0MapBounded.png,0.27225680697246485,0.0020617605629719184,1048.8600000000001
dataset/0510035740_A_40_1_103/12.0MapBounded.png,0.35358452918304584,0.0020617605629722475,1277.8425000000002
dataset/0510035740_A_40_1_103/13.0MapBounded.png,0.36891214488931034,0.0020617605629712856,1419.1150000000002
dataset/0510035740_A_40_1_103/14.0MapBounded.png,0.35917454305372637,0.002061760562971822,1466.9025000000004
dataset/0510035740_A_40_1_103/15.0MapBounded.png,0.3682341961305821,0.0020617605629719114,1507.8425000000002
dataset/0510035740_A_40_1_103/16.0MapBounded.png,0.5010686313252322,0.0020617605629719253,1556.6675000000002
dataset/0510035740_A_40_1_103/17.0MapBounded.png,0.3850553767135332,0.002061760562971912,1556.6525000000004
dataset/0510035740_A_40_1_103/18.0MapBounded.png,0.3446285585857484,0.0020617605629719045,1557.7875000000004
dataset/0510035740_A_40_1_103/19.0MapBounded.png,0.3446285585857484,0.0020617605629719045,1557.7875000000004
dataset/0510035740_A_40_1_103/20.0MapBounded.png,0.5419892571074737,0.0020617605629721265,1557.8200000000004
dataset/0510035740_A_40_1_103/21.0MapBounded.png,0.8370867915255134,0.0020617605629713086,1560.1650000000002
dataset/0510035741_A_40_1_104/0MapBounded.png,1.0482039383474584,0.0008375749401483661,15.460000000000003
dataset/0510035741_A_40_1_104/1.0MapBounded.png,0.6654319284160864,0.000837574940148372,235.73250000000004
dataset/0510035741_A_40_1_104/2.0MapBounded.png,0.6188604434861289,0.0008375749401488551,305.01500000000004
dataset/0510035741_A_40_1_104/3.0MapBounded.png,0.5153793583549925,0.000837574940148357,439.3825000000001
dataset/0510035741_A_40_1_104/4.0MapBounded.png,0.35368004467669384,0.0008375749401478167,767.4125000000001
dataset/0510035741_A_40_1_104/5.0MapBounded.png,0.19155069543652176,0.0008375749401483935,971.7725000000002
dataset/0510035741_A_40_1_104/6.0MapBounded.png,0.16754193997764083,0.0008375749401483476,1150.2025000000003
dataset/0510035741_A_40_1_104/7.0MapBounded.png,0.2181178830404896,0.0008375749401475436,1207.8525000000002
dataset/0510035741_A_40_1_104/8.0MapBounded.png,0.13690956983533775,0.0008375749401483787,1312.0500000000002
dataset/0510035741_A_40_1_104/9.0MapBounded.png,0.2976778225659461,0.0008375749401489466,1430.7400000000002
dataset/0510035741_A_40_1_104/10.0MapBounded.png,0.23699924626634356,0.0008375749401487075,1533.2200000000003
dataset/0510035741_A_40_1_104/11.0MapBounded.png,0.29661107537886006,0.0008375749401483932,1576.4700000000003
dataset/0510035741_A_40_1_104/12.0MapBounded.png,0.35236820694193166,0.0008375749401477047,1591.0750000000003
dataset/0510035741_A_40_1_104/13.0MapBounded.png,0.3291931043117889,0.0008375749401483527,1661.5600000000004
dataset/0510035741_A_40_1_104/14.0MapBounded.png,0.3864830445834383,0.0008375749401483623,1663.6900000000003
dataset/0510035741_A_40_1_104/15.0MapBounded.png,0.39184854161009525,0.0008375749401483571,1663.7000000000003
dataset/0510035741_A_40_1_104/16.0MapBounded.png,0.44775198085123086,0.0008375749401486045,1665.2425000000003
dataset/0510040941_A-40.1-805/0MapBounded.png,0.07407708608537937,0.0015257911250599883,50.00750000000001
dataset/0510040941_A-40.1-805/1.0MapBounded.png,0.013593175656988017,0.00152579112505979,108.15750000000003
dataset/0510040941_A-40.1-805/2.0MapBounded.png,0.02863405853650176,0.0015257911250599943,108.17750000000002
dataset/0510040941_A-40.1-805/3.0MapBounded.png,0.11252324380091534,0.0015257911250603526,308.9725000000001
dataset/0510040941_A-40.1-805/4.0MapBounded.png,0.055459258202370465,0.0015257911250599737,320.87750000000005
dataset/0510040941_A-40.1-805/5.0MapBounded.png,0.0278997922134802,0.0015257911250599694,382.8475000000001
dataset/0510040941_A-40.1-805/6.0MapBounded.png,0.060501912481247866,0.0015257911250600889,491.3925000000001
dataset/0510040941_A-40.1-805/7.0MapBounded.png,0.012161729622946352,0.0015257911250597255,497.8750000000001
dataset/0510040943_A-40.1-803/0MapBounded.png,1.8987285428820383e-05,0.046574231338371096,2.1850000000000005
dataset/0510040943_A-40.1-803/1.0MapBounded.png,1.6548065485874765e-06,0.04657423133837119,2.2975000000000003
dataset/0510040946_A-40.1-806/0MapBounded.png,0.2284570494690231,0.0041638922610565355,49.69750000000001
dataset/0510040946_A-40.1-806/1.0MapBounded.png,0.11881939530815788,0.004163892261056203,295.70750000000004
dataset/0510040946_A-40.1-806/2.0MapBounded.png,0.11227035954355077,0.0041638922610565225,442.8975000000001
dataset/0510040946_A-40.1-806/3.0MapBounded.png,0.06228457515644509,0.004163892261056572,463.8400000000001
dataset/0510040946_A-40.1-806/4.0MapBounded.png,0.04313541739314278,0.004163892261056554,463.86250000000007
dataset/0510040946_A-40.1-806/5.0MapBounded.png,0.1041811070589409,0.004163892261056487,463.8800000000001
dataset/0510040946_A-40.1-806/6.0MapBounded.png,0.05294716838071667,0.004163892261056345,506.4150000000001
dataset/0510045904_A_40_1_102/0MapBounded.png,2.0291434971132967,0.008126482878549928,107.46250000000002
dataset/0510045904_A_40_1_102/1.0MapBounded.png,2.010319155801521,0.008126482878549928,351.8525000000001
dataset/0510045904_A_40_1_102/2.0MapBounded.png,1.950313797873601,0.008126482878549949,598.7575000000002
dataset/0510045904_A_40_1_102/3.0MapBounded.png,1.8922280485687655,0.008126482878549926,665.2075000000001
dataset/0510045904_A_40_1_102/4.0MapBounded.png,1.8504979605639833,0.00812648287855018,981.5000000000002
dataset/0510045904_A_40_1_102/5.0MapBounded.png,1.6525106978138406,0.008126482878549994,1173.3500000000001
dataset/0510045904_A_40_1_102/6.0MapBounded.png,1.640402496048825,0.008126482878550084,1199.8500000000001
dataset/0510045904_A_40_1_102/7.0MapBounded.png,1.414391448573917,0.008126482878549883,1594.5175000000004
dataset/0510045904_A_40_1_102/8.0MapBounded.png,1.4844400247710912,0.008126482878550036,1707.4425000000003
dataset/0510045904_A_40_1_102/9.0MapBounded.png,1.2841331174266088,0.008126482878549831,1750.4650000000004
dataset/0510045904_A_40_1_102/10.0MapBounded.png,0.8556994709100323,0.008126482878550244,1901.9500000000003
dataset/0510045904_A_40_1_102/11.0MapBounded.png,0.9058385870885554,0.008126482878550107,1918.1575000000005
dataset/0510045904_A_40_1_102/12.0MapBounded.png,0.9137398067736913,0.00812648287854993,1919.9100000000003
dataset/0510045904_A_40_1_102/13.0MapBounded.png,1.0045404788856211,0.008126482878549815,1958.8475000000003
dataset/0510045904_A_40_1_102/14.0MapBounded.png,1.1816943114176843,0.008126482878549224,2136.9225000000006
dataset/0510045904_A_40_1_102/15.0MapBounded.png,1.2954867685528912,0.00812648287854996,2308.6050000000005
dataset/0510045904_A_40_1_102/16.0MapBounded.png,0.8749460366539987,0.008126482878549578,2452.9125000000004
dataset/0510045904_A_40_1_102/17.0MapBounded.png,0.8306345042908427,0.0081264828785498,2510.6200000000003
dataset/0510045904_A_40_1_102/18.0MapBounded.png,0.671271164185687,0.008126482878550006,2531.9375000000005
dataset/0510045904_A_40_1_102/19.0MapBounded.png,0.8462817605341297,0.008126482878550171,2591.3000000000006
dataset/0510045904_A_40_1_102/20.0MapBounded.png,0.8260338508378408,0.008126482878550254,2686.4000000000005
dataset/0510045904_A_40_1_102/21.0MapBounded.png,0.7973603757543034,0.008126482878549843,2815.1200000000003
dataset/0510045904_A_40_1_102/22.0MapBounded.png,0.941599593580474,0.00812648287854987,2824.4125000000004
dataset/0510045904_A_40_1_102/23.0MapBounded.png,0.858351447924999,0.00812648287854997,2835.4025000000006
dataset/0510045904_A_40_1_102/24.0MapBounded.png,0.8795565872958542,0.008126482878549774,3109.0550000000007
dataset/0510045904_A_40_1_102/25.0MapBounded.png,0.967986616617414,0.008126482878550272,3281.9575000000004
dataset/0510045904_A_40_1_102/26.0MapBounded.png,0.9980709688181475,0.008126482878549952,3366.702500000001
dataset/0510045904_A_40_1_102/27.0MapBounded.png,1.042783245579586,0.00812648287854986,3631.3600000000006
dataset/0510045904_A_40_1_102/28.0MapBounded.png,1.0192676739336277,0.00812648287854972,3771.6375000000007
dataset/0510045904_A_40_1_102/29.0MapBounded.png,1.1829210527678993,0.008126482878549847,3788.955000000001
dataset/0510045904_A_40_1_102/30.0MapBounded.png,0.9862818929970365,0.008126482878550665,3788.9100000000008
dataset/0510045904_A_40_1_102/31.0MapBounded.png,0.7932899045929298,0.008126482878549073,3815.710000000001
dataset/0510045904_A_40_1_102/32.0MapBounded.png,0.6550925968912036,0.008126482878549928,3824.5975000000008
dataset/0510045904_A_40_1_102/33.0MapBounded.png,0.7407965840476421,0.008126482878550082,3839.440000000001
dataset/0510045904_A_40_1_102/34.0MapBounded.png,0.7234611471924126,0.008126482878549864,3839.167500000001
dataset/0510045904_A_40_1_102/35.0MapBounded.png,0.7234611471924126,0.008126482878549864,3839.1300000000006
dataset/0510045904_A_40_1_102/36.0MapBounded.png,0.7236075440308621,0.00812648287854969,3839.0925000000007
dataset/0510045904_A_40_1_102/37.0MapBounded.png,0.732923210121958,0.008126482878549763,3853.915000000001
dataset/0510045904_A_40_1_102/38.0MapBounded.png,0.7415396371019963,0.00812648287854991,3877.7400000000007
dataset/0510045904_A_40_1_102/39.0MapBounded.png,0.677128923453894,0.008126482878549258,3883.227500000001
dataset/0510045904_A_40_1_102/40.0MapBounded.png,0.677128923453894,0.008126482878549258,3883.227500000001
dataset/0510045904_A_40_1_102/41.0MapBounded.png,0.6810339748552952,0.008126482878550088,3883.1700000000005
dataset/0510045904_A_40_1_102/42.0MapBounded.png,0.7192691563774011,0.008126482878550832,3886.7550000000006
dataset/0510045904_A_40_1_102/43.0MapBounded.png,0.8333361431974071,0.008126482878550294,3887.9875000000006
dataset/0510045904_A_40_1_102/44.0MapBounded.png,0.8623669465759365,0.008126482878549928,3888.6575000000007
dataset/0510045904_A_40_1_102/45.0MapBounded.png,0.9288466064045249,0.008126482878549935,3894.1600000000008
dataset/0510045904_A_40_1_102/46.0MapBounded.png,0.9265416523795987,0.008126482878549932,3894.3875000000007
dataset/0510045904_A_40_1_102/47.0MapBounded.png,0.5834381901626996,0.008126482878550327,3895.020000000001
dataset/0510045904_A_40_1_102/48.0MapBounded.png,0.4350960920568613,0.008126482878549793,3895.475000000001
dataset/0510045904_A_40_1_102/49.0MapBounded.png,0.30807714578281714,0.008126482878550355,3898.687500000001
dataset/0510045904_A_40_1_102/50.0MapBounded.png,0.5822231277938908,0.008126482878549899,3899.295000000001
dataset/0510045904_A_40_1_102/51.0MapBounded.png,0.571558316095455,0.008126482878550185,3899.4450000000006
dataset/0510045904_A_40_1_102/52.0MapBounded.png,0.6205585233751775,0.008126482878549947,3899.3850000000007
dataset/0510045904_A_40_1_102/53.0MapBounded.png,0.6417453214354006,0.008126482878549923,3899.5250000000005
dataset/0510045904_A_40_1_102/54.0MapBounded.png,0.4991489725271705,0.008126482878549814,3899.517500000001
dataset/0510045904_A_40_1_102/55.0MapBounded.png,0.560727647153141,0.008126482878549923,3899.395000000001
dataset/0510045904_A_40_1_102/56.0MapBounded.png,0.5777838324225001,0.008126482878549939,3899.767500000001
dataset/0510045904_A_40_1_102/57.0MapBounded.png,0.5528666500039303,0.008126482878550103,3899.827500000001
dataset/0510045904_A_40_1_102/58.0MapBounded.png,0.5270779637273744,0.008126482878549944,3899.8175000000006
dataset/0510045904_A_40_1_102/59.0MapBounded.png,0.495846897479075,0.008126482878549906,3899.792500000001
dataset/0510045904_A_40_1_102/60.0MapBounded.png,0.8046409093195224,0.008126482878550265,3903.170000000001
dataset/0510045904_A_40_1_102/61.0MapBounded.png,0.8760957539572455,0.00812648287855019,3903.330000000001
dataset/0510045904_A_40_1_102/62.0MapBounded.png,0.5548731039366123,0.008126482878549932,3903.732500000001
dataset/0510045904_A_40_1_102/63.0MapBounded.png,0.6375511371157631,0.008126482878549928,3903.6775000000007
dataset/0510045904_A_40_1_102/64.0MapBounded.png,0.4488578296553577,0.008126482878549623,3907.1800000000007
dataset/0510045904_A_40_1_102/65.0MapBounded.png,0.8425896254903503,0.008126482878550024,3911.7825000000007
dataset/0510045904_A_40_1_102/66.0MapBounded.png,0.9318837354022219,0.008126482878549907,3911.8175000000006
dataset/0510045904_A_40_1_102/67.0MapBounded.png,1.1029374820781677,0.008126482878550176,3912.082500000001
dataset/0510045904_A_40_1_102/68.0MapBounded.png,1.4188354913134318,0.008126482878549944,3914.022500000001
dataset/0510045904_A_40_1_102/69.0MapBounded.png,1.5839736973682894,0.00812648287855008,3915.542500000001
dataset/0510045904_A_40_1_102/70.0MapBounded.png,1.8352274433457254,0.008126482878549559,3915.2200000000007
dataset/0510045904_A_40_1_102/71.0MapBounded.png,1.919719600130773,0.008126482878549928,3915.3825000000006
dataset/0510045904_A_40_1_102/72.0MapBounded.png,2.00030752008047,0.008126482878549923,3915.4925000000007
dataset/0510045904_A_40_1_102/73.0MapBounded.png,2.0864558835247564,0.008126482878549937,3916.4900000000007
dataset/0510045904_A_40_1_102/74.0MapBounded.png,2.155195770126974,0.00812648287854904,3916.4925000000007
dataset/0510045904_A_40_1_102/75.0MapBounded.png,2.2186345899604136,0.008126482878549923,3916.4925000000007
dataset/0510045904_A_40_1_102/76.0MapBounded.png,2.1355864628593477,0.008126482878549971,3916.7000000000007
dataset/0510045904_A_40_1_102/77.0MapBounded.png,2.308746501361762,0.008126482878549945,3923.1975000000007
dataset/0510045922_A-40.1-030/0MapBounded.png,7.4713589079884954,0.02033943975330283,36.80250000000001
dataset/0510045922_A-40.1-030/1.0MapBounded.png,7.004368344017351,0.020339439753302754,124.43000000000002
dataset/0510045922_A-40.1-030/2.0MapBounded.png,7.3735292006867255,0.020339439753302047,582.7900000000001
dataset/0510045922_A-40.1-030/3.0MapBounded.png,7.854836779540909,0.020339439753303108,762.6875000000001
dataset/0510045922_A-40.1-030/4.0MapBounded.png,6.562890782672646,0.02033943975330296,922.7775000000001
dataset/0510045922_A-40.1-030/5.0MapBounded.png,7.684565652352236,0.02033943975330285,1080.1975000000002
dataset/0510045922_A-40.1-030/6.0MapBounded.png,9.905721612280043,0.020339439753302893,1287.6725000000004
dataset/0510045922_A-40.1-030/7.0MapBounded.png,9.55788359540888,0.020339439753302737,1454.8450000000003
dataset/0510045922_A-40.1-030/8.0MapBounded.png,8.520280656725639,0.020339439753303438,1551.8400000000004
dataset/0510045922_A-40.1-030/9.0MapBounded.png,8.231857990249969,0.020339439753303035,1597.2750000000003
dataset/0510045922_A-40.1-030/10.0MapBounded.png,7.415737850701687,0.02033943975330298,1677.1175000000003
dataset/0510045922_A-40.1-030/11.0MapBounded.png,8.214710269474102,0.02033943975330275,1715.4175000000002
dataset/0510045922_A-40.1-030/12.0MapBounded.png,10.057175639247019,0.020339439753302727,1752.1750000000004
dataset/0510045922_A-40.1-030/13.0MapBounded.png,6.44444520030798,0.020339439753302824,1752.4850000000004
dataset/0510045922_A-40.1-030/14.0MapBounded.png,6.516409674397922,0.02033943975330303,1752.8750000000002
dataset/0510045922_A-40.1-030/15.0MapBounded.png,6.215092185082519,0.020339439753302734,1752.9125000000004
dataset/0510045922_A-40.1-030/16.0MapBounded.png,6.171978408307075,0.020339439753302727,1752.9350000000004
dataset/0510045922_A-40.1-030/17.0MapBounded.png,5.708995056946188,0.020339439753303202,1752.9400000000003
dataset/0510045922_A-40.1-030/18.0MapBounded.png,5.409007411388881,0.020339439753302817,1752.9525000000003
dataset/0510045922_A-40.1-030/19.0MapBounded.png,5.111086604338921,0.020339439753302678,1752.9250000000004
dataset/0510045922_A-40.1-030/20.0MapBounded.png,4.79661230743976,0.020339439753302962,1753.8025000000002
dataset/0510045922_A-40.1-030/21.0MapBounded.png,4.539893146253811,0.02033943975330275,1753.7950000000003
dataset/0510045922_A-40.1-030/22.0MapBounded.png,4.205842173517722,0.020339439753302845,1753.7875000000004
dataset/0510045922_A-40.1-030/23.0MapBounded.png,3.974734476393575,0.020339439753303056,1753.7450000000003
dataset/0510045922_A-40.1-030/24.0MapBounded.png,3.6213657537531843,0.020339439753302883,1753.6500000000003
dataset/0510045922_A-40.1-030/25.0MapBounded.png,3.3682681763538995,0.020339439753302817,1753.6300000000003
dataset/0510045922_A-40.1-030/26.0MapBounded.png,3.0833368228205944,0.020339439753302636,1753.6100000000004
dataset/0510045922_A-40.1-030/27.0MapBounded.png,2.7448475358109463,0.02033943975330274,1753.5975000000003
dataset/0510045922_A-40.1-030/28.0MapBounded.png,2.5119208096417305,0.020339439753302654,1753.6125000000004
dataset/0510045922_A-40.1-030/29.0MapBounded.png,2.130653372482195,0.020339439753303264,1753.5975000000003
dataset/0510045922_A-40.1-030/30.0MapBounded.png,1.914209469502229,0.020339439753302935,1753.5975000000003
dataset/0510045922_A-40.1-030/31.0MapBounded.png,1.5940132933883746,0.020339439753302754,1753.5975000000003
dataset/0510045922_A-40.1-030/32.0MapBounded.png,1.2858847859115419,0.020339439753303053,1753.6025000000004
dataset/0510045922_A-40.1-030/33.0MapBounded.png,1.1399904920302781,0.02033943975330263,1753.5800000000004
dataset/0510045922_A-40.1-030/34.0MapBounded.png,1.2096989542238676,0.02033943975330306,1753.5600000000004
dataset/0510045922_A-40.1-030/35.0MapBounded.png,0.7950578663212584,0.020339439753302657,1753.5575000000003
dataset/0510045922_A-40.1-030/36.0MapBounded.png,0.5953815712622155,0.02033943975330321,1753.5700000000004
dataset/0510045922_A-40.1-030/37.0MapBounded.png,0.4153040104251506,0.020339439753302747,1753.5725000000004
dataset/0510045922_A-40.1-030/38.0MapBounded.png,0.35209263732816276,0.020339439753302956,1753.5875000000003
dataset/0510045922_A-40.1-030/39.0MapBounded.png,0.39879308153829873,0.020339439753302827,1753.6075000000003
dataset/0510045922_A-40.1-030/40.0MapBounded.png,0.8249053339323352,0.02033943975330304,1753.6150000000002
dataset/0510045922_A-40.1-030/41.0MapBounded.png,0.8062085858535072,0.020339439753302727,1753.6250000000002
dataset/0510045922_A-40.1-030/42.0MapBounded.png,1.215946138223592,0.020339439753302817,1753.6200000000003
dataset/0510045922_A-40.1-030/43.0MapBounded.png,1.4425292265900151,0.02033943975330314,1753.6275000000003
dataset/0510045922_A-40.1-030/44.0MapBounded.png,1.4501987003017807,0.020339439753303216,1753.6300000000003
dataset/0510045922_A-40.1-030/45.0MapBounded.png,1.5915592844259132,0.02033943975330311,1753.6500000000003
dataset/0510045922_A-40.1-030/46.0MapBounded.png,1.8556364167667332,0.02033943975330274,1753.6325000000004
dataset/0510045922_A-40.1-030/47.0MapBounded.png,1.881332437385028,0.020339439753302865,1753.6325000000004
dataset/0510045922_A-40.1-030/48.0MapBounded.png,2.2003672215641292,0.020339439753302782,1753.6425000000004
dataset/0510045922_A-40.1-030/49.0MapBounded.png,2.2036094219028266,0.020339439753302817,1753.6050000000002
dataset/0510045922_A-40.1-030/50.0MapBounded.png,2.485172083158663,0.02033943975330287,1753.6025000000004
dataset/0510045922_A-40.1-030/51.0MapBounded.png,2.752388549918717,0.020339439753302574,1753.6575000000003
dataset/0510045922_A-40.1-030/52.0MapBounded.png,2.79088126718305,0.020339439753303,1753.6650000000004
dataset/0510045922_A-40.1-030/53.0MapBounded.png,3.102476749178385,0.020339439753302976,1753.5500000000004
dataset/0510045922_A-40.1-030/54.0MapBounded.png,3.1217849946499423,0.020339439753303438,1753.6150000000002
dataset/0510045922_A-40.1-030/55.0MapBounded.png,3.433195990077541,0.020339439753302747,1753.6175000000003
dataset/0510045922_A-40.1-030/56.0MapBounded.png,3.55112918584276,0.0203394397533028,1753.6075000000003
dataset/0510045922_A-40.1-030/57.0MapBounded.png,3.755557663469171,0.020339439753302595,1753.6075000000003
dataset/0510045922_A-40.1-030/58.0MapBounded.png,3.9521029695115004,0.020339439753303133,1753.6025000000004
dataset/0510045922_A-40.1-030/59.0MapBounded.png,4.139732412936769,0.020339439753302557,1753.5950000000003
dataset/0510045922_A-40.1-030/60.0MapBounded.png,4.231285668868818,0.0203394397533034,1753.6050000000002
dataset/0510045922_A-40.1-030/61.0MapBounded.png,4.572220946512146,0.02033943975330292,1753.6125000000004
dataset/0510045922_A-40.1-030/62.0MapBounded.png,4.640396598246301,0.020339439753302584,1753.6150000000002
dataset/0510045922_A-40.1-030/63.0MapBounded.png,4.7635679162513,0.020339439753303226,1753.6200000000003
dataset/0510045922_A-40.1-030/64.0MapBounded.png,5.078528516446128,0.02033943975330326,1753.6375000000003
dataset/0510045922_A-40.1-030/65.0MapBounded.png,5.342745732794502,0.020339439753303046,1753.6575000000003
dataset/0510045922_A-40.1-030/66.0MapBounded.png,5.375273569483067,0.020339439753303185,1753.6825000000003
dataset/0510045922_A-40.1-030/67.0MapBounded.png,5.74594104765081,0.020339439753303035,1753.6800000000003
dataset/0510045922_A-40.1-030/68.0MapBounded.png,5.751041242876603,0.02033943975330248,1753.7600000000004
dataset/0510045922_A-40.1-030/69.0MapBounded.png,5.952197941982632,0.020339439753302806,1753.6850000000004
dataset/0510045922_A-40.1-030/70.0MapBounded.png,6.1420151496281985,0.02033943975330267,1753.6900000000003
dataset/0510045922_A-40.1-030/71.0MapBounded.png,6.206947720435793,0.020339439753303372,1753.6825000000003
dataset/0510045922_A-40.1-030/72.0MapBounded.png,6.544840044111893,0.020339439753302883,1753.6875000000002
dataset/0510045922_A-40.1-030/73.0MapBounded.png,6.524517871398949,0.02033943975330274,1753.6875000000002
dataset/0510045922_A-40.1-030/74.0MapBounded.png,6.809147427208475,0.02033943975330289,1753.6850000000004
dataset/0510045922_A-40.1-030/75.0MapBounded.png,6.9868962221781095,0.020339439753302616,1753.6875000000002
dataset/0510045922_A-40.1-030/76.0MapBounded.png,7.128318891949501,0.020339439753302435,1753.6975000000004
dataset/0510045922_A-40.1-030/77.0MapBounded.png,7.199343408188223,0.02033943975330297,1753.6975000000004
dataset/0510045922_A-40.1-030/78.0MapBounded.png,7.573662118367644,0.020339439753302727,1753.7025000000003
dataset/0510045922_A-40.1-030/79.0MapBounded.png,7.541071617414233,0.020339439753303035,1753.7050000000004
dataset/0510045922_A-40.1-030/80.0MapBounded.png,7.850218360756009,0.020339439753302962,1753.7100000000003
dataset/0510045922_A-40.1-030/81.0MapBounded.png,7.9186762866040485,0.020339439753302786,1753.7225000000003
dataset/0510045925_40.1-010/0MapBounded.png,0.27510816646265335,0.0015338909796298846,19.992500000000003
dataset/0510045925_40.1-010/1.0MapBounded.png,0.34190700189797973,0.0015338909796302307,80.26750000000001
dataset/0510045925_40.1-010/2.0MapBounded.png,0.3219998124210273,0.0015338909796299436,163.77500000000003
dataset/0510045925_40.1-010/3.0MapBounded.png,0.1211801851662153,0.001533890979629625,205.30000000000004
dataset/0510045925_40.1-010/4.0MapBounded.png,0.11955291380748097,0.0015338909796298412,224.10000000000005
dataset/0510045925_40.1-010/5.0MapBounded.png,0.14474734531741992,0.0015338909796299882,224.70250000000004
dataset/0510045925_40.1-010/6.0MapBounded.png,0.07687001630703405,0.0015338909796301003,226.05750000000003
dataset/0510045925_40.1-010/7.0MapBounded.png,0.07687001630703405,0.0015338909796301003,226.05750000000003
dataset/0510045925_40.1-010/8.0MapBounded.png,0.31248214588743306,0.0015338909796298323,226.36250000000004
dataset/0510045925_40.1-010/9.0MapBounded.png,0.2640159682243754,0.0015338909796297443,255.78500000000005
dataset/0510045926_A-40.1-020/0MapBounded.png,0.03886741039029907,0.0069391044390575965,44.28750000000001
dataset/0510045926_A-40.1-020/1.0MapBounded.png,0.06835761442483303,0.006939104439056747,190.53000000000003
dataset/0510045926_A-40.1-020/2.0MapBounded.png,0.037192621957711725,0.006939104439057115,329.1050000000001
dataset/0510045926_A-40.1-020/3.0MapBounded.png,0.05721454105685111,0.00693910443905752,363.61000000000007
dataset/0510045926_A-40.1-020/4.0MapBounded.png,0.0199821399701438,0.0069391044390576815,364.0350000000001
dataset/1-0/0MapBounded.png,0.3126065983361853,0.001144780503809886,73.64250000000001
dataset/1-0/1.0MapBounded.png,0.2817811885553878,0.0011447805038099729,415.61250000000007
dataset/1-0/2.0MapBounded.png,0.21726516893293543,0.001144780503809839,672.1675000000001
dataset/1-0/3.0MapBounded.png,0.228443724038493,0.001144780503809324,958.1675000000001
dataset/1-0/4.0MapBounded.png,0.12643833863645978,0.0011447805038099501,964.6075000000002
dataset/1-0/5.0MapBounded.png,0.2259889166769065,0.0011447805038095735,1043.9950000000001
dataset/1-0/6.0MapBounded.png,0.17785891886992414,0.0011447805038093501,1045.2850000000003
dataset/1-0/7.0MapBounded.png,0.3210329249656916,0.0011447805038100087,1107.2825000000003
dataset/1-0/8.0MapBounded.png,0.39330546230986807,0.0011447805038101644,1172.8425000000002
dataset/1-0/9.0MapBounded.png,0.46428918023934573,0.0011447805038099306,1332.3100000000002
dataset/1-0/10.0MapBounded.png,0.35658125742501345,0.0011447805038097903,1616.4350000000004
dataset/1-0/11.0MapBounded.png,0.37302741399517975,0.0011447805038105963,1637.2100000000003
dataset/1-0/12.0MapBounded.png,0.37592022762301264,0.0011447805038107617,1797.6225000000004
dataset/1-0/13.0MapBounded.png,0.22920197286166827,0.0011447805038098224,2008.2150000000004
dataset/1-0/14.0MapBounded.png,0.11771822643517174,0.0011447805038098183,2028.9450000000004
dataset/1-0/15.0MapBounded.png,0.6325600472016011,0.0011447805038101533,2057.2050000000004
dataset/1-0/16.0MapBounded.png,0.6278410236717027,0.0011447805038098705,2083.5775000000003
dataset/1-0/17.0MapBounded.png,0.5291461645157282,0.0011447805038095815,2120.0700000000006
dataset/1-0/18.0MapBounded.png,0.4097678486096929,0.001144780503810098,2145.0350000000003
dataset/1-0/19.0MapBounded.png,0.22026864280963113,0.0011447805038100286,2170.4275000000002
dataset/1-0/20.0MapBounded.png,0.1398705451711761,0.0011447805038098634,2177.5175000000004
dataset/1-0/21.0MapBounded.png,0.1398705451711761,0.0011447805038098634,2177.4850000000006
dataset/1-0/22.0MapBounded.png,0.19467242495563672,0.001144780503809962,2177.4850000000006
dataset/1-0/23.0MapBounded.png,0.18649706917732772,0.0011447805038100596,2177.4725000000003
dataset/1-1/0MapBounded.png,0.04779455821502971,0.016756858898314353,74.38750000000002
dataset/1-1/1.0MapBounded.png,0.021212014069370344,0.016756858898314617,154.03750000000002
dataset/1-1/2.0MapBounded.png,0.004670254703498413,0.016756858898314513,154.02750000000003
dataset/1-2/0MapBounded.png,0.8873948417803968,0.01423888855465662,52.29000000000001
dataset/1-2/1.0MapBounded.png,0.567562803190514,0.014238888554656598,241.61500000000004
dataset/1-2/2.0MapBounded.png,0.5019354262975974,0.014238888554656636,325.99250000000006
dataset/1-2/3.0MapBounded.png,0.6130970141038204,0.014238888554656246,399.24750000000006
dataset/1-2/4.0MapBounded.png,0.7352337705891279,0.014238888554656342,530.0900000000001
dataset/1-2/5.0MapBounded.png,0.6973291274938576,0.014238888554657873,722.3325000000001
dataset/1-2/6.0MapBounded.png,0.478334751832201,0.014238888554656678,801.2000000000002
dataset/1-2/7.0MapBounded.png,0.23859008539647994,0.014238888554656534,828.4125000000001
dataset/1-2/8.0MapBounded.png,0.31175657558381137,0.014238888554656364,909.1550000000002
dataset/1-2/9.0MapBounded.png,0.37184750107977144,0.01423888855465648,1046.9750000000001
dataset/1-2/10.0MapBounded.png,0.2958548892352099,0.014238888554657068,1183.2600000000002
dataset/1-2/11.0MapBounded.png,0.27971535339521836,0.014238888554656565,1313.1175000000003
dataset/1-2/12.0MapBounded.png,0.2830075598683878,0.014238888554657672,1424.1600000000003
dataset/1-2/13.0MapBounded.png,0.3483143059383099,0.014238888554656827,1624.3500000000004
dataset/1-2/14.0MapBounded.png,0.3975389323831117,0.014238888554656628,1726.3000000000004
dataset/1-2/15.0MapBounded.png,0.4880472172030188,0.01423888855465687,1827.9700000000003
dataset/1-2/16.0MapBounded.png,0.31633312823051224,0.01423888855465661,1874.3125000000005
dataset/1-2/17.0MapBounded.png,0.21459450117767254,0.014238888554656659,1895.5200000000004
dataset/1-2/18.0MapBounded.png,0.44848093831691793,0.01423888855465668,1947.9925000000003
dataset/1-2/19.0MapBounded.png,0.9972707103898344,0.014238888554656598,1969.8175000000003
dataset/1-2/20.0MapBounded.png,0.9321769787240712,0.014238888554656678,1972.9400000000003
dataset/1-2/21.0MapBounded.png,0.48133722996344286,0.014238888554656472,1975.3900000000003
dataset/1-2/22.0MapBounded.png,0.23000039782744733,0.014238888554656498,2007.3775000000003
dataset/1-2/23.0MapBounded.png,0.37887112684364893,0.014238888554656808,2008.8450000000005
dataset/1-2/24.0MapBounded.png,0.37460629301043513,0.014238888554656623,2008.8450000000005
dataset/1-2/25.0MapBounded.png,0.6317444277058882,0.01423888855465643,2008.5500000000004
dataset/1-2/26.0MapBounded.png,0.6935473508845362,0.014238888554656381,2008.9100000000003
dataset/10-0/0MapBounded.png,0.6293337986601888,0.007915815484120946,42.400000000000006
dataset/10-0/1.0MapBounded.png,0.5200042180729493,0.007915815484120906,382.07000000000005
dataset/10-0/2.0MapBounded.png,0.4349003318441399,0.007915815484120941,521.5025
dataset/10-0/3.0MapBounded.png,0.43128970124751603,0.007915815484120698,593.5800000000002
dataset/10-0/4.0MapBounded.png,0.36458403129493566,0.007915815484120453,667.0850000000002
dataset/10-0/5.0MapBounded.png,0.4658427206969047,0.007915815484121187,822.7625000000002
dataset/10-0/6.0MapBounded.png,0.13337852893079585,0.007915815484120906,1228.4650000000001
dataset/10-0/7.0MapBounded.png,0.059805287260113506,0.007915815484121456,1422.6075000000003
dataset/10-0/8.0MapBounded.png,0.18063113298689693,0.007915815484121081,1517.7525000000003
dataset/10-0/9.0MapBounded.png,0.26394092281507975,0.007915815484120953,1556.6325000000004
dataset/10-0/10.0MapBounded.png,0.31222141713075524,0.007915815484120913,1578.6150000000002
dataset/10-0/11.0MapBounded.png,0.26565078661561564,0.007915815484122091,1599.3000000000004
dataset/10-0/12.0MapBounded.png,0.16712603428099712,0.00791581548412118,1604.2375000000004
dataset/10-0/13.0MapBounded.png,0.33553854868518157,0.007915815484121076,1606.3750000000002
dataset/10-0/14.0MapBounded.png,0.4006667058466672,0.00791581548412153,1605.9925000000003
dataset/10-0/15.0MapBounded.png,0.35164797322643254,0.00791581548412015,1606.0000000000002
dataset/10-0/16.0MapBounded.png,0.13069341697612977,0.007915815484120948,1608.0275000000004
dataset/10-0/17.0MapBounded.png,0.3207813272835884,0.00791581548412068,1610.0350000000003
dataset/10-2/0MapBounded.png,0.8444847487714106,0.0007187864926923686,18.450000000000003
dataset/10-2/1.0MapBounded.png,0.715705592983685,0.0007187864926922525,91.55250000000002
dataset/10-2/2.0MapBounded.png,0.7670890187694329,0.0007187864926916748,480.11250000000007
dataset/10-2/3.0MapBounded.png,0.6741124609133724,0.000718786492692276,600.8925000000002
dataset/10-2/4.0MapBounded.png,0.6003046001928831,0.0007187864926916886,646.0850000000002
dataset/10-2/5.0MapBounded.png,0.4929407065641354,0.0007187864926922787,673.8975000000002
dataset/10-2/6.0MapBounded.png,0.37793698829016964,0.0007187864926923689,699.7325000000002
dataset/10-2/7.0MapBounded.png,0.22748365969019327,0.0007187864926924129,754.1875000000001
dataset/10-2/8.0MapBounded.png,0.18602188798787317,0.0007187864926922625,771.3900000000001
dataset/10-2/9.0MapBounded.png,0.17738713174669016,0.000718786492692286,771.4700000000001
dataset/10-2/10.0MapBounded.png,0.30105012458651603,0.0007187864926923733,771.5175000000002
dataset/10-2/11.0MapBounded.png,0.5284889036828033,0.0007187864926924544,771.4625000000002
dataset/10-2/12.0MapBounded.png,0.46132353050806196,0.0007187864926924035,772.7300000000001
dataset/10-2/13.0MapBounded.png,0.46132353050806196,0.0007187864926924035,772.7400000000001
dataset/10-2/14.0MapBounded.png,0.5333985145099542,0.0007187864926923586,772.7425000000002
dataset/10-2/15.0MapBounded.png,0.5622528966220218,0.0007187864926921385,772.6925000000001
dataset/11-4/0MapBounded.png,0.3109888162457178,0.019089635208261922,6.295000000000001
dataset/11-4/1.0MapBounded.png,0.45442393756095856,0.019089635208261922,72.65250000000002
dataset/11-4/2.0MapBounded.png,0.17330311422914008,0.01908963520826202,107.39000000000001
dataset/11-4/3.0MapBounded.png,0.04705473292950978,0.019089635208261988,125.99250000000002
dataset/11-4/4.0MapBounded.png,0.04028733532106448,0.01908963520826194,125.96000000000002
dataset/11-4/5.0MapBounded.png,0.044571674054438105,0.019089635208261835,125.96000000000002
dataset/11-4/6.0MapBounded.png,0.23577136345872327,0.019089635208261974,134.30250000000004
dataset/11-4/7.0MapBounded.png,0.2507939782504417,0.019089635208261915,137.74750000000003
dataset/11-4/8.0MapBounded.png,0.2746024980038315,0.01908963520826202,137.70750000000004
dataset/12-1/0MapBounded.png,1.2890368465229076,0.10381985454209562,38.71500000000001
dataset/12-1/1.0MapBounded.png,2.7833051263887216,0.10381985454209577,385.4125000000001
dataset/12-1/2.0MapBounded.png,2.524282248094714,0.10381985454209558,561.9425000000001
dataset/12-1/3.0MapBounded.png,3.437174607553999,0.10381985454209554,749.5475000000001
dataset/12-1/4.0MapBounded.png,2.973504243916197,0.10381985454209565,927.3550000000001
dataset/12-1/5.0MapBounded.png,2.393368496112475,0.10381985454209575,1108.3375000000003
dataset/12-1/6.0MapBounded.png,2.8019172695177033,0.10381985454209434,1122.7150000000001
dataset/12-1/7.0MapBounded.png,1.6965451684797077,0.10381985454209633,1182.6400000000003
dataset/12-1/8.0MapBounded.png,1.4392662452520286,0.10381985454209537,1199.9225000000001
dataset/12-1/9.0MapBounded.png,1.3807703843617014,0.10381985454209584,1199.5475000000001
dataset/12-1/10.0MapBounded.png,2.2410784989339843,0.10381985454209565,1303.3850000000002
dataset/12-1/11.0MapBounded.png,2.656984760482014,0.10381985454209561,1369.4325000000003
dataset/12-1/12.0MapBounded.png,0.2388090117966094,0.10381985454209562,1501.7425000000003
dataset/12-1/13.0MapBounded.png,0.5935246857608784,0.10381985454209527,1601.5150000000003
dataset/12-1/14.0MapBounded.png,0.4818289828300461,0.10381985454209572,1601.8050000000003
dataset/12-1/15.0MapBounded.png,0.50297935341422,0.10381985454209547,1605.2850000000003
dataset/12-1/16.0MapBounded.png,2.164976763758449,0.10381985454209564,1606.8125000000002
dataset/12-1/17.0MapBounded.png,0.27365182127401527,0.10381985454209584,1615.2425000000003
dataset/12-1/18.0MapBounded.png,0.6834103608732455,0.10381985454209565,1648.6900000000003
dataset/12-1/19.0MapBounded.png,1.2667968454687666,0.10381985454209545,1656.0375000000004
dataset/12-1/20.0MapBounded.png,1.6642967238078754,0.10381985454209562,1667.4250000000004
dataset/12-1/21.0MapBounded.png,1.6457050468883958,0.10381985454209555,1669.5950000000003
dataset/12-1/22.0MapBounded.png,1.135065348714349,0.10381985454209536,1676.7600000000002
dataset/12-1/23.0MapBounded.png,0.3803665089064858,0.10381985454209566,1676.8950000000004
dataset/12-1/24.0MapBounded.png,0.2711522534900183,0.10381985454209584,1676.8700000000003
dataset/12-1/25.0MapBounded.png,1.0847457840878107,0.10381985454209484,1676.8275000000003
dataset/12-1/26.0MapBounded.png,1.9624286447425,0.10381985454209543,1681.6550000000004
dataset/12-1/27.0MapBounded.png,1.0813269441721551,0.10381985454209543,1682.9725000000003
dataset/12-1/28.0MapBounded.png,1.1923361718835714,0.10381985454209564,1685.2725000000003
dataset/12-1/29.0MapBounded.png,0.5414697423330447,0.10381985454209576,1685.3050000000003
dataset/12-1/30.0MapBounded.png,0.7013011602377927,0.103819854542096,1685.4075000000003
dataset/12-1/31.0MapBounded.png,0.5788632325997136,0.10381985454209564,1685.3875000000003
dataset/12-1/32.0MapBounded.png,0.754367794850821,0.10381985454209597,1685.2825000000003
dataset/12-1/33.0MapBounded.png,0.7814436941076924,0.10381985454209496,1685.5100000000002
dataset/12-1/34.0MapBounded.png,1.1076450912246067,0.10381985454209616,1685.5075000000004
dataset/12-1/35.0MapBounded.png,1.3012125112022341,0.10381985454209532,1686.7625000000003
dataset/12-1/36.0MapBounded.png,0.7277107444652233,0.10381985454209612,1686.7625000000003
dataset/12-1/37.0MapBounded.png,1.3203127696712007,0.10381985454209583,1694.5275000000004
dataset/12-1/38.0MapBounded.png,2.0708965738151135,0.1038198545420955,1695.3575000000003
dataset/12-1/39.0MapBounded.png,2.266538035206472,0.10381985454209564,1703.6825000000003
dataset/12-1/40.0MapBounded.png,3.03988700596952,0.10381985454209593,1708.3250000000003
dataset/12-1/41.0MapBounded.png,3.0403826902664566,0.10381985454209558,1708.6000000000004
dataset/12-1/42.0MapBounded.png,3.4105405194029856,0.10381985454209568,1729.9100000000003
dataset/12-1/43.0MapBounded.png,3.5915250370290197,0.10381985454209573,1730.6725000000004
dataset/12-1/44.0MapBounded.png,4.901134820956456,0.10381985454209566,1745.7325000000003
dataset/12-1/45.0MapBounded.png,4.03372354247858,0.10381985454209504,1749.1650000000004
dataset/12-1/46.0MapBounded.png,3.14723559371606,0.10381985454209504,1750.3775000000003
dataset/12-1/47.0MapBounded.png,2.8530151722268435,0.10381985454209579,1750.3700000000003
dataset/12-1/48.0MapBounded.png,2.559868200015977,0.10381985454209564,1750.4300000000003
dataset/12-1/49.0MapBounded.png,2.4228725776253284,0.10381985454209536,1754.7050000000004
dataset/12-1/50.0MapBounded.png,1.8011141292043935,0.10381985454209552,1754.8475000000003
dataset/12-1/51.0MapBounded.png,1.9070503448536373,0.10381985454209633,1755.1700000000003
dataset/12-1/52.0MapBounded.png,1.9318626009718045,0.10381985454209594,1755.5650000000003
dataset/12-1/53.0MapBounded.png,1.243878453518993,0.10381985454209558,1755.5975000000003
dataset/12-1/54.0MapBounded.png,0.3032486552136026,0.1038198545420944,1755.6650000000004
dataset/12-1/55.0MapBounded.png,0.6380349244884531,0.1038198545420964,1755.7275000000004
dataset/12-1/56.0MapBounded.png,0.35277804613087155,0.10381985454209591,1755.7350000000004
dataset/12-1/57.0MapBounded.png,0.402773666917277,0.1038198545420957,1755.7225000000003
dataset/12-1/58.0MapBounded.png,0.98903501432081,0.10381985454209595,1755.7275000000004
dataset/12-1/59.0MapBounded.png,1.6706917547851774,0.10381985454209539,1755.9050000000004
dataset/12-1/60.0MapBounded.png,1.55368073432372,0.1038198545420953,1755.9450000000004
dataset/12-1/61.0MapBounded.png,1.5263426452990425,0.10381985454209627,1755.9875000000004
dataset/12-1/62.0MapBounded.png,2.0550759127491176,0.1038198545420964,1755.9975000000004
dataset/12-1/63.0MapBounded.png,2.042043596683191,0.10381985454209575,1756.0550000000003
dataset/12-1/64.0MapBounded.png,2.119969693898343,0.10381985454209633,1756.1675000000002
dataset/12-1/65.0MapBounded.png,2.204571343625408,0.10381985454209491,1756.2275000000004
dataset/12-1/66.0MapBounded.png,2.9006374463813445,0.1038198545420963,1756.2600000000004
dataset/12-1/67.0MapBounded.png,3.3045320109561707,0.10381985454209539,1756.2825000000003
dataset/12-1/68.0MapBounded.png,2.6973914506436527,0.10381985454209564,1756.3750000000005
dataset/12-1/69.0MapBounded.png,2.9666539113445816,0.10381985454209547,1756.3900000000003
dataset/12-1/70.0MapBounded.png,3.539097420976459,0.10381985454209572,1756.8700000000003
dataset/12-1/71.0MapBounded.png,3.8834612253388654,0.1038198545420961,1761.9700000000003
dataset/12-1/72.0MapBounded.png,3.758608610588575,0.10381985454209536,1761.9650000000004
dataset/12-1/73.0MapBounded.png,4.351381110044086,0.10381985454209629,1762.2050000000004
dataset/12-1/74.0MapBounded.png,4.079111365516124,0.1038198545420959,1762.1975000000004
dataset/12-1/75.0MapBounded.png,4.474425661836864,0.1038198545420957,1762.2925000000002
dataset/12-1/76.0MapBounded.png,4.434223631952355,0.10381985454209569,1762.3025000000002
dataset/12-1/77.0MapBounded.png,4.29914210829327,0.10381985454209647,1762.3200000000004
dataset/12-1/78.0MapBounded.png,4.497297139879971,0.10381985454209613,1769.1725000000004
dataset/12-1/79.0MapBounded.png,4.006123349221638,0.10381985454209587,1769.1600000000003
dataset/12-1/80.0MapBounded.png,4.402895092207816,0.10381985454209627,1769.1450000000004
dataset/12-1/81.0MapBounded.png,4.9285253478444035,0.10381985454209597,1769.1650000000004
dataset/13-1/0MapBounded.png,0.14070326281826318,0.009936817349412692,10.525000000000002
dataset/13-1/1.0MapBounded.png,0.15700851674233818,0.009936817349412609,130.18500000000003
dataset/13-1/2.0MapBounded.png,0.055344885387877865,0.009936817349412715,137.54000000000002
dataset/13-1/3.0MapBounded.png,0.12326363857457992,0.009936817349412782,176.30750000000003
dataset/13-1/4.0MapBounded.png,0.07064495297946002,0.009936817349412715,299.44750000000005
dataset/13-1/5.0MapBounded.png,0.06840479294501178,0.009936817349413122,343.4025000000001
dataset/13-1/6.0MapBounded.png,0.07268417539400873,0.009936817349413691,343.8425000000001
dataset/13-2/0MapBounded.png,0.49220997021171375,0.0005559510290563641,35.392500000000005
dataset/13-2/1.0MapBounded.png,0.6298979282936346,0.0005559510290563083,338.7875000000001
dataset/13-2/2.0MapBounded.png,0.3973714967931024,0.000555951029056361,537.1675000000001
dataset/13-2/3.0MapBounded.png,0.30839127114427317,0.0005559510290566676,701.3825000000002
dataset/13-2/4.0MapBounded.png,0.45413105407914556,0.0005559510290562192,744.5575000000001
dataset/13-2/5.0MapBounded.png,0.47141669344481796,0.0005559510290562552,762.1050000000001
dataset/13-2/6.0MapBounded.png,0.39248213173363694,0.0005559510290564019,870.3050000000002
dataset/13-2/7.0MapBounded.png,0.3099443940684991,0.0005559510290560598,1153.2150000000001
dataset/13-2/8.0MapBounded.png,0.1666150553382246,0.000555951029055969,1243.0550000000003
dataset/13-2/9.0MapBounded.png,0.21953923799117403,0.0005559510290563582,1369.8375000000003
dataset/13-2/10.0MapBounded.png,0.058538609873569424,0.0005559510290562462,1518.4800000000002
dataset/13-2/11.0MapBounded.png,0.08908314208636135,0.0005559510290561118,1520.1275000000003
dataset/13-2/12.0MapBounded.png,0.20697028542616275,0.000555951029056887,1598.6275000000003
dataset/13-2/13.0MapBounded.png,0.2873928395798678,0.0005559510290563791,1761.1700000000003
dataset/13-2/14.0MapBounded.png,0.4321867741153224,0.0005559510290558081,1878.5325000000003
dataset/13-2/15.0MapBounded.png,0.3573598016424515,0.000555951029055868,1942.2725000000003
dataset/13-2/16.0MapBounded.png,0.34483042388550456,0.0005559510290561202,2090.4200000000005
dataset/13-2/17.0MapBounded.png,0.43541201391677153,0.0005559510290571216,2193.7375000000006
dataset/13-2/18.0MapBounded.png,0.31625216750353385,0.000555951029056297,2280.2900000000004
dataset/13-2/19.0MapBounded.png,0.5146026230223292,0.000555951029056204,2387.5200000000004
dataset/13-2/20.0MapBounded.png,0.4376189135067451,0.0005559510290562888,2414.2600000000007
dataset/13-2/21.0MapBounded.png,0.4176919584430019,0.0005559510290565933,2427.7375000000006
dataset/13-2/22.0MapBounded.png,0.3138684457893073,0.0005559510290563636,2428.0300000000007
dataset/13-2/23.0MapBounded.png,0.26587324492340364,0.0005559510290556891,2430.8725000000004
dataset/13-2/24.0MapBounded.png,0.4092373376300365,0.0005559510290558113,2437.0825000000004
dataset/13-2/25.0MapBounded.png,0.4372995769378703,0.0005559510290561455,2457.3425000000007
dataset/13-2/26.0MapBounded.png,0.4572339082425191,0.0005559510290565238,2464.2600000000007
dataset/13-2/27.0MapBounded.png,0.4784494161820388,0.0005559510290563692,2476.9000000000005
dataset/13-2/28.0MapBounded.png,0.30861969856274574,0.0005559510290565877,2489.7650000000003
dataset/13-2/29.0MapBounded.png,0.2704847808855053,0.000555951029056317,2497.7750000000005
dataset/13-2/30.0MapBounded.png,0.3027237827041074,0.0005559510290563932,2502.6725000000006
dataset/13-2/31.0MapBounded.png,0.1404683103423418,0.0005559510290560254,2505.1450000000004
dataset/13-2/32.0MapBounded.png,0.09794751629273411,0.0005559510290560001,2504.9175000000005
dataset/13-2/33.0MapBounded.png,0.09191559158703959,0.0005559510290562457,2504.8025000000007
dataset/13-2/34.0MapBounded.png,0.1289373829435422,0.0005559510290563751,2505.2725000000005
dataset/13-2/35.0MapBounded.png,0.08859778873500915,0.0005559510290561162,2505.3350000000005
dataset/13-2/36.0MapBounded.png,0.17740806318550595,0.0005559510290571327,2505.3875000000003
dataset/13-2/37.0MapBounded.png,0.21391545785895355,0.0005559510290563691,2505.3300000000004
dataset/13-2/38.0MapBounded.png,0.2441974871034805,0.0005559510290563164,2504.9550000000004
dataset/13-2/39.0MapBounded.png,0.24531136148801364,0.0005559510290563564,2504.9050000000007
dataset/13-2/40.0MapBounded.png,0.24531136148801364,0.0005559510290563564,2504.9050000000007
dataset/13-2/41.0MapBounded.png,0.12263895889077152,0.0005559510290567005,2505.0525000000007
dataset/13-2/42.0MapBounded.png,0.15267635555509693,0.0005559510290566298,2504.9875000000006
dataset/13-2/43.0MapBounded.png,0.19604231937014827,0.0005559510290572924,2504.9850000000006
dataset/13-2/44.0MapBounded.png,0.27044511931516585,0.0005559510290563773,2506.7525000000005
dataset/13-2/45.0MapBounded.png,0.6991040398373328,0.0005559510290564061,2507.7950000000005
dataset/13-3/0MapBounded.png,1.1958629897290074,0.0033800073873117005,38.46500000000001
dataset/13-3/1.0MapBounded.png,1.253476039692039,0.0033800073873115743,120.61000000000003
dataset/13-3/2.0MapBounded.png,1.2418929191390184,0.003380007387311747,351.6075000000001
dataset/13-3/3.0MapBounded.png,0.9161984587123121,0.0033800073873118783,557.3225000000001
dataset/13-3/4.0MapBounded.png,0.8533456141707806,0.0033800073873116914,669.6250000000001
dataset/13-3/5.0MapBounded.png,0.6880178371743103,0.003380007387311551,818.6950000000002
dataset/13-3/6.0MapBounded.png,0.37682555450763733,0.0033800073873117014,977.3150000000002
dataset/13-3/7.0MapBounded.png,0.20768719445236752,0.003380007387311643,1048.6800000000003
dataset/13-3/8.0MapBounded.png,0.20768719445236752,0.003380007387311643,1048.755
dataset/13-3/9.0MapBounded.png,0.20768719445236752,0.003380007387311643,1048.7575000000002
dataset/13-3/10.0MapBounded.png,0.20768719445236752,0.003380007387311643,1048.7625000000003
dataset/13-3/11.0MapBounded.png,0.20768719445236752,0.003380007387311643,1048.7625000000003
dataset/13-3/12.0MapBounded.png,0.45083942740489785,0.003380007387312541,1077.0225000000003
dataset/13-3/13.0MapBounded.png,0.47199405145238127,0.0033800073873117356,1107.2150000000001
dataset/13-3/14.0MapBounded.png,0.4624788243700058,0.0033800073873117664,1151.0550000000003
dataset/13-3/15.0MapBounded.png,0.33304571171242675,0.0033800073873121047,1273.2725000000003
dataset/13-3/16.0MapBounded.png,0.19196501598953097,0.0033800073873115274,1419.9350000000002
dataset/13-3/17.0MapBounded.png,0.3335077368671004,0.0033800073873118904,1615.4925000000003
dataset/13-3/18.0MapBounded.png,0.2734216297250284,0.0033800073873119377,1674.4175000000002
dataset/13-3/19.0MapBounded.png,0.28761570324352564,0.00338000738731168,1763.6900000000003
dataset/13-3/20.0MapBounded.png,0.18621139038450113,0.0033800073873116528,1777.0975000000003
dataset/13-3/21.0MapBounded.png,0.22811597270473125,0.003380007387312108,1818.8100000000004
dataset/13-3/22.0MapBounded.png,0.17504238842807956,0.0033800073873122153,2018.9150000000004
dataset/13-3/23.0MapBounded.png,0.051707346347453276,0.0033800073873118132,2159.0500000000006
dataset/13-3/24.0MapBounded.png,0.10781251488374077,0.0033800073873125882,2237.6575000000003
dataset/13-3/25.0MapBounded.png,0.06570857650642264,0.003380007387311812,2365.7250000000004
dataset/13-3/26.0MapBounded.png,0.23157722107446016,0.003380007387311728,2458.6725000000006
dataset/13-3/27.0MapBounded.png,0.15188583999635785,0.0033800073873111844,2513.4400000000005
dataset/13-3/28.0MapBounded.png,0.43065459127349315,0.0033800073873125193,2544.9300000000003
dataset/13-3/29.0MapBounded.png,0.5301892608752482,0.003380007387311517,2560.2650000000003
dataset/13-3/30.0MapBounded.png,0.4171319104454948,0.0033800073873118635,2569.8900000000003
dataset/13-3/31.0MapBounded.png,0.45335810258046133,0.0033800073873117616,2571.9525000000003
dataset/13-3/32.0MapBounded.png,0.7340425796392989,0.003380007387311669,2572.5975000000003
dataset/13-3/33.0MapBounded.png,0.7103622451200018,0.003380007387311837,2572.9900000000007
dataset/13-3/34.0MapBounded.png,0.4661683171592959,0.0033800073873117924,2578.0025000000005
dataset/13-3/35.0MapBounded.png,0.46543631503514316,0.0033800073873110964,2583.9100000000003
dataset/13-3/36.0MapBounded.png,0.5871915007530416,0.003380007387312523,2583.9100000000003
dataset/13-3/37.0MapBounded.png,0.7372915875708064,0.0033800073873115335,2587.9275000000007
dataset/13-3/38.0MapBounded.png,0.9777256155462155,0.0033800073873117256,2592.3800000000006
dataset/13-3/39.0MapBounded.png,0.4691918903723881,0.003380007387312015,2592.3325000000004
dataset/13-3/40.0MapBounded.png,0.47592969043532896,0.0033800073873115847,2592.5275000000006
dataset/13-4/0MapBounded.png,0.14885796839077645,0.0007839315068495133,46.23500000000001
dataset/13-4/1.0MapBounded.png,0.2160530171386137,0.0007839315068501754,362.98750000000007
dataset/13-4/2.0MapBounded.png,0.40537533306074236,0.000783931506849146,740.0175000000002
dataset/13-4/3.0MapBounded.png,0.33546078044896244,0.0007839315068495909,872.8900000000002
dataset/13-4/4.0MapBounded.png,0.06626808031976493,0.0007839315068495121,894.7825000000001
dataset/13-4/5.0MapBounded.png,0.038064225240894846,0.000783931506849337,1021.7550000000002
dataset/13-4/6.0MapBounded.png,0.08249130477152819,0.0007839315068492891,1042.5275000000001
dataset/13-4/7.0MapBounded.png,0.11130045963086033,0.000783931506849253,1042.3650000000002
dataset/13-4/8.0MapBounded.png,0.1121061949960065,0.0007839315068495963,1042.3550000000002
dataset/13-4/9.0MapBounded.png,0.09025101572923232,0.0007839315068492197,1042.3550000000002
dataset/13-4/10.0MapBounded.png,0.18538629873083126,0.0007839315068500982,1067.1500000000003
dataset/13-4/11.0MapBounded.png,0.29631261552713056,0.0007839315068496616,1160.5650000000003
dataset/13-4/12.0MapBounded.png,0.16438835015763015,0.0007839315068493819,1309.3300000000002
dataset/13-4/13.0MapBounded.png,0.48238083749465277,0.0007839315068490173,1508.8900000000003
dataset/13-4/14.0MapBounded.png,0.47483821923735026,0.0007839315068493639,1640.9650000000004
dataset/13-4/15.0MapBounded.png,0.532137120601999,0.0007839315068499883,1849.8450000000003
dataset/13-4/16.0MapBounded.png,0.6697243864325881,0.0007839315068497535,1966.8625000000004
dataset/13-4/17.0MapBounded.png,0.516086753441801,0.000783931506850256,1998.9225000000004
dataset/13-4/18.0MapBounded.png,0.7912869137807854,0.0007839315068494642,2153.8650000000002
dataset/13-4/19.0MapBounded.png,0.8030554099432005,0.0007839315068494752,2244.2975000000006
dataset/13-4/20.0MapBounded.png,0.835244549923767,0.0007839315068492706,2324.8025000000002
dataset/13-4/21.0MapBounded.png,0.7590731688003364,0.0007839315068500391,2424.0925000000007
dataset/13-4/22.0MapBounded.png,0.4545144869905493,0.0007839315068483922,2423.7125000000005
dataset/13-4/23.0MapBounded.png,0.340935500182957,0.0007839315068496031,2449.9975000000004
dataset/13-4/24.0MapBounded.png,0.24881004120302774,0.0007839315068494956,2473.2950000000005
dataset/13-4/25.0MapBounded.png,0.3693307670575868,0.0007839315068490971,2491.9400000000005
dataset/13-4/26.0MapBounded.png,0.2186339947443981,0.0007839315068494963,2510.3750000000005
dataset/13-4/27.0MapBounded.png,0.6027954184434042,0.0007839315068495582,2526.9750000000004
dataset/13-4/28.0MapBounded.png,0.535359560889966,0.0007839315068488341,2542.1300000000006
dataset/13-4/29.0MapBounded.png,0.4495344734512612,0.0007839315068493705,2546.2675000000004
dataset/13-4/30.0MapBounded.png,0.3804654992905117,0.0007839315068501591,2550.4475000000007
dataset/13-4/31.0MapBounded.png,0.2655261297243757,0.000783931506849602,2554.4125000000004
dataset/13-4/32.0MapBounded.png,0.32256200748387887,0.0007839315068495127,2555.1900000000005
dataset/13-4/33.0MapBounded.png,0.45395500228537283,0.0007839315068499028,2555.2000000000003
dataset/13-4/34.0MapBounded.png,0.4282761900648906,0.0007839315068501099,2557.0000000000005
dataset/13-4/35.0MapBounded.png,0.5134669576630725,0.0007839315068506719,2557.0825000000004
dataset/13-4/36.0MapBounded.png,0.5381864934484757,0.0007839315068493233,2557.1150000000007
dataset/13-4/37.0MapBounded.png,0.48595733820709747,0.0007839315068495165,2557.6000000000004
dataset/13-4/38.0MapBounded.png,0.5205819031475318,0.0007839315068488386,2557.4825000000005
dataset/13-4/39.0MapBounded.png,0.48249703133566385,0.0007839315068497172,2557.4725000000003
dataset/13-4/40.0MapBounded.png,0.5519943497285352,0.0007839315068495528,2558.9550000000004
dataset/13-4/41.0MapBounded.png,0.46960298152010105,0.0007839315068495568,2561.8200000000006
dataset/13-4/42.0MapBounded.png,0.41039424873755515,0.0007839315068488198,2562.1025000000004
dataset/13-4/43.0MapBounded.png,0.4523315034700108,0.0007839315068503286,2563.2075000000004
dataset/13-4/44.0MapBounded.png,0.38854359597996174,0.0007839315068493007,2563.5600000000004
dataset/13-4/45.0MapBounded.png,0.34223442499730183,0.000783931506849865,2570.1400000000003
dataset/13-4/46.0MapBounded.png,0.257567524843349,0.0007839315068494352,2601.4475000000007
dataset/13-4/47.0MapBounded.png,0.4061245543239251,0.0007839315068492804,2646.6525000000006
dataset/13-4/48.0MapBounded.png,0.27222738031228677,0.0007839315068495858,2646.4375000000005
dataset/13-4/49.0MapBounded.png,0.2483117914024552,0.0007839315068491296,2660.3300000000004
dataset/13-4/50.0MapBounded.png,0.05901404870080693,0.0007839315068488903,2665.1050000000005
dataset/13-4/51.0MapBounded.png,0.508264511121313,0.0007839315068495057,2667.7300000000005
dataset/13-4/52.0MapBounded.png,0.41643130194866634,0.0007839315068499576,2674.1525000000006
dataset/13-4/53.0MapBounded.png,0.41835430492746717,0.0007839315068495087,2674.2025000000003
dataset/13-4/54.0MapBounded.png,0.5384897435977395,0.0007839315068488803,2674.2875000000004
dataset/13-4/55.0MapBounded.png,0.5813146723705528,0.0007839315068494627,2707.8925000000004
dataset/13-4/56.0MapBounded.png,0.5118306564214234,0.0007839315068494384,2719.4725000000003
dataset/13-4/57.0MapBounded.png,0.5527824955862741,0.0007839315068495062,2719.5500000000006
dataset/13-4/58.0MapBounded.png,0.4076088206615503,0.0007839315068498217,2719.4700000000007
dataset/13-4/59.0MapBounded.png,0.6134309993117347,0.000783931506849512,2720.9300000000007
dataset/13-4/60.0MapBounded.png,0.6134309993117347,0.000783931506849512,2721.5175000000004
dataset/13-4/61.0MapBounded.png,0.6992558222090368,0.000783931506850453,2722.3300000000004
dataset/13-4/62.0MapBounded.png,0.7774806003401088,0.0007839315068495252,2722.6475000000005
dataset/13-4/63.0MapBounded.png,0.7915172242691356,0.0007839315068499462,2722.5750000000007
dataset/13-4/64.0MapBounded.png,0.8686746615621828,0.0007839315068495145,2724.8675000000007
dataset/13-4/65.0MapBounded.png,0.9029643299122134,0.0007839315068501972,2724.6675000000005
dataset/13-4/66.0MapBounded.png,0.9363838557717595,0.0007839315068495096,2724.6450000000004
dataset/13-4/67.0MapBounded.png,1.0346802107273088,0.0007839315068491648,2733.5025000000005
dataset/13-5/0MapBounded.png,0.7967834539616948,0.0006655571349993183,38.212500000000006
dataset/13-5/1.0MapBounded.png,0.5579838373282758,0.0006655571349988942,225.32250000000005
dataset/13-5/2.0MapBounded.png,0.3100200230795016,0.0006655571349992918,584.6175000000001
dataset/13-5/3.0MapBounded.png,0.02384692805269029,0.0006655571349995272,737.6800000000002
dataset/13-5/4.0MapBounded.png,0.2152407204343075,0.0006655571349989554,878.8500000000001
dataset/13-5/5.0MapBounded.png,0.17539637366278674,0.0006655571349992682,1005.1450000000002
dataset/13-5/6.0MapBounded.png,0.17795650370152466,0.0006655571349993122,1039.9850000000001
dataset/13-5/7.0MapBounded.png,0.2913876733635019,0.0006655571349995121,1248.6650000000002
dataset/13-5/8.0MapBounded.png,0.3103282342254826,0.000665557134999326,1525.1850000000004
dataset/13-5/9.0MapBounded.png,0.5425492835427063,0.0006655571349996224,1680.1975000000002
dataset/13-5/10.0MapBounded.png,0.46027977466610565,0.0006655571349992201,1810.5425000000002
dataset/13-5/11.0MapBounded.png,0.18854890443917138,0.0006655571349993355,2088.1500000000005
dataset/13-5/12.0MapBounded.png,0.2340506723777405,0.0006655571349991692,2187.6325000000006
dataset/13-5/13.0MapBounded.png,0.24703982826356471,0.0006655571349992497,2262.0375000000004
dataset/13-5/14.0MapBounded.png,0.20636230575468673,0.0006655571349993161,2313.3750000000005
dataset/13-5/15.0MapBounded.png,0.20366948099373572,0.000665557134999423,2327.1450000000004
dataset/13-5/16.0MapBounded.png,0.07395286416633247,0.0006655571349993266,2389.1425000000004
dataset/13-5/17.0MapBounded.png,0.04752889748266992,0.0006655571349992471,2392.8475000000003
dataset/13-5/18.0MapBounded.png,0.16471521285643825,0.0006655571349992545,2394.5200000000004
dataset/13-5/19.0MapBounded.png,0.27341199436074254,0.0006655571349990755,2403.8375000000005
dataset/13-5/20.0MapBounded.png,0.5103692203337621,0.0006655571349996775,2437.8675000000003
dataset/13-5/21.0MapBounded.png,0.6311192254740533,0.0006655571349990738,2457.8625000000006
dataset/13-5/22.0MapBounded.png,0.5635944001912032,0.0006655571349993803,2463.5150000000003
dataset/13-5/23.0MapBounded.png,0.1864667104415047,0.0006655571349998063,2464.5375000000004
dataset/13-5/24.0MapBounded.png,0.14223538004166522,0.0006655571349993159,2464.9100000000003
dataset/13-5/25.0MapBounded.png,0.2892824529697397,0.0006655571349991668,2470.9725000000003
dataset/13-5/26.0MapBounded.png,0.3187691155252711,0.0006655571349996944,2471.7550000000006
dataset/13-5/27.0MapBounded.png,0.3415951735662294,0.0006655571349993332,2471.7425000000003
dataset/13-5/28.0MapBounded.png,0.3415951735662294,0.0006655571349993332,2471.7425000000003
dataset/13-5/29.0MapBounded.png,0.1830917800995174,0.000665557134999333,2471.7100000000005
dataset/13-5/30.0MapBounded.png,0.1337057092324923,0.0006655571349992569,2471.6950000000006
dataset/13-5/31.0MapBounded.png,0.20106160310347393,0.000665557134999317,2471.3175000000006
dataset/13-5/32.0MapBounded.png,0.18871459022521392,0.0006655571349993962,2471.3675000000003
dataset/14-0/0MapBounded.png,1.0276428050476776,0.004370232207566872,63.242500000000014
dataset/14-0/1.0MapBounded.png,0.9984755783618529,0.00437023220756687,76.60250000000002
dataset/14-0/2.0MapBounded.png,1.0590514107806437,0.004370232207566908,528.2450000000001
dataset/14-0/3.0MapBounded.png,0.8778798257324488,0.0043702322075676574,661.2575000000002
dataset/14-0/4.0MapBounded.png,0.717989362999829,0.004370232207566771,803.6300000000001
dataset/14-0/5.0MapBounded.png,0.7049497900564365,0.004370232207566408,897.0600000000002
dataset/14-0/6.0MapBounded.png,0.5899120821338621,0.004370232207567633,1022.3775000000002
dataset/14-0/7.0MapBounded.png,0.41819037615721305,0.004370232207566566,1379.1575000000003
dataset/14-0/8.0MapBounded.png,0.3665206824055283,0.004370232207566866,1555.5225000000003
dataset/14-0/9.0MapBounded.png,0.3724407248370188,0.004370232207567007,1678.2525000000003
dataset/14-0/10.0MapBounded.png,0.4512837076644198,0.004370232207566993,1951.3425000000004
dataset/14-0/11.0MapBounded.png,0.4761670251883766,0.004370232207566822,2029.2900000000004
dataset/14-0/12.0MapBounded.png,0.45687204983848295,0.004370232207566805,2126.0775000000003
dataset/14-0/13.0MapBounded.png,0.41511397231395064,0.004370232207566733,2142.9500000000003
dataset/14-0/14.0MapBounded.png,0.5240746292990315,0.004370232207567481,2144.9850000000006
dataset/14-0/15.0MapBounded.png,0.6278177970711575,0.004370232207566875,2199.6800000000003
dataset/14-0/16.0MapBounded.png,0.5210681274480511,0.004370232207566245,2211.9450000000006
dataset/14-0/17.0MapBounded.png,0.3879442203094417,0.004370232207566346,2284.3275000000003
dataset/14-0/18.0MapBounded.png,0.4279225768331263,0.004370232207566592,2300.0900000000006
dataset/14-0/19.0MapBounded.png,0.42866358096704815,0.004370232207566375,2301.2625000000003
dataset/14-0/20.0MapBounded.png,0.5051684450089412,0.004370232207566878,2429.0300000000007
dataset/14-0/21.0MapBounded.png,0.3296017208592492,0.004370232207566838,2795.2250000000004
dataset/14-0/22.0MapBounded.png,0.2965757355413649,0.004370232207566885,2938.9675000000007
dataset/14-0/23.0MapBounded.png,0.22427856255518763,0.004370232207566904,3034.9850000000006
dataset/14-0/24.0MapBounded.png,0.2830102439304799,0.004370232207566876,3107.4800000000005
dataset/14-0/25.0MapBounded.png,0.18200028081336456,0.00437023220756763,3189.3875000000007
dataset/14-0/26.0MapBounded.png,0.17895063268923508,0.004370232207566832,3265.5725000000007
dataset/14-0/27.0MapBounded.png,0.12809248742950602,0.0043702322075669054,3323.6775000000007
dataset/14-0/28.0MapBounded.png,0.22541035259811487,0.004370232207566637,3347.455000000001
dataset/14-0/29.0MapBounded.png,0.22567719162847913,0.004370232207567158,3347.5625000000005
dataset/14-0/30.0MapBounded.png,0.1402471816152946,0.004370232207566866,3347.8650000000007
dataset/14-0/31.0MapBounded.png,0.25231206630990355,0.004370232207566832,3347.955000000001
dataset/14-0/32.0MapBounded.png,0.4619287232578167,0.004370232207566802,3348.0000000000005
dataset/14-0/33.0MapBounded.png,0.6224142121672556,0.00437023220756685,3347.9450000000006
dataset/14-0/34.0MapBounded.png,0.8318026535072249,0.004370232207566862,3347.9225000000006
dataset/14-0/35.0MapBounded.png,0.9002733461165684,0.004370232207567037,3347.9450000000006
dataset/14-0/36.0MapBounded.png,1.061907284314848,0.004370232207566886,3347.952500000001
dataset/14-0/37.0MapBounded.png,1.0871919457229802,0.004370232207566882,3348.0000000000005
dataset/14-0/38.0MapBounded.png,1.2249642111660026,0.00437023220756684,3348.0125000000007
dataset/14-0/39.0MapBounded.png,0.989300715914404,0.004370232207566793,3348.0550000000007
dataset/14-0/40.0MapBounded.png,0.8702096253799908,0.004370232207566915,3348.080000000001
dataset/14-0/41.0MapBounded.png,0.7784326689526768,0.004370232207566799,3348.1250000000005
dataset/14-0/42.0MapBounded.png,0.6685723524141478,0.0043702322075668855,3348.1550000000007
dataset/14-0/43.0MapBounded.png,0.5437001147683801,0.0043702322075671145,3348.2075000000004
dataset/14-0/44.0MapBounded.png,0.5063459236663539,0.00437023220756686,3348.2600000000007
dataset/14-0/45.0MapBounded.png,0.46972471524849213,0.004370232207566771,3348.3775000000005
dataset/14-0/46.0MapBounded.png,0.46016710612635225,0.004370232207566847,3348.4050000000007
dataset/14-0/47.0MapBounded.png,0.33254965543822157,0.0043702322075669054,3348.4600000000005
dataset/14-0/48.0MapBounded.png,0.29496942159786205,0.004370232207566899,3348.515000000001
dataset/14-0/49.0MapBounded.png,0.2962992889964716,0.004370232207566877,3348.5225000000005
dataset/14-0/50.0MapBounded.png,0.3244979451571234,0.004370232207566843,3348.537500000001
dataset/14-0/51.0MapBounded.png,0.38400867534790684,0.00437023220756684,3348.537500000001
dataset/14-0/52.0MapBounded.png,0.3614961452791434,0.004370232207566847,3348.5875000000005
dataset/14-0/53.0MapBounded.png,0.2971918893548059,0.0043702322075668,3348.602500000001
dataset/14-0/54.0MapBounded.png,0.37701106387416866,0.004370232207566862,3352.5475000000006
dataset/14-0/55.0MapBounded.png,0.38714513704366343,0.004370232207566868,3352.7600000000007
dataset/14-0/56.0MapBounded.png,0.23907067676524707,0.004370232207567089,3352.7175000000007
dataset/14-0/57.0MapBounded.png,0.3188541666611442,0.004370232207566883,3352.5650000000005
dataset/14-0/58.0MapBounded.png,0.4010420135787687,0.004370232207566853,3357.077500000001
dataset/14-0/59.0MapBounded.png,0.4202441741282677,0.004370232207566578,3362.1525000000006
dataset/14-0/60.0MapBounded.png,0.4085155779084105,0.004370232207566991,3362.310000000001
dataset/14-0/61.0MapBounded.png,0.49095385088569127,0.004370232207566005,3374.6800000000007
dataset/14-0/62.0MapBounded.png,0.49988568448481235,0.004370232207566215,3374.3850000000007
dataset/14-0/63.0MapBounded.png,0.484153649431384,0.0043702322075664405,3374.3175000000006
dataset/14-0/64.0MapBounded.png,0.4871548392951533,0.004370232207566574,3374.2325000000005
dataset/14-0/65.0MapBounded.png,0.3799530900909266,0.00437023220756699,3384.3350000000005
dataset/14-0/66.0MapBounded.png,0.3799530900909266,0.00437023220756699,3384.3350000000005
dataset/14-0/67.0MapBounded.png,0.47435878117868957,0.00437023220756641,3425.7500000000005
dataset/14-0/68.0MapBounded.png,0.5438274824966243,0.0043702322075667805,3448.810000000001
dataset/14-0/69.0MapBounded.png,0.46952928741092054,0.004370232207566893,3460.9500000000007
dataset/14-0/70.0MapBounded.png,0.8024500708843324,0.004370232207566649,3461.475000000001
dataset/14-0/71.0MapBounded.png,0.5503153665440044,0.004370232207566813,3461.497500000001
dataset/14-0/72.0MapBounded.png,0.30851361194437343,0.004370232207566873,3462.0725000000007
dataset/14-0/73.0MapBounded.png,0.29146639433333205,0.0043702322075669575,3465.7100000000005
dataset/14-0/74.0MapBounded.png,0.14182681184517593,0.004370232207567887,3480.7575000000006
dataset/14-0/75.0MapBounded.png,0.39476437248446,0.004370232207567667,3486.202500000001
dataset/14-0/76.0MapBounded.png,0.7227029207921987,0.004370232207566913,3513.270000000001
dataset/14-0/77.0MapBounded.png,0.7216590188165796,0.004370232207566946,3513.6300000000006
dataset/14-0/78.0MapBounded.png,0.6419925674683684,0.004370232207566888,3514.8850000000007
dataset/14-0/79.0MapBounded.png,0.6394313722934402,0.004370232207566884,3514.750000000001
dataset/14-0/80.0MapBounded.png,0.8033803882415542,0.004370232207566866,3521.187500000001
dataset/16-2/0MapBounded.png,0.22931114274827563,0.002602894855248924,20.030000000000005
dataset/16-2/1.0MapBounded.png,0.18821540026138245,0.002602894855249378,127.53000000000003
dataset/16-2/2.0MapBounded.png,0.16220136897354123,0.0026028948552488627,262.61750000000006
dataset/16-2/3.0MapBounded.png,0.2522639180409223,0.0026028948552489083,317.25750000000005
dataset/16-2/4.0MapBounded.png,0.0451830398026773,0.002602894855248697,437.9625000000001
dataset/16-2/5.0MapBounded.png,0.05493879805175114,0.002602894855248734,438.0075000000001
dataset/16-2/6.0MapBounded.png,0.127521107836514,0.002602894855248921,438.7900000000001
dataset/16-2/7.0MapBounded.png,0.127521107836514,0.002602894855248921,438.7900000000001
dataset/16-2/8.0MapBounded.png,0.04525389699597329,0.0026028948552489235,438.8800000000001
dataset/16-2/9.0MapBounded.png,0.11041853003031389,0.0026028948552486025,439.0750000000001
dataset/16-3/0MapBounded.png,0.2241342645288603,0.011324757796740696,55.74750000000001
dataset/16-3/1.0MapBounded.png,0.21596118988683916,0.011324757796740637,238.86500000000004
dataset/16-3/2.0MapBounded.png,0.26157537312353707,0.01132475779674061,358.1050000000001
dataset/16-3/3.0MapBounded.png,0.3471172816984931,0.011324757796740761,377.36000000000007
dataset/16-3/4.0MapBounded.png,0.4589558578555224,0.011324757796740768,501.1375000000001
dataset/16-3/5.0MapBounded.png,0.5449149320891343,0.011324757796740623,544.0250000000001
dataset/16-3/6.0MapBounded.png,0.16585815202491003,0.011324757796740692,650.6200000000001
dataset/16-3/7.0MapBounded.png,0.37928038393753644,0.011324757796741624,722.2700000000001
dataset/16-3/8.0MapBounded.png,0.08268044579178045,0.01132475779674046,734.1075000000002
dataset/16-3/9.0MapBounded.png,0.12119586814791374,0.011324757796741008,734.2150000000001
dataset/16-3/10.0MapBounded.png,0.3648475955685042,0.011324757796740298,734.3075000000001
dataset/16-3/11.0MapBounded.png,0.42211161193947655,0.011324757796740383,734.3000000000002
dataset/16-3/12.0MapBounded.png,0.22303155301789218,0.01132475779674039,737.8625000000002
dataset/16-3/13.0MapBounded.png,0.22360370084273368,0.011324757796740526,748.9625000000001
dataset/16-4/0MapBounded.png,0.24537981010671603,0.41182540758219516,11.100000000000001
dataset/16-4/1.0MapBounded.png,0.18399104514854042,0.018993300099949387,143.59250000000003
dataset/16-4/2.0MapBounded.png,0.1654487529851025,0.01899330009995262,243.42250000000004
dataset/16-4/3.0MapBounded.png,0.32461397137094783,0.018993300099957745,391.18250000000006
dataset/16-4/4.0MapBounded.png,0.3036735827892866,0.018993300099953835,465.4750000000001
dataset/16-4/5.0MapBounded.png,0.18779002482672186,0.018993300099948915,465.5650000000001
dataset/16-4/6.0MapBounded.png,0.18779002482672186,0.018993300099948915,465.6325000000001
dataset/16-4/7.0MapBounded.png,0.08906424488567605,0.018993300099951208,486.4825000000001
dataset/16-4/8.0MapBounded.png,0.03847770184670086,0.018993300099953696,486.48500000000007
dataset/16-4/9.0MapBounded.png,0.03847770184670086,0.018993300099953696,486.48500000000007
dataset/16-4/10.0MapBounded.png,0.4506664166179616,0.018993300099952194,486.4475000000001
dataset/16-4/11.0MapBounded.png,0.34936830274373465,0.01899330009995184,501.2450000000001
dataset/16-5/0MapBounded.png,1.6369592789849563,0.008342096806178296,61.91000000000001
dataset/16-5/1.0MapBounded.png,1.4049987888302775,0.008342096806178374,203.23000000000005
dataset/16-5/2.0MapBounded.png,1.5762165706255116,0.008342096806178251,250.76750000000004
dataset/16-5/3.0MapBounded.png,1.6587595503278658,0.0083420968061781,283.72
dataset/16-5/4.0MapBounded.png,1.4094993664169022,0.008342096806178326,409.2150000000001
dataset/16-5/5.0MapBounded.png,1.5622523680648117,0.008342096806178293,550.2050000000002
dataset/16-5/6.0MapBounded.png,1.1556139545387811,0.008342096806178183,656.6775000000001
dataset/16-5/7.0MapBounded.png,0.4432346445905521,0.00834209680617867,672.8975000000002
dataset/16-5/8.0MapBounded.png,0.42087406598127647,0.008342096806178294,672.8825000000002
dataset/16-5/9.0MapBounded.png,1.3400124327643195,0.008342096806178315,672.8875000000002
dataset/16-5/10.0MapBounded.png,1.7329167079192713,0.008342096806178334,677.4150000000001
dataset/16-5/11.0MapBounded.png,1.4495436390309917,0.008342096806178286,677.5950000000001
dataset/16-5/12.0MapBounded.png,1.174640827699734,0.008342096806177668,683.5100000000001
dataset/16-5/13.0MapBounded.png,1.2213940055242276,0.008342096806178288,683.5100000000001
dataset/16-5/14.0MapBounded.png,1.6702576306767636,0.008342096806178177,683.4725000000001
dataset/16-8/0MapBounded.png,0.17101282121057498,0.008973900230364689,40.03500000000001
dataset/16-8/1.0MapBounded.png,0.13419690662249115,0.00897390023036469,141.2975
dataset/16-8/2.0MapBounded.png,0.35019496079907586,0.008973900230364448,355.80750000000006
dataset/16-8/3.0MapBounded.png,0.04840329925187604,0.00897390023036447,411.0275000000001
dataset/16-8/4.0MapBounded.png,0.20047178086016648,0.00897390023036451,463.86000000000007
dataset/16-8/5.0MapBounded.png,0.11679771122654432,0.008973900230364693,474.8350000000001
dataset/16-8/6.0MapBounded.png,0.0774219828324927,0.008973900230364713,534.7500000000001
dataset/18-5/0MapBounded.png,0.05234987422097777,0.0014328332428554214,28.855000000000004
dataset/18-5/1.0MapBounded.png,0.19828264920984448,0.0014328332428550884,71.45500000000001
dataset/18-5/2.0MapBounded.png,0.14298718262194807,0.0014328332428557085,123.76750000000003
dataset/18-5/3.0MapBounded.png,0.18122235553130012,0.0014328332428554795,292.55500000000006
dataset/18-5/4.0MapBounded.png,0.1610014803203742,0.0014328332428554824,332.1525000000001
dataset/18-5/5.0MapBounded.png,0.1610014803203742,0.0014328332428554824,332.1700000000001
dataset/18-5/6.0MapBounded.png,0.04324640516473522,0.0014328332428557554,447.6875000000001
dataset/18-5/7.0MapBounded.png,0.09993172955440249,0.0014328332428554227,526.9475000000001
dataset/18-5/8.0MapBounded.png,0.16614186380059515,0.001432833242854981,624.4075000000001
dataset/18-5/9.0MapBounded.png,0.14045137936517588,0.00143283324285609,674.0850000000002
dataset/18-5/10.0MapBounded.png,0.11606542789509425,0.001432833242854854,709.7175000000001
dataset/18-5/11.0MapBounded.png,0.13081191495187797,0.0014328332428554635,716.1675000000001
dataset/18-5/12.0MapBounded.png,0.13081191495187797,0.0014328332428554635,716.6125000000002
dataset/18-5/13.0MapBounded.png,0.20519293659264898,0.001432833242855739,752.1200000000001
dataset/18-5/14.0MapBounded.png,0.19324438527622864,0.0014328332428553247,780.9875000000002
dataset/18-5/15.0MapBounded.png,0.19479093346382642,0.001432833242855257,781.1900000000002
dataset/18-5/16.0MapBounded.png,0.14324409993318765,0.0014328332428548466,781.1900000000002
dataset/18-5/17.0MapBounded.png,0.07563057089342903,0.0014328332428555335,781.4250000000002
dataset/18-5/18.0MapBounded.png,0.16730907255592536,0.001432833242855313,781.4275000000001
dataset/18-5/19.0MapBounded.png,0.08112175378572081,0.001432833242855368,786.1150000000001
dataset/18-5/20.0MapBounded.png,0.08112175378572081,0.001432833242855368,800.9625000000002
dataset/18-5/21.0MapBounded.png,0.06651937856248069,0.001432833242855412,800.9625000000002
dataset/18-5/22.0MapBounded.png,0.21445998731408733,0.0014328332428545309,800.9550000000002
dataset/18-5/23.0MapBounded.png,0.12055309792952074,0.001432833242855423,817.5975000000002
dataset/18-5/24.0MapBounded.png,0.07293312293733535,0.0014328332428546623,834.9300000000002
dataset/18-5/25.0MapBounded.png,0.027393332806282623,0.001432833242854884,839.0950000000001
dataset/2-0/0MapBounded.png,3.2231841228302844,0.009201563124375312,76.31250000000001
dataset/2-0/1.0MapBounded.png,3.1244582723496523,0.009201563124375306,287.32750000000004
dataset/2-0/2.0MapBounded.png,2.60853693064201,0.009201563124375563,431.23500000000007
dataset/2-0/3.0MapBounded.png,2.557809413230338,0.009201563124375181,431.1900000000001
dataset/2-0/4.0MapBounded.png,2.787009738995848,0.009201563124375372,431.2725000000001
dataset/2-0/5.0MapBounded.png,2.787009738995848,0.009201563124375372,431.30750000000006
dataset/2-0/6.0MapBounded.png,2.793232037673011,0.009201563124375459,431.4700000000001
dataset/2-0/7.0MapBounded.png,2.2848507562368936,0.00920156312437543,489.0875000000001
dataset/2-0/8.0MapBounded.png,1.779925759847254,0.009201563124375605,759.9275000000001
dataset/2-0/9.0MapBounded.png,2.6149526357746007,0.009201563124375891,947.7800000000002
dataset/2-0/10.0MapBounded.png,2.2383008624938316,0.00920156312437531,1113.8725000000002
dataset/2-0/11.0MapBounded.png,1.556446819343846,0.009201563124375433,1148.3175000000003
dataset/2-0/12.0MapBounded.png,2.532796104091767,0.009201563124375124,1244.7325000000003
dataset/2-0/13.0MapBounded.png,1.8531314845090308,0.009201563124375438,1274.7800000000002
dataset/2-0/14.0MapBounded.png,1.2023757526253214,0.00920156312437533,1274.8500000000001
dataset/2-0/15.0MapBounded.png,0.4724182384276042,0.009201563124376134,1274.8700000000003
dataset/2-0/16.0MapBounded.png,0.39746062282002875,0.009201563124375263,1274.9150000000002
dataset/2-0/17.0MapBounded.png,0.9029488198435479,0.009201563124375523,1275.0400000000002
dataset/2-0/18.0MapBounded.png,1.6686151928648945,0.009201563124375266,1275.1125000000002
dataset/2-0/19.0MapBounded.png,1.7395146404333155,0.009201563124375221,1275.1775000000002
dataset/2-0/20.0MapBounded.png,1.6593609364557027,0.009201563124375305,1275.2075000000002
dataset/2-0/21.0MapBounded.png,1.5107178912347548,0.009201563124375216,1275.1800000000003
dataset/2-0/22.0MapBounded.png,1.3663535295705533,0.009201563124375313,1275.1500000000003
dataset/2-0/23.0MapBounded.png,1.4452068132185967,0.009201563124375296,1275.2150000000001
dataset/2-0/24.0MapBounded.png,2.039567104481529,0.00920156312437521,1275.5400000000002
dataset/2-0/25.0MapBounded.png,2.51136821496901,0.009201563124375119,1275.6425000000002
dataset/2-0/26.0MapBounded.png,3.095832919265554,0.009201563124375301,1275.6575000000003
dataset/2-0/27.0MapBounded.png,3.604746597244914,0.009201563124375818,1275.7000000000003
dataset/2-0/28.0MapBounded.png,2.6624740245918668,0.00920156312437509,1282.9850000000004
dataset/2-0/29.0MapBounded.png,2.0172621048255035,0.00920156312437568,1431.9750000000004
dataset/2-0/30.0MapBounded.png,1.7680955868179686,0.00920156312437529,1630.6900000000003
dataset/2-0/31.0MapBounded.png,0.9888735225536966,0.009201563124375091,1709.9775000000004
dataset/2-0/32.0MapBounded.png,0.5628491554858183,0.009201563124375287,1884.9450000000004
dataset/2-0/33.0MapBounded.png,0.8815933891728277,0.009201563124375122,1970.9475000000004
dataset/2-0/34.0MapBounded.png,1.1851242592470277,0.009201563124375568,2002.5225000000005
dataset/2-0/35.0MapBounded.png,0.8591912829368104,0.009201563124375358,2023.9325000000003
dataset/2-0/36.0MapBounded.png,1.6719443901637199,0.00920156312437459,2068.5375000000004
dataset/2-0/37.0MapBounded.png,1.9769458245871487,0.009201563124375025,2089.0150000000003
dataset/2-0/38.0MapBounded.png,1.3126994076772769,0.00920156312437489,2101.4725000000003
dataset/2-0/39.0MapBounded.png,0.494887932135703,0.00920156312437515,2129.9750000000004
dataset/2-0/40.0MapBounded.png,0.33224437995373113,0.009201563124375312,2164.9925000000003
dataset/2-0/41.0MapBounded.png,0.42104256852792044,0.009201563124375246,2164.7625000000003
dataset/2-0/42.0MapBounded.png,0.42104256852792044,0.009201563124375246,2164.7225000000003
dataset/2-0/43.0MapBounded.png,0.37317445031859786,0.009201563124375308,2164.6825000000003
dataset/2-0/44.0MapBounded.png,0.42165529341020763,0.009201563124375306,2164.6600000000003
dataset/2-0/45.0MapBounded.png,0.4311145416242028,0.009201563124375308,2164.6650000000004
dataset/2-2/0MapBounded.png,2.8171667101138804,0.019832607575080013,24.322500000000005
dataset/2-2/1.0MapBounded.png,2.8580631386569038,0.0198326075750803,216.94500000000005
dataset/2-2/2.0MapBounded.png,2.6108974421715354,0.019832607575079632,399.4625000000001
dataset/2-2/3.0MapBounded.png,2.6646761469523534,0.01983260757508008,425.48500000000007
dataset/2-2/4.0MapBounded.png,2.908097561256038,0.01983260757508008,598.0400000000001
dataset/2-2/5.0MapBounded.png,3.383797924431099,0.019832607575079805,782.0100000000001
dataset/2-2/6.0MapBounded.png,3.591084247395685,0.01983260757508032,832.2550000000001
dataset/2-2/7.0MapBounded.png,3.397425456975268,0.019832607575080003,928.9350000000002
dataset/2-2/8.0MapBounded.png,3.34020926853569,0.01983260757507991,977.9050000000002
dataset/2-2/9.0MapBounded.png,3.157621242569163,0.01983260757507998,1200.7500000000002
dataset/2-2/10.0MapBounded.png,2.822058950822993,0.019832607575080066,1369.0325000000003
dataset/2-2/11.0MapBounded.png,2.597286660453195,0.019832607575080742,1424.8375000000003
dataset/2-2/12.0MapBounded.png,3.116650176989985,0.019832607575079472,1449.4225000000004
dataset/2-2/13.0MapBounded.png,1.71746058960393,0.01983260757508022,1529.1150000000002
dataset/2-2/14.0MapBounded.png,1.3334258809215953,0.019832607575080017,1676.5775000000003
dataset/2-2/15.0MapBounded.png,0.6207017083034942,0.019832607575080572,1821.9100000000003
dataset/2-2/16.0MapBounded.png,0.4102832409984572,0.019832607575080083,1930.6750000000004
dataset/2-2/17.0MapBounded.png,0.3809626187203499,0.019832607575079996,2045.3050000000003
dataset/2-2/18.0MapBounded.png,1.445506913389208,0.019832607575079975,2064.1450000000004
dataset/2-2/19.0MapBounded.png,2.2842486268413653,0.01983260757507962,2064.425
dataset/2-2/20.0MapBounded.png,2.6419531398904983,0.01983260757508049,2067.0225000000005
dataset/2-2/21.0MapBounded.png,2.884183310020982,0.01983260757507998,2067.6000000000004
dataset/2-2/22.0MapBounded.png,2.307355383376683,0.019832607575079746,2067.5325000000003
dataset/2-2/23.0MapBounded.png,0.8125594023424871,0.01983260757508,2068.2225000000003
dataset/2-2/24.0MapBounded.png,1.6154830904146902,0.019832607575080312,2069.2400000000002
dataset/2-2/25.0MapBounded.png,2.0641916882925018,0.019832607575080402,2069.2925000000005
dataset/2-2/26.0MapBounded.png,2.0499900736328467,0.019832607575080582,2069.4075000000003
dataset/2-2/27.0MapBounded.png,2.0795554283770956,0.01983260757507952,2069.4350000000004
dataset/2-2/28.0MapBounded.png,1.8739409527105866,0.019832607575080666,2069.5575000000003
dataset/2-2/29.0MapBounded.png,1.969294145981564,0.0198326075750796,2069.5950000000003
dataset/2-2/30.0MapBounded.png,1.3916788595152276,0.01983260757507953,2069.6375000000003
dataset/2-2/31.0MapBounded.png,1.038426262203792,0.019832607575079375,2069.6925000000006
dataset/2-2/32.0MapBounded.png,0.7871005569218299,0.01983260757507929,2069.6825000000003
dataset/2-2/33.0MapBounded.png,0.5061891711647721,0.019832607575079642,2069.7075000000004
dataset/2-2/34.0MapBounded.png,0.5153265090262894,0.019832607575079854,2069.7825000000003
dataset/2-2/35.0MapBounded.png,0.4914251548372428,0.019832607575079413,2069.8325000000004
dataset/2-2/36.0MapBounded.png,0.5227023828567975,0.01983260757507933,2069.8600000000006
dataset/2-2/37.0MapBounded.png,0.4500788650218705,0.019832607575079333,2069.8575000000005
dataset/2-2/38.0MapBounded.png,0.48748022774733923,0.01983260757507987,2069.9025000000006
dataset/2-2/39.0MapBounded.png,0.47130977057086243,0.01983260757507988,2069.9150000000004
dataset/2-2/40.0MapBounded.png,0.38837092676431273,0.01983260757507961,2069.9125000000004
dataset/2-2/41.0MapBounded.png,0.5235167299951476,0.01983260757507931,2069.9000000000005
dataset/2-2/42.0MapBounded.png,0.8013909605517895,0.019832607575079663,2069.9475
dataset/2-2/43.0MapBounded.png,0.6267896761477574,0.01983260757507911,2069.9450000000006
dataset/2-2/44.0MapBounded.png,0.8399214611199805,0.019832607575079934,2069.9500000000003
dataset/2-2/45.0MapBounded.png,0.8265107338344658,0.019832607575080288,2069.9575000000004
dataset/2-2/46.0MapBounded.png,0.902307738427466,0.019832607575079753,2069.9575000000004
dataset/2-2/47.0MapBounded.png,1.166819805559904,0.01983260757508013,2069.9600000000005
dataset/2-2/48.0MapBounded.png,1.0664054406609182,0.0198326075750799,2069.9525000000003
dataset/2-2/49.0MapBounded.png,0.9011359418334,0.019832607575080045,2069.9875
dataset/2-2/50.0MapBounded.png,1.154462217046453,0.019832607575079975,2070.0050000000006
dataset/2-2/51.0MapBounded.png,1.093119468632403,0.019832607575079837,2070.0325000000003
dataset/2-2/52.0MapBounded.png,1.179482797412123,0.01983260757507931,2070.0350000000003
dataset/2-2/53.0MapBounded.png,1.25837067246617,0.019832607575080485,2070.0375000000004
dataset/2-2/54.0MapBounded.png,1.2045812725214604,0.01983260757507962,2070.1025000000004
dataset/2-2/55.0MapBounded.png,1.0566581924653604,0.01983260757508021,2070.0775000000003
dataset/2-2/56.0MapBounded.png,1.511220860992567,0.019832607575079382,2070.155
dataset/2-2/57.0MapBounded.png,1.9394661976547662,0.01983260757507976,2070.1500000000005
dataset/2-2/58.0MapBounded.png,2.132699447069627,0.019832607575079948,2070.175
dataset/2-2/59.0MapBounded.png,2.2180986585661797,0.019832607575079594,2070.175
dataset/2-2/60.0MapBounded.png,2.2189271042751586,0.019832607575080582,2070.1775000000002
dataset/2-2/61.0MapBounded.png,2.3882960462988674,0.01983260757507938,2070.1800000000003
dataset/2-2/62.0MapBounded.png,2.225270664598777,0.01983260757508006,2070.1975
dataset/2-2/63.0MapBounded.png,2.4940868924448316,0.0198326075750793,2070.2025000000003
dataset/2-2/64.0MapBounded.png,2.450039210146183,0.01983260757508005,2070.2575000000006
dataset/2-2/65.0MapBounded.png,2.4430628176879132,0.019832607575079826,2070.3675000000003
dataset/2-2/66.0MapBounded.png,2.7223549173070767,0.01983260757507981,2070.4175000000005
dataset/2-2/67.0MapBounded.png,2.836616073838963,0.019832607575079472,2070.4275000000002
dataset/2-2/68.0MapBounded.png,2.7451676428970693,0.019832607575080208,2070.4225000000006
dataset/2-2/69.0MapBounded.png,3.004798729801196,0.019832607575079396,2070.4300000000003
dataset/2-2/70.0MapBounded.png,2.911242582802025,0.019832607575079503,2070.4725000000003
dataset/2-2/71.0MapBounded.png,3.1709897123706767,0.019832607575079333,2070.5000000000005
dataset/2-2/72.0MapBounded.png,2.353136203865943,0.01983260757507931,2071.0250000000005
dataset/2-2/73.0MapBounded.png,2.5067576471191337,0.019832607575080017,2070.8625
dataset/2-2/74.0MapBounded.png,2.228453668160018,0.01983260757507986,2070.6800000000003
dataset/2-2/75.0MapBounded.png,2.2833283520150833,0.019832607575080003,2070.6800000000003
dataset/2-2/76.0MapBounded.png,2.012105894325871,0.019832607575080118,2070.6050000000005
dataset/2-2/77.0MapBounded.png,2.173435548018757,0.01983260757507999,2070.5400000000004
dataset/2-2/78.0MapBounded.png,2.091240556522499,0.01983260757507994,2070.5375000000004
dataset/2-2/79.0MapBounded.png,2.0045838721589058,0.01983260757508001,2070.5125000000003
dataset/2-2/80.0MapBounded.png,2.1165646964061504,0.019832607575079972,2070.4950000000003
dataset/2-2/81.0MapBounded.png,2.256379365380353,0.019832607575080027,2070.5175000000004
dataset/24-0/0MapBounded.png,1.0667084768515902,0.007986618686191617,65.70750000000001
dataset/24-0/1.0MapBounded.png,1.0349035536110778,0.007986618686191665,239.04000000000005
dataset/24-0/2.0MapBounded.png,1.0769139732801896,0.007986618686191225,365.0250000000001
dataset/24-0/3.0MapBounded.png,0.5795041497448705,0.007986618686191677,536.0850000000002
dataset/24-0/4.0MapBounded.png,0.6191934609770435,0.007986618686191908,843.1500000000002
dataset/24-0/5.0MapBounded.png,0.4601414969645224,0.007986618686190935,909.9675000000002
dataset/24-0/6.0MapBounded.png,0.3941995007021457,0.007986618686191571,1004.0850000000002
dataset/24-0/7.0MapBounded.png,0.4570707252654891,0.007986618686191665,1066.0950000000003
dataset/24-0/8.0MapBounded.png,0.511609780162534,0.007986618686191615,1137.3850000000002
dataset/24-0/9.0MapBounded.png,0.32147653355740285,0.007986618686191587,1274.9900000000002
dataset/24-0/10.0MapBounded.png,0.3073890328923405,0.007986618686190933,1308.8575000000003
dataset/24-0/11.0MapBounded.png,0.22514448861979083,0.007986618686191596,1310.9625000000003
dataset/24-0/12.0MapBounded.png,0.16117578793715975,0.007986618686191722,1476.1975000000002
dataset/24-0/13.0MapBounded.png,0.13555420054976494,0.007986618686191447,1666.1325000000004
dataset/24-0/14.0MapBounded.png,0.16198505377399108,0.00798661868619199,1728.5525000000002
dataset/24-0/15.0MapBounded.png,0.30180879353252754,0.0079866186861918,1824.7975000000004
dataset/24-0/16.0MapBounded.png,0.367091009340344,0.007986618686191603,1838.9150000000004
dataset/24-0/17.0MapBounded.png,0.3955022266900904,0.007986618686191601,1838.9800000000002
dataset/24-0/18.0MapBounded.png,0.3511066709203941,0.007986618686191613,1839.1675000000002
dataset/24-0/19.0MapBounded.png,0.4311581557451304,0.007986618686192378,1839.1325000000004
dataset/24-0/20.0MapBounded.png,0.6041946047607824,0.007986618686191287,1849.1000000000004
dataset/24-0/21.0MapBounded.png,0.8895243010305446,0.007986618686191625,1848.8375000000003
dataset/24-0/22.0MapBounded.png,0.8895243010305446,0.007986618686191625,1849.0075000000004
dataset/24-0/23.0MapBounded.png,0.6606888963062005,0.007986618686191622,1848.9825000000003
dataset/24-0/24.0MapBounded.png,0.640696110533084,0.007986618686191454,1848.8300000000004
dataset/24-0/25.0MapBounded.png,0.7553507224875495,0.00798661868619177,1848.6750000000004
dataset/24-2/0MapBounded.png,0.1628257494239423,0.007125651978475964,18.182500000000005
dataset/24-2/1.0MapBounded.png,0.12228515656996417,0.00712565197847607,117.96000000000002
dataset/24-2/2.0MapBounded.png,0.1372619870509695,0.007125651978475962,137.77250000000004
dataset/24-2/3.0MapBounded.png,0.16982177286330466,0.007125651978476064,244.67000000000004
dataset/24-2/4.0MapBounded.png,0.09512180002319656,0.0071256519784758015,368.92750000000007
dataset/24-2/5.0MapBounded.png,0.21035865741033635,0.00712565197847598,442.7850000000001
dataset/24-2/6.0MapBounded.png,0.31202136464358377,0.007125651978475836,450.62000000000006
dataset/24-2/7.0MapBounded.png,0.2553819496498304,0.0071256519784761215,450.80750000000006
dataset/24-2/8.0MapBounded.png,0.1764125468405547,0.007125651978476227,450.80750000000006
dataset/24-2/9.0MapBounded.png,0.25914449865627076,0.007125651978475953,450.7550000000001
dataset/24-2/10.0MapBounded.png,0.25914449865627076,0.007125651978475953,450.7550000000001
dataset/24-2/11.0MapBounded.png,0.14182324252621364,0.007125651978476008,450.8925000000001
dataset/24-2/12.0MapBounded.png,0.24879352371409297,0.007125651978476348,455.11000000000007
dataset/24-3/0MapBounded.png,0.7213531146646605,0.0035822536516491124,21.520000000000003
dataset/24-3/1.0MapBounded.png,0.46053068322452523,0.003582253651649152,290.02500000000003
dataset/24-3/2.0MapBounded.png,0.38062274635062515,0.003582253651649668,318.9050000000001
dataset/24-3/3.0MapBounded.png,0.00965778502551203,0.0035822536516491514,399.2625000000001
dataset/24-3/4.0MapBounded.png,0.22320984271998398,0.003582253651649111,455.17500000000007
dataset/24-3/5.0MapBounded.png,0.1854328818856741,0.003582253651649151,467.0400000000001
dataset/24-3/6.0MapBounded.png,0.18439057847258558,0.0035822536516490738,474.7525000000001
dataset/24-3/7.0MapBounded.png,0.18459128748529438,0.003582253651649169,474.7525000000001
dataset/24-3/8.0MapBounded.png,0.1844341416763254,0.0035822536516490954,474.73750000000007
dataset/24-5/0MapBounded.png,0.011152400030264378,0.0027530836438202037,15.852500000000003
dataset/24-5/1.0MapBounded.png,0.008109208961669804,0.002753083643820355,47.15250000000001
dataset/24-5/2.0MapBounded.png,0.004971591643840957,0.002753083643820173,47.12500000000001
dataset/26-0/0MapBounded.png,8.282065452206124,0.17500649530593285,31.555000000000007
dataset/26-0/1.0MapBounded.png,7.555697032605243,0.17500649530593307,258.30750000000006
dataset/26-0/2.0MapBounded.png,8.820394104461805,0.17500649530593312,562.4800000000001
dataset/26-0/3.0MapBounded.png,9.960502124653852,0.17500649530593296,617.9375000000001
dataset/26-0/4.0MapBounded.png,8.94262909567688,0.17500649530593282,688.2525000000002
dataset/26-0/5.0MapBounded.png,13.096022999268083,0.1750064953059328,841.8425000000002
dataset/26-0/6.0MapBounded.png,5.915719905987768,0.17500649530593274,1008.8075000000002
dataset/26-0/7.0MapBounded.png,8.13866690886415,0.17500649530593285,1026.6625000000001
dataset/26-0/8.0MapBounded.png,7.885179422773373,0.17500649530593254,1026.6100000000001
dataset/26-0/9.0MapBounded.png,7.760056267103971,0.17500649530593262,1026.5825000000002
dataset/26-0/10.0MapBounded.png,8.034948021544183,0.17500649530593315,1026.5950000000003
dataset/26-0/11.0MapBounded.png,7.795159864055328,0.17500649530593348,1026.5425000000002
dataset/26-0/12.0MapBounded.png,7.974694510859782,0.17500649530593293,1064.8025000000002
dataset/26-0/13.0MapBounded.png,7.690545123545513,0.17500649530593274,1121.3850000000002
dataset/26-0/14.0MapBounded.png,7.776488288710582,0.17500649530593287,1216.3775000000003
dataset/26-0/15.0MapBounded.png,8.028434754547968,0.17500649530593257,1353.9175000000002
dataset/26-0/16.0MapBounded.png,7.423754896623471,0.17500649530593268,1547.3175000000003
dataset/26-0/17.0MapBounded.png,7.4536691550846585,0.1750064953059328,1775.2475000000004
dataset/26-0/18.0MapBounded.png,8.254420517572804,0.17500649530593207,1826.3800000000003
dataset/26-0/19.0MapBounded.png,9.06272589138235,0.17500649530593249,1909.9500000000003
dataset/26-0/20.0MapBounded.png,9.976297746165478,0.1750064953059331,2052.0200000000004
dataset/26-0/21.0MapBounded.png,7.544781297068855,0.17500649530593287,2126.1300000000006
dataset/26-0/22.0MapBounded.png,6.6434065215610225,0.17500649530593285,2138.4075000000003
dataset/26-0/23.0MapBounded.png,6.669817383188374,0.17500649530593282,2138.7325000000005
dataset/26-0/24.0MapBounded.png,9.528005854518062,0.1750064953059328,2139.0700000000006
dataset/26-0/25.0MapBounded.png,8.665383081343927,0.1750064953059328,2139.5600000000004
dataset/26-0/26.0MapBounded.png,8.857114891102054,0.17500649530593246,2139.5250000000005
dataset/26-0/27.0MapBounded.png,7.791188910605485,0.17500649530593282,2139.5325000000003
dataset/26-0/28.0MapBounded.png,8.022209995013718,0.17500649530593307,2139.4825000000005
dataset/26-0/29.0MapBounded.png,6.954907304678323,0.1750064953059328,2139.4675
dataset/26-0/30.0MapBounded.png,6.111227130449286,0.17500649530593268,2139.4375000000005
dataset/26-0/31.0MapBounded.png,6.668264043277013,0.17500649530593274,2139.4225000000006
dataset/26-0/32.0MapBounded.png,5.694661499580397,0.1750064953059333,2139.4250000000006
dataset/26-0/33.0MapBounded.png,4.502532114443309,0.17500649530593285,2139.4175000000005
dataset/26-0/34.0MapBounded.png,3.8243408936068874,0.17500649530593312,2139.4175000000005
dataset/26-0/35.0MapBounded.png,2.5319123304171125,0.17500649530593282,2139.4325000000003
dataset/26-0/36.0MapBounded.png,2.9276532406903337,0.1750064953059322,2139.4275000000002
dataset/26-0/37.0MapBounded.png,2.2313720857332386,0.17500649530593282,2139.4325000000003
dataset/26-0/38.0MapBounded.png,1.508418054213916,0.17500649530593285,2139.4350000000004
dataset/26-0/39.0MapBounded.png,1.6925555631334046,0.17500649530593332,2139.4150000000004
dataset/26-0/40.0MapBounded.png,1.1911972181209232,0.1750064953059328,2139.4550000000004
dataset/26-0/41.0MapBounded.png,1.7569206406644648,0.1750064953059321,2139.4450000000006
dataset/26-0/42.0MapBounded.png,2.299612890664351,0.17500649530593224,2139.4325000000003
dataset/26-0/43.0MapBounded.png,3.150284706124257,0.1750064953059328,2139.4425000000006
dataset/26-0/44.0MapBounded.png,3.725369081201181,0.17500649530593285,2139.4200000000005
dataset/26-0/45.0MapBounded.png,4.083989518539274,0.1750064953059328,2139.4275000000002
dataset/26-0/46.0MapBounded.png,4.508616216901157,0.17500649530593257,2139.4300000000003
dataset/26-0/47.0MapBounded.png,5.346334973400729,0.1750064953059328,2139.4225000000006
dataset/26-0/48.0MapBounded.png,5.09644768314088,0.17500649530593282,2139.4275000000002
dataset/26-0/49.0MapBounded.png,6.185494458834595,0.1750064953059318,2139.4375000000005
dataset/26-0/50.0MapBounded.png,7.042038826052098,0.17500649530593282,2139.4250000000006
dataset/26-0/51.0MapBounded.png,7.550476035186807,0.17500649530593282,2139.4400000000005
dataset/26-0/52.0MapBounded.png,7.097534407662164,0.1750064953059331,2139.4200000000005
dataset/26-0/53.0MapBounded.png,8.611010225120106,0.1750064953059329,2139.4075000000003
dataset/26-0/54.0MapBounded.png,9.183431733848511,0.17500649530593282,2139.4100000000003
dataset/26-0/55.0MapBounded.png,9.663012628971318,0.1750064953059328,2139.4025000000006
dataset/26-0/56.0MapBounded.png,9.784003673358207,0.17500649530593287,2139.4325000000003
dataset/26-0/57.0MapBounded.png,10.642532149288547,0.17500649530593282,2139.4350000000004
dataset/26-0/58.0MapBounded.png,10.437814115225372,0.1750064953059328,2139.4350000000004
dataset/26-0/59.0MapBounded.png,11.105266829659932,0.17500649530593254,2139.4475
dataset/26-0/60.0MapBounded.png,11.83827921618525,0.1750064953059319,2139.4650000000006
dataset/26-0/61.0MapBounded.png,11.400638252861013,0.175006495305933,2139.4675
dataset/26-0/62.0MapBounded.png,12.574029307980465,0.1750064953059321,2139.4575000000004
dataset/26-0/63.0MapBounded.png,10.064890026318242,0.17500649530593276,2139.4875000000006
dataset/26-0/64.0MapBounded.png,14.084857913048479,0.1750064953059328,2141.3450000000003
dataset/26-0/65.0MapBounded.png,14.084857913048479,0.1750064953059328,2141.3350000000005
dataset/26-0/66.0MapBounded.png,14.022456044773646,0.17500649530593293,2141.3200000000006
dataset/26-0/67.0MapBounded.png,13.961283690019778,0.17500649530593282,2141.3100000000004
dataset/26-2/0MapBounded.png,0.32912535941346066,0.00490165398510205,23.090000000000003
dataset/26-2/1.0MapBounded.png,0.330310599461883,0.0049016539851020596,167.04500000000004
dataset/26-2/2.0MapBounded.png,0.4432200872336161,0.004901653985102123,208.69000000000005
dataset/26-2/3.0MapBounded.png,0.38617227565830925,0.00490165398510253,438.4825000000001
dataset/26-2/4.0MapBounded.png,0.337756865997386,0.004901653985102038,646.4475000000001
dataset/26-2/5.0MapBounded.png,0.12578696519384203,0.0049016539851020995,701.2300000000001
dataset/26-2/6.0MapBounded.png,0.1300580927001279,0.00490165398510197,734.3075000000001
dataset/26-2/7.0MapBounded.png,0.1300580927001279,0.00490165398510197,735.3525000000002
dataset/26-2/8.0MapBounded.png,0.08515025165932062,0.00490165398510149,769.7975000000001
dataset/26-2/9.0MapBounded.png,0.16882734856526788,0.004901653985101975,882.5225000000002
dataset/26-2/10.0MapBounded.png,0.11685221506382609,0.004901653985102168,958.4725000000002
dataset/26-2/11.0MapBounded.png,0.18388886430787932,0.0049016539851022825,1109.9975000000002
dataset/26-2/12.0MapBounded.png,0.4579808635676588,0.004901653985102842,1144.8975000000003
dataset/26-2/13.0MapBounded.png,0.26714196041786226,0.004901653985101609,1145.4625000000003
dataset/26-2/14.0MapBounded.png,0.32597293981708697,0.004901653985102698,1148.8550000000002
dataset/26-2/15.0MapBounded.png,0.2356253732277292,0.004901653985101607,1148.8550000000002
dataset/26-2/16.0MapBounded.png,0.4893217033020162,0.004901653985102043,1148.8075000000001
dataset/26-4/0MapBounded.png,0.45051338651856543,0.0014029791225443336,12.030000000000003
dataset/26-4/1.0MapBounded.png,0.42401248335201447,0.0014029791225443685,265.31500000000005
dataset/26-4/2.0MapBounded.png,0.3082374176101533,0.0014029791225443238,325.8525000000001
dataset/26-4/3.0MapBounded.png,0.16932842462817663,0.0014029791225434755,500.5250000000001
dataset/26-4/4.0MapBounded.png,0.22326683011383167,0.001402979122544027,595.2525000000002
dataset/26-4/5.0MapBounded.png,0.17166079324158304,0.0014029791225443383,718.7700000000001
dataset/26-4/6.0MapBounded.png,0.3450123574014166,0.0014029791225436848,875.5200000000002
dataset/26-4/7.0MapBounded.png,0.20104712426793728,0.0014029791225437715,1071.1700000000003
dataset/26-4/8.0MapBounded.png,0.1389984381267738,0.0014029791225443084,1127.1325000000002
dataset/26-4/9.0MapBounded.png,0.13971271764858564,0.0014029791225440148,1127.5125000000003
dataset/26-4/10.0MapBounded.png,0.13971271764858564,0.0014029791225440148,1127.5425000000002
dataset/26-4/11.0MapBounded.png,0.13971271764858564,0.0014029791225440148,1127.5425000000002
dataset/26-4/12.0MapBounded.png,0.11417310771539389,0.0014029791225445933,1127.5450000000003
dataset/26-4/13.0MapBounded.png,0.2506421787928926,0.0014029791225447777,1132.9250000000002
dataset/26-4/14.0MapBounded.png,0.08365844812423774,0.0014029791225442676,1145.6050000000002
dataset/26-4/15.0MapBounded.png,0.08365844812423774,0.0014029791225442676,1146.3325000000002
dataset/26-4/16.0MapBounded.png,0.3765912988148716,0.0014029791225444609,1146.1125000000002
dataset/26-4/17.0MapBounded.png,0.3939740384834852,0.0014029791225443789,1150.2825000000003
dataset/26-5/0MapBounded.png,0.7270599785222888,0.005294494623786433,24.442500000000006
dataset/26-5/1.0MapBounded.png,0.4294190523555471,0.005294494623786428,238.63000000000005
dataset/26-5/2.0MapBounded.png,0.38354875314362497,0.005294494623785682,261.6025000000001
dataset/26-5/3.0MapBounded.png,0.244818441855499,0.005294494623786486,423.3925000000001
dataset/26-5/4.0MapBounded.png,0.2465843395433012,0.0052944946237860595,588.6500000000001
dataset/26-5/5.0MapBounded.png,0.48208001547453033,0.005294494623786204,747.8975000000002
dataset/26-5/6.0MapBounded.png,0.6299531535008885,0.005294494623786296,882.2150000000001
dataset/26-5/7.0MapBounded.png,0.723373304224477,0.005294494623786474,957.4175000000001
dataset/26-5/8.0MapBounded.png,0.6662238928467861,0.005294494623786412,957.5950000000001
dataset/26-5/9.0MapBounded.png,0.5483558548685499,0.005294494623785863,971.1275000000002
dataset/26-5/10.0MapBounded.png,0.5687604684709427,0.005294494623786157,1006.4500000000002
dataset/26-5/11.0MapBounded.png,0.6090524478476003,0.0052944946237863605,1044.1625000000001
dataset/26-5/12.0MapBounded.png,0.7661429839127434,0.005294494623785867,1082.5850000000003
dataset/26-5/13.0MapBounded.png,0.7106644939037262,0.005294494623786398,1105.3700000000001
dataset/26-5/14.0MapBounded.png,0.37279739016304614,0.005294494623785686,1105.2975000000001
dataset/26-5/15.0MapBounded.png,0.45385892349689266,0.005294494623786434,1105.3150000000003
dataset/26-5/16.0MapBounded.png,0.2498133004233653,0.005294494623787261,1105.3350000000003
dataset/26-5/17.0MapBounded.png,0.10027476863505105,0.005294494623786097,1105.4150000000002
dataset/26-5/18.0MapBounded.png,0.04820905762030103,0.005294494623785767,1105.4175000000002
dataset/26-5/19.0MapBounded.png,0.4417811339661488,0.005294494623786149,1105.4825000000003
dataset/26-5/20.0MapBounded.png,0.7464152970307222,0.005294494623786432,1105.5200000000002
dataset/3-0/0MapBounded.png,0.8693134877400837,0.003908333502309264,117.47750000000002
dataset/3-0/1.0MapBounded.png,0.6189338882221056,0.0039083335023092575,323.5450000000001
dataset/3-0/2.0MapBounded.png,0.4043595929249298,0.003908333502309291,574.9950000000001
dataset/3-0/3.0MapBounded.png,0.2687018865362691,0.003908333502309183,758.8250000000002
dataset/3-0/4.0MapBounded.png,0.27776337048611877,0.0039083335023091005,845.3225000000002
dataset/3-0/5.0MapBounded.png,0.28932151104430354,0.003908333502309336,1114.8000000000002
dataset/3-0/6.0MapBounded.png,0.24586479903309294,0.0039083335023089305,1237.9350000000002
dataset/3-0/7.0MapBounded.png,0.30558164944166943,0.003908333502309745,1292.4175000000002
dataset/3-0/8.0MapBounded.png,0.03635118649903255,0.003908333502310153,1301.9425000000003
dataset/3-0/9.0MapBounded.png,0.058446269362460335,0.003908333502309382,1301.9500000000003
dataset/3-0/10.0MapBounded.png,0.06206388022843282,0.003908333502309494,1301.9900000000002
dataset/3-0/11.0MapBounded.png,0.06206388022843282,0.003908333502309494,1301.9975000000002
dataset/3-0/12.0MapBounded.png,0.06206388022843282,0.003908333502309494,1302.0000000000002
dataset/3-0/13.0MapBounded.png,0.015064668239922946,0.003908333502309364,1302.2075000000002
dataset/3-0/14.0MapBounded.png,0.02362535704624897,0.003908333502309657,1302.2125000000003
dataset/3-0/15.0MapBounded.png,0.03570820869672527,0.00390833350230987,1302.1950000000002
dataset/3-0/16.0MapBounded.png,0.061320460940694564,0.003908333502309682,1302.2100000000003
dataset/3-0/17.0MapBounded.png,0.04790256471403478,0.003908333502309708,1312.2900000000002
dataset/3-0/18.0MapBounded.png,0.09112218796019027,0.003908333502308832,1312.0950000000003
dataset/3-0/19.0MapBounded.png,0.09395980056818824,0.003908333502309042,1317.7025000000003
dataset/3-0/20.0MapBounded.png,0.09395980056818824,0.003908333502309042,1317.7025000000003
dataset/3-0/21.0MapBounded.png,0.1544582733169054,0.003908333502309001,1325.8225000000002
dataset/3-0/22.0MapBounded.png,0.156387737257466,0.003908333502309369,1343.8925000000002
dataset/3-0/23.0MapBounded.png,0.2883102440594275,0.0039083335023091595,1673.1675000000002
dataset/3-0/24.0MapBounded.png,0.2710845174376309,0.003908333502308992,1792.4175000000002
dataset/3-0/25.0MapBounded.png,0.1876914477489976,0.003908333502309256,1864.9175000000005
dataset/3-0/26.0MapBounded.png,0.17363384197681897,0.003908333502309237,1994.2150000000004
dataset/3-0/27.0MapBounded.png,0.2132574483631619,0.003908333502308925,2215.1300000000006
dataset/3-0/28.0MapBounded.png,0.27247411025938784,0.003908333502309271,2222.3625000000006
dataset/3-0/29.0MapBounded.png,0.24656976866187447,0.0039083335023092185,2224.6075000000005
dataset/3-0/30.0MapBounded.png,1.0018982716944242,0.003908333502309252,2254.2625000000003
dataset/3-0/31.0MapBounded.png,0.5352899453959962,0.003908333502309398,2283.5050000000006
dataset/3-0/32.0MapBounded.png,0.5680378212333888,0.00390833350230951,2283.4050000000007
dataset/3-1/0MapBounded.png,0.42154165755641676,0.002394068070814872,11.612500000000002
dataset/3-1/1.0MapBounded.png,0.14275555178828309,0.0023940680708148996,291.7875000000001
dataset/3-1/2.0MapBounded.png,0.09007217381147122,0.0023940680708148623,314.2900000000001
dataset/3-1/3.0MapBounded.png,0.08131694447754251,0.002394068070814901,365.11250000000007
dataset/3-1/4.0MapBounded.png,0.08131694447754251,0.002394068070814901,371.9200000000001
dataset/3-1/5.0MapBounded.png,0.08131694447754251,0.002394068070814901,371.9200000000001
dataset/3-1/6.0MapBounded.png,0.10982274009686387,0.002394068070815358,372.00500000000005
dataset/3-3/0MapBounded.png,0.07921905152516953,0.00789777236188156,12.845000000000002
dataset/3-3/1.0MapBounded.png,0.09400987489435325,0.007897772361881533,210.03000000000003
dataset/3-3/2.0MapBounded.png,0.1590635122229894,0.007897772361881085,432.9425000000001
dataset/3-3/3.0MapBounded.png,0.09324149509699294,0.007897772361881423,512.9850000000001
dataset/3-3/4.0MapBounded.png,0.10682119540139254,0.007897772361881899,567.1925000000001
dataset/3-3/5.0MapBounded.png,0.12694940760544368,0.007897772361881553,581.6325000000002
dataset/3-3/6.0MapBounded.png,0.054988479752175155,0.007897772361881668,581.6900000000002
dataset/3-3/7.0MapBounded.png,0.09413295112022263,0.007897772361881559,581.6850000000001
dataset/3-3/8.0MapBounded.png,0.055381517350538194,0.007897772361881574,581.6550000000001
dataset/3-3/9.0MapBounded.png,0.05146849719509922,0.007897772361881552,581.6600000000001
dataset/3-3/10.0MapBounded.png,0.08108568885836115,0.007897772361881576,581.6625000000001
dataset/3-3/11.0MapBounded.png,0.08229737995560914,0.007897772361881557,581.6675000000001
dataset/3-3/12.0MapBounded.png,0.11369745293502519,0.007897772361881557,581.6675000000001
dataset/3-3/13.0MapBounded.png,0.17019822144965938,0.007897772361881541,581.6450000000001
dataset/3-3/14.0MapBounded.png,0.08567899380689656,0.00789777236188167,581.7525000000002
dataset/3-3/15.0MapBounded.png,0.08570825628390943,0.007897772361881477,581.7975000000001
dataset/31-0/0MapBounded.png,0.8254100066330339,0.009167525109810691,35.517500000000005
dataset/31-0/1.0MapBounded.png,0.8538073676133968,0.009167525109810445,163.15500000000003
dataset/31-0/2.0MapBounded.png,0.6106767179552383,0.009167525109810875,565.6575000000001
dataset/31-0/3.0MapBounded.png,0.546435067855768,0.009167525109811636,657.7825000000001
dataset/31-0/4.0MapBounded.png,0.5117565593891086,0.009167525109810686,794.6575000000001
dataset/31-0/5.0MapBounded.png,0.3538386180996382,0.009167525109810138,1083.7275000000002
dataset/31-0/6.0MapBounded.png,0.16745485278290553,0.009167525109811092,1153.3750000000002
dataset/31-0/7.0MapBounded.png,0.11235315238199317,0.009167525109810597,1250.7150000000001
dataset/31-0/8.0MapBounded.png,0.29610025399592205,0.009167525109810757,1400.0150000000003
dataset/31-0/9.0MapBounded.png,0.3285937501407552,0.009167525109810214,1431.2875000000004
dataset/31-0/10.0MapBounded.png,0.22790824485004396,0.009167525109810531,1502.4675000000002
dataset/31-0/11.0MapBounded.png,0.22335047657077886,0.009167525109811489,1574.4775000000004
dataset/31-0/12.0MapBounded.png,0.3829345450100406,0.009167525109810705,1586.8000000000004
dataset/31-0/13.0MapBounded.png,0.4278105252408687,0.009167525109810717,1619.9950000000003
dataset/31-0/14.0MapBounded.png,0.3953075041227645,0.009167525109810705,1632.9575000000002
dataset/31-0/15.0MapBounded.png,0.4471818074953657,0.009167525109810152,1634.0600000000004
dataset/32-D8/0MapBounded.png,0.6188502677525999,0.008686589523391934,15.337500000000002
dataset/32-D8/1.0MapBounded.png,0.4892451978382949,0.008686589523391929,162.89000000000004
dataset/32-D8/2.0MapBounded.png,0.1800032398173868,0.008686589523391769,314.1575000000001
dataset/32-D8/3.0MapBounded.png,0.16478725392757645,0.008686589523392244,320.56250000000006
dataset/32-D8/4.0MapBounded.png,0.04744863284489411,0.00868658952339193,320.88250000000005
dataset/32-D8/5.0MapBounded.png,0.08969016424275994,0.0086865895233919,473.30000000000007
dataset/32-D8/6.0MapBounded.png,0.06457068906384884,0.008686589523391772,530.4825000000001
dataset/32-D8/7.0MapBounded.png,0.35159520548670525,0.008686589523391294,607.3375000000001
dataset/32-D8/8.0MapBounded.png,0.3203754463930072,0.008686589523391998,608.4000000000001
dataset/32-D8/9.0MapBounded.png,0.31816802620369217,0.008686589523392236,608.2775000000001
dataset/32-G5/0MapBounded.png,0.02486368758793872,0.0096348329116692,27.605000000000004
dataset/32-G5/1.0MapBounded.png,0.000868203205562441,0.009634832911669182,59.78500000000001
dataset/32-G5/2.0MapBounded.png,0.000868203205562441,0.009634832911669182,59.78500000000001
dataset/32-G5/3.0MapBounded.png,0.0018475915954506877,0.00963483291166908,59.960000000000015
dataset/32-G7/0MapBounded.png,1.699046358171266,0.04496096167230864,24.480000000000004
dataset/32-G7/1.0MapBounded.png,1.1403753945417154,0.04496096167230868,214.02750000000003
dataset/32-G7/2.0MapBounded.png,1.2234583605364002,0.04496096167230872,224.13500000000005
dataset/32-G7/3.0MapBounded.png,1.179268910976012,0.044960961672309646,321.39000000000004
dataset/32-G7/4.0MapBounded.png,1.5996914038510701,0.0449609616723086,380.25000000000006
dataset/32-G7/5.0MapBounded.png,1.658802122631394,0.044960961672308355,436.4825000000001
dataset/32-G7/6.0MapBounded.png,0.7913508127744998,0.04496096167230866,526.1300000000001
dataset/32-G7/7.0MapBounded.png,0.6790953196666817,0.04496096167230815,639.7625000000002
dataset/32-G7/8.0MapBounded.png,0.9390265975388932,0.04496096167230911,735.4425000000001
dataset/32-G7/9.0MapBounded.png,1.2225447800114506,0.044960961672308175,764.4275000000001
dataset/32-G7/10.0MapBounded.png,1.0353832228377096,0.04496096167230839,764.7325000000002
dataset/32-G7/11.0MapBounded.png,1.1385040707344554,0.04496096167230842,768.4725000000002
dataset/32-G7/12.0MapBounded.png,0.9458190015562268,0.04496096167230831,771.4175000000001
dataset/32-G7/13.0MapBounded.png,0.9458408400744653,0.04496096167230802,771.4175000000001
dataset/32-G7/14.0MapBounded.png,0.9660858954501136,0.04496096167230834,771.4225000000001
dataset/32-G7/15.0MapBounded.png,0.6983342271071568,0.044960961672308404,771.4275000000001
dataset/32-G7/16.0MapBounded.png,0.4955568832322079,0.04496096167230898,771.4600000000002
dataset/32-G7/17.0MapBounded.png,0.17138023759779247,0.044960961672308335,771.4500000000002
dataset/32-G7/18.0MapBounded.png,0.1904713256116692,0.04496096167230862,771.4625000000002
dataset/32-G7/19.0MapBounded.png,0.3260791520507811,0.0449609616723082,771.4625000000002
dataset/32-G7/20.0MapBounded.png,0.48878614286350064,0.04496096167230868,771.4775000000002
dataset/32-G7/21.0MapBounded.png,0.6974450787364914,0.0449609616723082,771.4850000000001
dataset/32-G7/22.0MapBounded.png,0.8766267331367941,0.04496096167230875,771.4725000000002
dataset/32-G7/23.0MapBounded.png,1.1641405993694125,0.04496096167230875,771.4825000000002
dataset/32-G7/24.0MapBounded.png,1.3333852202069163,0.04496096167230799,771.4725000000002
dataset/32-G7/25.0MapBounded.png,1.4583750062857248,0.04496096167230849,771.4800000000001
dataset/32-G7/26.0MapBounded.png,1.8093371514090633,0.04496096167230827,771.6350000000001
dataset/32-G7/27.0MapBounded.png,1.9662344141295909,0.04496096167230882,771.6200000000001
dataset/32-G7/28.0MapBounded.png,2.240064077497689,0.04496096167230856,771.6100000000001
dataset/32-G7/29.0MapBounded.png,2.4867689447683863,0.04496096167230896,771.6025000000002
dataset/32-G7/30.0MapBounded.png,1.6769702671277933,0.0449609616723092,771.5250000000002
dataset/32-G9/0MapBounded.png,0.0522565645955565,0.007128580686477508,20.007500000000004
dataset/32-G9/1.0MapBounded.png,0.04369632163304254,0.0071285806864773114,181.77250000000004
dataset/32-G9/2.0MapBounded.png,0.08172346114244597,0.007128580686477506,337.99500000000006
dataset/32-G9/3.0MapBounded.png,0.006841390237384019,0.007128580686477126,357.4600000000001
dataset/32-G9/4.0MapBounded.png,0.006841390237384019,0.007128580686477126,357.4725000000001
dataset/32-G9/5.0MapBounded.png,0.006841390237384019,0.007128580686477126,357.4775000000001
dataset/32-G9/6.0MapBounded.png,0.006841390237384019,0.007128580686477126,357.4775000000001
dataset/32-G9/7.0MapBounded.png,0.006841390237384019,0.007128580686477126,357.4775000000001
dataset/32-G9/8.0MapBounded.png,0.006817665817420959,0.007128580686476801,357.4700000000001
dataset/32-G9/9.0MapBounded.png,0.007031514602365704,0.007128580686477812,357.4625000000001
dataset/32D-8/0MapBounded.png,0.25219826423767167,0.0076482448833141954,15.430000000000003
dataset/32D-8/1.0MapBounded.png,0.19884622172875255,0.007648244883313638,134.61750000000004
dataset/32D-8/2.0MapBounded.png,0.1499391795020506,0.007648244883313786,305.1675000000001
dataset/32D-8/3.0MapBounded.png,0.2521255359339655,0.0076482448833141824,480.4575000000001
dataset/32D-8/4.0MapBounded.png,0.17273069779209932,0.007648244883314403,547.5300000000001
dataset/32D-8/5.0MapBounded.png,0.12272147058475454,0.007648244883313728,548.3925000000002
dataset/32D-8/6.0MapBounded.png,0.2390966433440523,0.0076482448833142536,550.7175000000001
dataset/32D-8/7.0MapBounded.png,0.13846042412627924,0.007648244883314308,574.4875000000001
dataset/32D-8/8.0MapBounded.png,0.028050491498221655,0.007648244883314158,594.9875000000001
dataset/32D-8/9.0MapBounded.png,0.02824850801383107,0.007648244883314245,595.0200000000001
dataset/32D-8/10.0MapBounded.png,0.02984065232856638,0.007648244883314191,595.0225000000002
dataset/32D-8/11.0MapBounded.png,0.02984065232856638,0.007648244883314191,595.0200000000001
dataset/32D-8/12.0MapBounded.png,0.062413724439747804,0.007648244883314651,598.9175000000001
dataset/32G-5/0MapBounded.png,0.20009263028915258,0.0002109890808668255,16.767500000000002
dataset/32G-5/1.0MapBounded.png,0.1766928160965739,0.0002109890808668112,147.15000000000003
dataset/32G-5/2.0MapBounded.png,0.04426038725480149,0.00021098908086707762,254.85500000000005
dataset/32G-5/3.0MapBounded.png,0.06965904422846776,0.0002109890808670502,330.7150000000001
dataset/32G-5/4.0MapBounded.png,0.06070227490826105,0.00021098908086690372,331.5250000000001
dataset/32G-5/5.0MapBounded.png,0.06070227490826105,0.00021098908086690372,350.00500000000005
dataset/32G-5/6.0MapBounded.png,0.08567827376031945,0.0002109890808666366,350.00500000000005
dataset/32G-5/7.0MapBounded.png,0.05530703747225909,0.00021098908086684593,374.24500000000006
dataset/32G-7/0MapBounded.png,0.08135048721866328,0.0013542093703401107,15.977500000000003
dataset/32G-7/1.0MapBounded.png,0.005972159419063565,0.0013542093703404787,58.96500000000001
dataset/33-2/0MapBounded.png,0.3008331394923908,0.003115712476812468,23.615000000000006
dataset/33-2/1.0MapBounded.png,0.3027031183967946,0.003115712476813249,217.58750000000003
dataset/33-2/2.0MapBounded.png,0.1439641274047208,0.003115712476812389,257.88000000000005
dataset/33-2/3.0MapBounded.png,0.1882666580059068,0.0031157124768123145,385.7125000000001
dataset/33-2/4.0MapBounded.png,0.12114604723956413,0.0031157124768128536,542.9000000000001
dataset/33-2/5.0MapBounded.png,0.06948367505931885,0.003115712476813046,586.7250000000001
dataset/33-2/6.0MapBounded.png,0.17625910830200417,0.0031157124768129017,605.8250000000002
dataset/33-2/7.0MapBounded.png,0.17625910830200417,0.0031157124768129017,605.8250000000002
dataset/33-2/8.0MapBounded.png,0.15468447436485847,0.0031157124768127686,606.0550000000001
dataset/33-2/9.0MapBounded.png,0.11979825253166092,0.0031157124768125366,605.8850000000001
dataset/35-1/0MapBounded.png,0.13876034966070622,0.0028985623128539553,44.275000000000006
dataset/35-1/1.0MapBounded.png,0.27831694232252074,0.0028985623128539024,288.8525000000001
dataset/35-1/2.0MapBounded.png,0.14166505787959985,0.0028985623128539558,399.94500000000005
dataset/35-1/3.0MapBounded.png,0.14844260432510162,0.002898562312853801,496.5200000000001
dataset/35-1/4.0MapBounded.png,0.10242493262943789,0.0028985623128542134,716.7050000000002
dataset/35-1/5.0MapBounded.png,0.05520924588465899,0.0028985623128537394,773.2325000000002
dataset/35-1/6.0MapBounded.png,0.12700113218934952,0.0028985623128539805,807.1475000000002
dataset/35-1/7.0MapBounded.png,0.1831801808236755,0.002898562312853862,807.4975000000002
dataset/35-1/8.0MapBounded.png,0.1831801808236755,0.002898562312853862,807.4975000000002
dataset/35-1/9.0MapBounded.png,0.2018443025842552,0.0028985623128540824,807.5025000000002
dataset/35-2/0MapBounded.png,0.09975189067613587,0.0038598210667443044,15.167500000000002
dataset/35-2/1.0MapBounded.png,0.0745723435512959,0.0038598210667442133,179.12000000000003
dataset/35-2/2.0MapBounded.png,0.1597444128691591,0.003859821066744127,421.68000000000006
dataset/35-2/3.0MapBounded.png,0.20406153058045237,0.003859821066744116,623.1800000000002
dataset/35-2/4.0MapBounded.png,0.11630776532533087,0.0038598210667441387,687.3700000000001
dataset/35-2/5.0MapBounded.png,0.1011821284208245,0.0038598210667443503,791.0800000000002
dataset/35-2/6.0MapBounded.png,0.06282030099544472,0.0038598210667442233,795.2275000000002
dataset/35-2/7.0MapBounded.png,0.06282030099544472,0.0038598210667442233,795.3400000000001
dataset/35-2/8.0MapBounded.png,0.06356151138640101,0.0038598210667442566,795.3325000000002
dataset/35-2/9.0MapBounded.png,0.09787224908796126,0.0038598210667442957,796.0825000000002
dataset/35-3/0MapBounded.png,0.054789772973252035,2.2257053610939344,50.37000000000001
dataset/35-3/1.0MapBounded.png,0.2325034773058564,0.0018160690851215919,106.36000000000001
dataset/35-3/2.0MapBounded.png,0.34382595517895687,0.0018160690850826504,312.82500000000005
dataset/35-3/3.0MapBounded.png,0.5061774330890287,0.001816069085067216,388.4700000000001
dataset/35-3/4.0MapBounded.png,0.20607473883062033,0.0018160690850557693,851.4200000000002
dataset/35-3/5.0MapBounded.png,0.38971627730793695,0.0018160690850247622,877.2975000000001
dataset/35-3/6.0MapBounded.png,0.44306742915509256,0.0018160690850390548,877.1175000000002
dataset/35-3/7.0MapBounded.png,0.4435998739069542,0.0018160690850385624,877.3400000000001
dataset/35-3/8.0MapBounded.png,0.4436047053909385,0.0018160690850388098,877.3375000000002
dataset/35-4/0MapBounded.png,0.3074062996473992,0.006338270425827241,21.640000000000004
dataset/35-4/1.0MapBounded.png,0.322331983651162,0.006338270425827571,132.36750000000004
dataset/35-4/2.0MapBounded.png,0.5645658879170543,0.006338270425827317,368.11750000000006
dataset/35-4/3.0MapBounded.png,0.5923600666551817,0.0063382704258273265,518.1275
dataset/35-4/4.0MapBounded.png,0.6281191213504792,0.006338270425827236,608.3325000000001
dataset/35-4/5.0MapBounded.png,0.5519349217203331,0.006338270425827254,621.3000000000001
dataset/35-4/6.0MapBounded.png,0.6668314827003605,0.00633827042582725,677.1325000000002
dataset/35-4/7.0MapBounded.png,0.7615423081461205,0.00633827042582724,704.9500000000002
dataset/35-4/8.0MapBounded.png,0.5804159380437763,0.006338270425827241,708.2650000000001
dataset/35-4/9.0MapBounded.png,0.48592888705224646,0.00633827042582725,708.5550000000002
dataset/35-4/10.0MapBounded.png,0.4387383277351808,0.006338270425827624,708.5150000000001
dataset/35-4/11.0MapBounded.png,0.06047375058611996,0.00633827042582724,708.5650000000002
dataset/35-4/12.0MapBounded.png,0.1099457094447214,0.006338270425827088,708.6275000000002
dataset/35-4/13.0MapBounded.png,0.35870002286229885,0.006338270425827243,708.7025000000001
dataset/35-4/14.0MapBounded.png,0.5950791845778263,0.006338270425827237,708.7700000000001
dataset/35-4/15.0MapBounded.png,0.5494869297656082,0.006338270425827245,708.9700000000001
dataset/35-4/16.0MapBounded.png,0.5494869297656082,0.006338270425827245,708.9800000000001
dataset/35-4/17.0MapBounded.png,0.5494869297656082,0.006338270425827245,708.9900000000001
dataset/35-4/18.0MapBounded.png,0.5494869297656082,0.006338270425827245,708.9900000000001
dataset/35-4/19.0MapBounded.png,0.49101028959692433,0.006338270425827224,708.9900000000001
dataset/35-4/20.0MapBounded.png,0.6781330037549824,0.006338270425827251,711.1750000000002
dataset/35-4/21.0MapBounded.png,0.6391060333731491,0.006338270425827236,718.0525000000001
dataset/35-4/22.0MapBounded.png,0.5580366016156183,0.0063382704258274115,718.7600000000001
dataset/36-0/0MapBounded.png,3.1311265965624258,0.14994913501377974,102.91750000000002
dataset/36-0/1.0MapBounded.png,0.6262556201081473,0.14994913501377946,397.3525000000001
dataset/36-0/2.0MapBounded.png,1.7932283673018956,0.1499491350137806,491.3325000000001
dataset/36-0/3.0MapBounded.png,1.7932283673018956,0.1499491350137806,491.36250000000007
dataset/36-0/4.0MapBounded.png,1.3006993387191867,0.14994913501378018,611.7500000000001
dataset/36-0/5.0MapBounded.png,2.543276773335536,0.1499491350137803,713.3700000000001
dataset/36-0/6.0MapBounded.png,1.0198809421072887,0.14994913501377974,835.7325000000002
dataset/36-0/7.0MapBounded.png,5.366550557997744,0.14994913501377932,910.4125000000001
dataset/36-0/8.0MapBounded.png,5.3460183981044995,0.14994913501377968,924.7300000000001
dataset/36-0/9.0MapBounded.png,3.7299924458425284,0.14994913501377943,945.9225000000001
dataset/36-0/10.0MapBounded.png,5.310694108690991,0.14994913501377982,962.5350000000002
dataset/36-0/11.0MapBounded.png,5.310694108690991,0.14994913501377982,962.5325000000001
dataset/36-0/12.0MapBounded.png,3.377882393959136,0.14994913501378018,962.5600000000002
dataset/36-0/13.0MapBounded.png,3.3652603021710257,0.14994913501377996,970.3175000000002
dataset/36-0/14.0MapBounded.png,3.547939863237326,0.14994913501377952,970.3425000000002
dataset/36-0/15.0MapBounded.png,3.547939863237326,0.14994913501377952,970.3425000000002
dataset/36-0/16.0MapBounded.png,5.342281963453731,0.14994913501378007,970.3950000000002
dataset/36-0/17.0MapBounded.png,5.3377477186914835,0.14994913501377985,970.4050000000002
dataset/36-0/18.0MapBounded.png,4.838352363034776,0.14994913501377932,970.9375000000002
dataset/36-0/19.0MapBounded.png,4.58251036707137,0.1499491350137792,971.1200000000002
dataset/36-0/20.0MapBounded.png,3.80538045265767,0.1499491350137796,971.1400000000002
dataset/36-0/21.0MapBounded.png,3.358674891198974,0.14994913501377938,971.1625000000001
dataset/36-0/22.0MapBounded.png,2.7796280600563104,0.1499491350137796,971.1775000000002
dataset/36-0/23.0MapBounded.png,2.3436622984784545,0.14994913501378024,971.2350000000002
dataset/36-0/24.0MapBounded.png,1.9588176140302798,0.14994913501378038,971.2650000000002
dataset/36-0/25.0MapBounded.png,1.3696375849349702,0.14994913501378002,971.2725000000002
dataset/36-0/26.0MapBounded.png,1.4182869019021471,0.14994913501378002,971.7450000000002
dataset/36-0/27.0MapBounded.png,1.4271986310055982,0.1499491350137792,971.8200000000002
dataset/36-0/28.0MapBounded.png,0.706506819026872,0.1499491350137802,971.8500000000001
dataset/36-0/29.0MapBounded.png,1.2964408775876002,0.1499491350137801,972.0875000000002
dataset/36-0/30.0MapBounded.png,0.4208283978708659,0.14994913501377996,972.0925000000002
dataset/36-0/31.0MapBounded.png,0.44523757006695397,0.14994913501377996,972.1025000000002
dataset/36-0/32.0MapBounded.png,1.092881019514564,0.14994913501377966,972.1125000000002
dataset/36-0/33.0MapBounded.png,0.7082640817955785,0.14994913501377985,972.1725000000002
dataset/36-0/34.0MapBounded.png,0.6092850566032324,0.14994913501377913,972.2000000000002
dataset/36-0/35.0MapBounded.png,1.1240411059869049,0.14994913501377902,972.1925000000002
dataset/36-0/36.0MapBounded.png,1.2814619171089725,0.1499491350137796,972.3075000000002
dataset/36-0/37.0MapBounded.png,1.7899389005124307,0.14994913501378,972.3150000000002
dataset/36-0/38.0MapBounded.png,1.487000440686648,0.14994913501377985,972.6700000000002
dataset/36-0/39.0MapBounded.png,1.8730327632160089,0.1499491350137802,972.7000000000002
dataset/36-0/40.0MapBounded.png,1.375368594816334,0.1499491350137796,972.7100000000002
dataset/36-0/41.0MapBounded.png,1.3976176986031343,0.14994913501377993,972.7125000000002
dataset/36-0/42.0MapBounded.png,0.9770754066849993,0.1499491350137798,972.9050000000002
dataset/36-0/43.0MapBounded.png,0.9675799392798431,0.14994913501378007,972.9150000000002
dataset/36-0/44.0MapBounded.png,1.32556914705515,0.14994913501377996,973.0125000000002
dataset/36-0/45.0MapBounded.png,0.6091620988171432,0.14994913501378015,973.1275000000002
dataset/36-0/46.0MapBounded.png,0.9352826657258722,0.14994913501377966,973.2050000000002
dataset/36-0/47.0MapBounded.png,0.521103758292441,0.14994913501377943,973.1975000000002
dataset/36-0/48.0MapBounded.png,0.24305199519714388,0.14994913501377977,973.2350000000002
dataset/36-0/49.0MapBounded.png,0.21486186159902496,0.14994913501378088,973.3300000000002
dataset/36-0/50.0MapBounded.png,0.25640148582694416,0.14994913501378063,973.3625000000002
dataset/36-0/51.0MapBounded.png,0.914767953101679,0.1499491350137799,973.3675000000002
dataset/36-0/52.0MapBounded.png,0.9157807249652766,0.1499491350137796,973.3825000000002
dataset/36-0/53.0MapBounded.png,0.6635374083874725,0.1499491350137794,973.4350000000002
dataset/36-0/54.0MapBounded.png,1.0806107265136444,0.14994913501377924,973.4575000000002
dataset/36-0/55.0MapBounded.png,0.9950972891118222,0.14994913501377946,973.4825000000002
dataset/36-0/56.0MapBounded.png,1.315390254457639,0.14994913501378024,973.5175000000002
dataset/36-0/57.0MapBounded.png,1.5624133654303192,0.14994913501378052,973.5075000000002
dataset/36-0/58.0MapBounded.png,1.7643742871377281,0.1499491350137798,973.6225000000002
dataset/36-0/59.0MapBounded.png,1.3380891396448813,0.14994913501378,973.6275000000002
dataset/36-0/60.0MapBounded.png,1.3012526147980072,0.14994913501378004,973.6275000000002
dataset/36-0/61.0MapBounded.png,1.3621398116506682,0.14994913501377988,973.6275000000002
dataset/36-0/62.0MapBounded.png,1.9228392830342353,0.14994913501378015,973.6325000000002
dataset/36-0/63.0MapBounded.png,1.9439170733191755,0.14994913501377966,973.6300000000002
dataset/36-0/64.0MapBounded.png,1.7113653160564044,0.14994913501377993,973.7100000000002
dataset/36-0/65.0MapBounded.png,2.0684570152367967,0.14994913501377952,973.7150000000001
dataset/36-0/66.0MapBounded.png,2.216221656299487,0.14994913501378024,973.7200000000001
dataset/36-0/67.0MapBounded.png,2.2259150050663576,0.14994913501377963,973.7250000000001
dataset/36-0/68.0MapBounded.png,1.9325955475495356,0.14994913501377996,973.7275000000002
dataset/36-0/69.0MapBounded.png,2.3023573783912803,0.14994913501378007,973.8100000000002
dataset/36-0/70.0MapBounded.png,2.516470424198366,0.14994913501378007,973.8100000000002
dataset/36-0/71.0MapBounded.png,2.5711691754333876,0.14994913501377974,973.8100000000002
dataset/36-0/72.0MapBounded.png,2.537025680945024,0.1499491350137797,973.9075000000001
dataset/36-0/73.0MapBounded.png,3.151418024957432,0.1499491350137797,973.9175000000002
dataset/36-0/74.0MapBounded.png,3.0160228069609443,0.1499491350137802,973.9975000000002
dataset/36-0/75.0MapBounded.png,3.3686442902670204,0.1499491350137797,973.9975000000002
dataset/36-0/76.0MapBounded.png,3.2288956708336007,0.14994913501377957,974.0100000000002
dataset/36-0/77.0MapBounded.png,2.597679493314801,0.14994913501378024,974.0450000000002
dataset/36-0/78.0MapBounded.png,2.9228400543373922,0.14994913501377974,974.0425000000002
dataset/36-0/79.0MapBounded.png,2.668080996471741,0.14994913501378102,974.1150000000002
dataset/36-0/80.0MapBounded.png,2.8457388261933954,0.14994913501378027,974.1100000000002
dataset/36-0/81.0MapBounded.png,2.9139854740299724,0.14994913501378054,974.1075000000002
dataset/36-1/0MapBounded.png,0.4149289896553934,0.013215691279468705,51.92500000000001
dataset/36-1/1.0MapBounded.png,0.3454515478528824,0.013215691279469411,200.09750000000003
dataset/36-1/2.0MapBounded.png,0.3367059726351074,0.013215691279468656,235.54000000000005
dataset/36-1/3.0MapBounded.png,0.3487970418265614,0.013215691279468844,266.31000000000006
dataset/36-1/4.0MapBounded.png,0.4065260428112831,0.013215691279468967,397.31250000000006
dataset/36-1/5.0MapBounded.png,0.2666806901407587,0.013215691279468466,550.9700000000001
dataset/36-1/6.0MapBounded.png,0.5787002506249127,0.013215691279468963,640.4150000000001
dataset/36-1/7.0MapBounded.png,0.14038318659156374,0.013215691279468877,704.7800000000001
dataset/36-1/8.0MapBounded.png,0.5317068868173946,0.013215691279468702,707.4275000000001
dataset/36-1/9.0MapBounded.png,0.40386485617874557,0.013215691279469158,765.1025000000002
dataset/36-1/10.0MapBounded.png,0.26389355654761776,0.013215691279468636,789.1900000000002
dataset/36-1/11.0MapBounded.png,0.26389355654761776,0.013215691279468636,797.9800000000001
dataset/36-1/12.0MapBounded.png,0.4608723676353399,0.01321569127946924,797.9150000000002
dataset/36-1/13.0MapBounded.png,0.32304433076946243,0.013215691279469357,798.7575000000002
dataset/36-4/0MapBounded.png,0.12272568573745807,0.006728224581862566,48.56000000000001
dataset/36-4/1.0MapBounded.png,0.11431013482334325,0.006728224581862792,66.66750000000002
dataset/36-4/2.0MapBounded.png,0.007545873619480979,0.0067282245818625986,84.93500000000002
dataset/36-4/3.0MapBounded.png,0.15622105070211365,0.0067282245818627,215.30000000000004
dataset/36-4/4.0MapBounded.png,0.07449835543871654,0.006728224581862554,383.87500000000006
dataset/36-4/5.0MapBounded.png,0.16744866872254774,0.006728224581862201,427.6450000000001
dataset/36-4/6.0MapBounded.png,0.31841396420556195,0.006728224581862607,504.9150000000001
dataset/36-4/7.0MapBounded.png,0.2402919294943233,0.006728224581862276,567.9300000000001
dataset/36-4/8.0MapBounded.png,0.21577397979429166,0.006728224581862425,594.4275000000001
dataset/36-4/9.0MapBounded.png,0.1626243952273743,0.006728224581862598,640.6825000000001
dataset/36-4/10.0MapBounded.png,0.065183422978714,0.00672822458186299,669.5950000000001
dataset/36-4/11.0MapBounded.png,0.12869195015007412,0.006728224581862557,670.3925000000002
dataset/36-4/12.0MapBounded.png,0.25828845599609657,0.006728224581862679,674.0375000000001
dataset/36-4/13.0MapBounded.png,0.2594007853294211,0.006728224581862251,674.0375000000001
dataset/36-5/0MapBounded.png,0.07544961772297881,0.002219576696584307,58.937500000000014
dataset/36-5/1.0MapBounded.png,0.08559494529203063,0.002219576696584412,130.40750000000003
dataset/36-5/2.0MapBounded.png,0.6102621619075335,0.0022195766965842374,197.65000000000003
dataset/36-5/3.0MapBounded.png,0.4633325136792632,0.0022195766965841415,228.18250000000003
dataset/36-5/4.0MapBounded.png,0.3133665929690916,0.0022195766965841753,294.57250000000005
dataset/36-5/5.0MapBounded.png,0.22850644964923741,0.0022195766965843093,370.18500000000006
dataset/36-5/6.0MapBounded.png,0.051055424318049256,0.0022195766965850453,488.8175000000001
dataset/36-5/7.0MapBounded.png,0.08696238589644059,0.0022195766965844143,588.7300000000001
dataset/36-5/8.0MapBounded.png,0.16470432924365214,0.0022195766965849508,636.2200000000001
dataset/36-5/9.0MapBounded.png,0.03667494386036358,0.002219576696584287,717.3825000000002
dataset/36-5/10.0MapBounded.png,0.08184959659425924,0.0022195766965838245,755.6875000000001
dataset/36-5/11.0MapBounded.png,0.20203912269769633,0.0022195766965843124,776.8325000000001
dataset/36-5/12.0MapBounded.png,0.16810311813845127,0.0022195766965845236,795.8900000000001
dataset/36-5/13.0MapBounded.png,0.22354558126620802,0.002219576696584708,796.7150000000001
dataset/36-6/0MapBounded.png,1.089023531865918,0.0049559218320598415,15.985000000000003
dataset/36-6/1.0MapBounded.png,0.6153313839985642,0.004955921832059898,134.06500000000003
dataset/36-6/2.0MapBounded.png,0.4384396771527319,0.004955921832059477,190.90500000000003
dataset/36-6/3.0MapBounded.png,0.5247481409182673,0.004955921832059827,289.6050000000001
dataset/36-6/4.0MapBounded.png,0.3642469654988829,0.0049559218320598085,308.3475000000001
dataset/36-6/5.0MapBounded.png,0.20781314549174437,0.004955921832059943,308.7900000000001
dataset/36-6/6.0MapBounded.png,0.5987457513478198,0.004955921832059226,309.20250000000004
dataset/36-6/7.0MapBounded.png,0.40375562341053695,0.004955921832059373,309.3475000000001
dataset/36-8/0MapBounded.png,10.355582163268245,0.011707342694424203,52.32750000000001
dataset/36-8/1.0MapBounded.png,5.772570664534864,0.01170734269442422,106.83000000000003
dataset/36-8/2.0MapBounded.png,6.5019102731191,0.01170734269442426,286.24500000000006
dataset/36-8/3.0MapBounded.png,3.733930217855874,0.011707342694424345,393.4125000000001
dataset/36-8/4.0MapBounded.png,6.47090225947216,0.011707342694424026,453.2700000000001
dataset/36-8/5.0MapBounded.png,7.5934666802653465,0.01170734269442424,506.8150000000001
dataset/36-8/6.0MapBounded.png,10.907203024181594,0.011707342694424241,568.9250000000001
dataset/36-8/7.0MapBounded.png,8.306911540716145,0.011707342694424309,633.3600000000001
dataset/36-8/8.0MapBounded.png,11.88571804322049,0.011707342694423787,722.5500000000002
dataset/36-8/9.0MapBounded.png,3.920531475533069,0.011707342694423644,753.7275000000002
dataset/36-8/10.0MapBounded.png,3.9800615270377366,0.011707342694424732,762.2225000000002
dataset/36-8/11.0MapBounded.png,3.269432228831981,0.011707342694425348,762.2100000000002
dataset/36-8/12.0MapBounded.png,2.7914564506722255,0.011707342694424219,762.2225000000002
dataset/36-8/13.0MapBounded.png,2.8157409485888674,0.011707342694424193,762.2375000000002
dataset/36-8/14.0MapBounded.png,2.3130746289264206,0.011707342694424624,762.2100000000002
dataset/36-8/15.0MapBounded.png,0.9359110435352103,0.011707342694423771,762.2300000000001
dataset/36-8/16.0MapBounded.png,0.714878220434446,0.011707342694424203,762.2475000000002
dataset/36-8/17.0MapBounded.png,1.7168107230215326,0.011707342694423396,762.2325000000002
dataset/36-8/18.0MapBounded.png,0.5719155459967279,0.0117073426944242,762.1925000000001
dataset/36-8/19.0MapBounded.png,0.9943384383709862,0.01170734269442391,762.2050000000002
dataset/36-8/20.0MapBounded.png,1.67453525849058,0.011707342694423844,762.2275000000002
dataset/36-8/21.0MapBounded.png,1.843175182165457,0.0117073426944242,762.2275000000002
dataset/36-8/22.0MapBounded.png,2.2852095322191284,0.011707342694424323,762.2175000000002
dataset/36-8/23.0MapBounded.png,3.1416875401844355,0.011707342694423226,762.2400000000001
dataset/36-8/24.0MapBounded.png,3.0898705843858134,0.011707342694423988,762.2625000000002
dataset/36-8/25.0MapBounded.png,3.2902360338988257,0.01170734269442395,762.2625000000002
dataset/36-8/26.0MapBounded.png,3.7939670771513523,0.011707342694424723,762.2925000000001
dataset/36-8/27.0MapBounded.png,4.655831618636046,0.01170734269442402,762.3125000000001
dataset/36-8/28.0MapBounded.png,4.546084053146,0.011707342694423998,762.3400000000001
dataset/36-8/29.0MapBounded.png,5.128389259075365,0.011707342694424187,762.3500000000001
dataset/36-8/30.0MapBounded.png,5.991657893838818,0.01170734269442511,762.5300000000002
dataset/36-8/31.0MapBounded.png,4.712179692983527,0.011707342694424196,762.4725000000002
dataset/36-8/32.0MapBounded.png,4.660092277972828,0.01170734269442422,762.8150000000002
dataset/36-8/33.0MapBounded.png,4.723241132553912,0.011707342694424179,762.8000000000002
dataset/36-8/34.0MapBounded.png,4.689476639728724,0.011707342694424198,762.7775000000001
dataset/36-8/35.0MapBounded.png,4.688147454216672,0.011707342694424026,762.7550000000001
dataset/36-8/36.0MapBounded.png,4.688147454216672,0.011707342694424026,762.7525000000002
dataset/36-8/37.0MapBounded.png,3.4011223043025955,0.011707342694424265,762.7525000000002
dataset/36-8/38.0MapBounded.png,6.711163544227846,0.01170734269442419,782.3900000000001
dataset/36-8/39.0MapBounded.png,8.661838733040213,0.011707342694424151,783.3050000000002
dataset/36-8/40.0MapBounded.png,2.0725089567302213,0.01170734269442443,812.2225000000002
dataset/36-8/41.0MapBounded.png,3.475187196237107,0.011707342694424482,812.1950000000002
dataset/37-0/0MapBounded.png,0.4270452159512473,0.003752958031167434,63.05750000000001
dataset/37-0/1.0MapBounded.png,0.24406094506692913,0.003752958031167435,345.5275000000001
dataset/37-0/2.0MapBounded.png,0.05344875180266988,0.0037529580311672665,562.8675000000001
dataset/37-0/3.0MapBounded.png,0.02541198665415146,0.003752958031167473,610.5450000000001
dataset/37-0/4.0MapBounded.png,0.13159133571196757,0.0037529580311674074,610.3575000000001
dataset/37-0/5.0MapBounded.png,0.07908581306021614,0.003752958031167477,615.6925000000001
dataset/37-0/6.0MapBounded.png,0.13746545831196594,0.003752958031167563,633.6450000000001
dataset/37-0/7.0MapBounded.png,0.13746545831196594,0.003752958031167563,633.6375000000002
dataset/37-0/8.0MapBounded.png,0.08672966580819118,0.0037529580311674374,633.5400000000001
dataset/37-1/0MapBounded.png,1.4983908796381291,0.0006348878955321743,40.42500000000001
dataset/37-1/1.0MapBounded.png,1.4098766112864638,0.0006348878955320267,109.77250000000002
dataset/37-1/2.0MapBounded.png,1.4432985171264365,0.000634887895532566,187.50500000000002
dataset/37-1/3.0MapBounded.png,1.266172176912131,0.0006348878955321099,267.71500000000003
dataset/37-1/4.0MapBounded.png,1.1567174182555564,0.000634887895532169,372.1425000000001
dataset/37-1/5.0MapBounded.png,1.1830271564684054,0.0006348878955318673,388.23750000000007
dataset/37-1/6.0MapBounded.png,0.7032929576227105,0.0006348878955322402,418.0250000000001
dataset/37-1/7.0MapBounded.png,0.6057562274069174,0.0006348878955322125,469.3425000000001
dataset/37-1/8.0MapBounded.png,0.3211256602334662,0.0006348878955321123,469.36000000000007
dataset/37-1/9.0MapBounded.png,0.10555782260964036,0.0006348878955321805,469.3075000000001
dataset/37-1/10.0MapBounded.png,0.3377353913016675,0.0006348878955321473,469.3150000000001
dataset/37-1/11.0MapBounded.png,0.5849671198572653,0.0006348878955321819,469.3525000000001
dataset/37-1/12.0MapBounded.png,0.8740145242156586,0.0006348878955321854,469.3750000000001
dataset/37-1/13.0MapBounded.png,0.7745373824085666,0.0006348878955331707,469.3775000000001
dataset/37-1/14.0MapBounded.png,0.771755787404946,0.0006348878955321542,469.3850000000001
dataset/37-1/15.0MapBounded.png,0.7738722357005727,0.0006348878955320673,470.1900000000001
dataset/37-1/16.0MapBounded.png,0.7738722357005727,0.0006348878955320673,470.1900000000001
dataset/37-1/17.0MapBounded.png,0.854753808583598,0.0006348878955321664,470.1950000000001
dataset/37-1/18.0MapBounded.png,1.0710447515848613,0.0006348878955321705,470.2000000000001
dataset/37-1/19.0MapBounded.png,1.1735726502740855,0.0006348878955327773,488.1775000000001
dataset/37-2/0MapBounded.png,0.21621401678672264,0.004256128775868926,20.387500000000003
dataset/37-2/1.0MapBounded.png,0.20482736054195927,0.004256128775868521,186.07500000000005
dataset/37-2/2.0MapBounded.png,0.1144568636799485,0.004256128775869076,430.1575000000001
dataset/37-2/3.0MapBounded.png,0.10757731586719944,0.0042561287758688246,432.1600000000001
dataset/37-2/4.0MapBounded.png,0.1162019389374882,0.004256128775868416,446.6075000000001
dataset/37-2/5.0MapBounded.png,0.052494034397149954,0.004256128775869543,633.4950000000001
dataset/37-2/6.0MapBounded.png,0.1074908193489494,0.004256128775868926,713.1200000000001
dataset/37-2/7.0MapBounded.png,0.2226496917537484,0.0042561287758686684,728.4375000000001
dataset/37-2/8.0MapBounded.png,0.11078788573643879,0.004256128775868685,739.1650000000002
dataset/37-3/0MapBounded.png,0.2616797690993077,0.005846027548054903,56.29000000000001
dataset/37-3/1.0MapBounded.png,0.07929742960965745,0.005846027548054522,247.89000000000004
dataset/37-3/2.0MapBounded.png,0.24512302296262262,0.005846027548055313,273.9150000000001
dataset/37-3/3.0MapBounded.png,0.16301312237999285,0.005846027548055001,355.95500000000004
dataset/37-3/4.0MapBounded.png,0.21254488990704537,0.005846027548054959,494.0600000000001
dataset/37-3/5.0MapBounded.png,0.09797514730534286,0.005846027548055096,577.7650000000001
dataset/37-3/6.0MapBounded.png,0.09984697938207336,0.005846027548054434,693.8875000000002
dataset/37-3/7.0MapBounded.png,0.21190464430909955,0.005846027548054777,790.6300000000001
dataset/37-3/8.0MapBounded.png,0.24539714178692612,0.005846027548054347,827.5975000000002
dataset/37-3/9.0MapBounded.png,0.04890129475355439,0.005846027548054882,827.6350000000001
dataset/37-3/10.0MapBounded.png,0.04890129475355439,0.005846027548054882,827.6350000000001
dataset/37-3/11.0MapBounded.png,0.12180886524296851,0.005846027548053691,828.1225000000002
dataset/37-4/0MapBounded.png,0.08944021059424741,0.007125210583859208,54.32750000000001
dataset/37-4/1.0MapBounded.png,0.11233126911284387,0.007125210583859016,138.24500000000003
dataset/37-4/2.0MapBounded.png,0.06963009985245257,0.007125210583859085,208.03750000000005
dataset/37-4/3.0MapBounded.png,0.27785694759442436,0.007125210583859169,264.33750000000003
dataset/37-4/4.0MapBounded.png,0.22961506325541184,0.007125210583859102,318.73500000000007
dataset/37-4/5.0MapBounded.png,0.2122353350623228,0.007125210583859131,369.6050000000001
dataset/37-4/6.0MapBounded.png,0.048141690687289344,0.00712521058385924,421.29750000000007
dataset/37-4/7.0MapBounded.png,0.17296856575762593,0.007125210583859159,455.7675000000001
dataset/37-4/8.0MapBounded.png,0.19430172865849013,0.0071252105838592525,521.1075000000001
dataset/37-4/9.0MapBounded.png,0.12572454705075126,0.007125210583858607,611.6125000000001
dataset/37-4/10.0MapBounded.png,0.08796899093947912,0.007125210583859899,636.1350000000001
dataset/37-4/11.0MapBounded.png,0.06619363132518967,0.007125210583859022,641.4675000000001
dataset/37-4/12.0MapBounded.png,0.06619363132518967,0.007125210583859022,641.5250000000001
dataset/37-4/13.0MapBounded.png,0.06619363132518967,0.007125210583859022,641.5275000000001
dataset/37-4/14.0MapBounded.png,0.06619363132518967,0.007125210583859022,641.5300000000001
dataset/37-4/15.0MapBounded.png,0.4035732668101967,0.007125210583858808,641.6725000000001
dataset/37-4/16.0MapBounded.png,0.2557869407476863,0.00712521058385919,644.1125000000002
dataset/38-1/0MapBounded.png,0.3424700746261904,0.006602186551080566,10.357500000000002
dataset/38-1/1.0MapBounded.png,0.17187956954289432,0.006602186551080564,193.49000000000004
dataset/38-1/2.0MapBounded.png,0.12446091423243878,0.006602186551080258,317.45500000000004
dataset/38-1/3.0MapBounded.png,0.01921140773569861,0.006602186551080025,440.0050000000001
dataset/38-1/4.0MapBounded.png,0.36883750834590684,0.006602186551080793,508.9150000000001
dataset/38-1/5.0MapBounded.png,0.09492884890795494,0.006602186551080646,601.6025000000001
dataset/38-1/6.0MapBounded.png,0.02327857923497436,0.006602186551080666,609.4025000000001
dataset/39-1/0MapBounded.png,0.05249774642290536,0.0023579052755680905,25.555000000000003
dataset/39-1/1.0MapBounded.png,0.009238195868516931,0.0023579052755683633,112.17250000000003
dataset/39-1/2.0MapBounded.png,0.008396526242407646,0.00235790527556838,112.22250000000003
dataset/39-2/0MapBounded.png,0.8016034359764317,0.006606404625015004,14.615000000000002
dataset/39-2/1.0MapBounded.png,0.36038402948795467,0.006606404625014958,124.59250000000003
dataset/39-2/2.0MapBounded.png,0.5077380871947587,0.006606404625014973,214.82500000000005
dataset/39-2/3.0MapBounded.png,0.43005394338069325,0.0066064046250148695,335.67750000000007
dataset/39-2/4.0MapBounded.png,0.27803825193817466,0.006606404625014928,336.24750000000006
dataset/39-2/5.0MapBounded.png,0.06443371243833089,0.006606404625015074,435.3175000000001
dataset/39-2/6.0MapBounded.png,0.21460187296529187,0.006606404625014976,473.4000000000001
dataset/39-2/7.0MapBounded.png,0.3311163933166166,0.0066064046250151045,542.7675000000002
dataset/39-2/8.0MapBounded.png,0.2794757898780979,0.006606404625014502,602.6500000000001
dataset/39-2/9.0MapBounded.png,0.38784812695145787,0.006606404625016255,613.9175000000001
dataset/39-2/10.0MapBounded.png,0.36363345387068674,0.006606404625015201,615.5600000000002
dataset/39-2/11.0MapBounded.png,0.19944921738551855,0.006606404625015449,616.3075000000001
dataset/39-2/12.0MapBounded.png,0.14559939814353537,0.006606404625014815,619.7825000000001
dataset/39-2/13.0MapBounded.png,0.14559939814353537,0.006606404625014815,619.7825000000001
dataset/39-2/14.0MapBounded.png,0.020591607709600848,0.006606404625014618,619.6550000000001
dataset/39-2/15.0MapBounded.png,0.11529362356336222,0.0066064046250145616,619.6475000000002
dataset/39-3/0MapBounded.png,0.01341077502358745,0.002823657183425968,95.42000000000002
dataset/39-3/1.0MapBounded.png,0.0009417159812968244,0.0028236571834260264,192.91250000000005
dataset/39-4/0MapBounded.png,0.5709219152824737,0.01506360144048749,8.285000000000002
dataset/39-4/1.0MapBounded.png,0.3844144566664614,0.015063601440488048,109.97000000000003
dataset/39-4/2.0MapBounded.png,0.3277637830512771,0.015063601440487597,269.70250000000004
dataset/39-4/3.0MapBounded.png,0.21311523520187364,0.015063601440487,344.83250000000004
dataset/39-4/4.0MapBounded.png,0.29306665550457334,0.015063601440487531,498.5725000000001
dataset/39-4/5.0MapBounded.png,0.32301509489287633,0.015063601440487288,533.3525000000001
dataset/39-4/6.0MapBounded.png,0.34623324823091145,0.015063601440487476,565.9700000000001
dataset/39-4/7.0MapBounded.png,0.22783625609239333,0.015063601440486737,565.6375000000002
dataset/39-4/8.0MapBounded.png,0.2592877803367874,0.015063601440487287,571.2150000000001
dataset/39-4/9.0MapBounded.png,0.2592877803367874,0.015063601440487287,571.1525000000001
dataset/39-4/10.0MapBounded.png,0.06254819946025021,0.015063601440487542,590.8200000000002
dataset/39-4/11.0MapBounded.png,0.0891649821003353,0.015063601440487453,602.3150000000002
dataset/39-4/12.0MapBounded.png,0.0891649821003353,0.015063601440487453,602.3150000000002
dataset/39-4/13.0MapBounded.png,0.06764164829992095,0.015063601440487514,602.5675000000001
dataset/39-4/14.0MapBounded.png,0.3502507470141161,0.015063601440487205,602.6825000000001
dataset/39-4/15.0MapBounded.png,0.5263385940098336,0.015063601440487934,602.5875000000001
dataset/39-4/16.0MapBounded.png,0.4552988008061372,0.015063601440487665,602.6150000000001
dataset/39-6/0MapBounded.png,0.3023123788174227,0.0027491444421875407,12.000000000000002
dataset/39-6/1.0MapBounded.png,0.35983876393561043,0.00274914444218755,95.79250000000002
dataset/39-6/2.0MapBounded.png,0.3313730069163645,0.0027491444421874523,215.35750000000004
dataset/39-6/3.0MapBounded.png,0.21627031170694266,0.0027491444421869787,269.74750000000006
dataset/39-6/4.0MapBounded.png,0.0753799363971834,0.002749144442187835,395.5825000000001
dataset/39-6/5.0MapBounded.png,0.09957062558016289,0.002749144442187296,575.0500000000001
dataset/39-6/6.0MapBounded.png,0.12248193209332466,0.0027491444421875854,610.4425000000001
dataset/39-6/7.0MapBounded.png,0.11166912042740752,0.0027491444421873772,611.3300000000002
dataset/39-6/8.0MapBounded.png,0.11201025607596758,0.002749144442187167,611.1800000000001
dataset/39-6/9.0MapBounded.png,0.19032164617306135,0.0027491444421878387,611.1725000000001
dataset/39-6/10.0MapBounded.png,0.2186167670032606,0.0027491444421877155,611.1475000000002
dataset/4-0/0MapBounded.png,4.274917793475804,0.03376128345847246,16.225
dataset/4-0/1.0MapBounded.png,3.7817829783102925,0.03376128345847237,378.0175000000001
dataset/4-0/2.0MapBounded.png,3.075773031627782,0.033761283458472506,662.5350000000001
dataset/4-0/3.0MapBounded.png,2.6026890650208148,0.0337612834584725,817.4075000000001
dataset/4-0/4.0MapBounded.png,2.3225201007627114,0.03376128345847263,927.0975000000002
dataset/4-0/5.0MapBounded.png,1.8830200315918464,0.03376128345847264,1057.3700000000001
dataset/4-0/6.0MapBounded.png,2.475819370253793,0.033761283458471965,1070.9575000000002
dataset/4-0/7.0MapBounded.png,2.164043450777388,0.033761283458471604,1072.2350000000001
dataset/4-0/8.0MapBounded.png,3.3454228012870177,0.03376128345847256,1100.6900000000003
dataset/4-0/9.0MapBounded.png,2.0179567144933106,0.03376128345847198,1100.7475000000002
dataset/4-0/10.0MapBounded.png,1.6862923958393252,0.033761283458471396,1100.6350000000002
dataset/4-0/11.0MapBounded.png,0.879382432213911,0.03376128345847266,1100.6825000000001
dataset/4-0/12.0MapBounded.png,0.2856184358389006,0.03376128345847161,1100.7350000000001
dataset/4-0/13.0MapBounded.png,0.7848652862336606,0.03376128345847177,1101.2225000000003
dataset/4-0/14.0MapBounded.png,1.1092063191633972,0.03376128345847244,1101.2450000000001
dataset/4-0/15.0MapBounded.png,2.008392534259916,0.033761283458473214,1101.4200000000003
dataset/4-0/16.0MapBounded.png,2.638161506033043,0.03376128345847221,1101.3475000000003
dataset/4-0/17.0MapBounded.png,2.638161506033043,0.03376128345847221,1101.4900000000002
dataset/4-0/18.0MapBounded.png,2.620236421285377,0.033761283458472104,1101.5950000000003
dataset/4-0/19.0MapBounded.png,2.60043906032566,0.033761283458472256,1102.0250000000003
dataset/4-0/20.0MapBounded.png,2.197025630225225,0.03376128345847246,1102.2200000000003
dataset/4-0/21.0MapBounded.png,2.0850223695485255,0.033761283458472464,1102.3650000000002
dataset/4-0/22.0MapBounded.png,1.7684016891766923,0.03376128345847249,1102.4825000000003
dataset/4-0/23.0MapBounded.png,1.7405093912802148,0.03376128345847308,1102.5150000000003
dataset/4-0/24.0MapBounded.png,1.1711585915903666,0.033761283458472444,1102.3675000000003
dataset/4-0/25.0MapBounded.png,0.8090367379947745,0.033761283458471805,1113.0125000000003
dataset/4-0/26.0MapBounded.png,1.3987998860924766,0.033761283458472464,1112.9450000000002
dataset/4-0/27.0MapBounded.png,1.7083678229806682,0.03376128345847232,1112.9425
dataset/4-0/28.0MapBounded.png,1.5374929201922147,0.033761283458472464,1113.1700000000003
dataset/4-0/29.0MapBounded.png,0.45387687654478254,0.03376128345847213,1247.7825000000003
dataset/4-0/30.0MapBounded.png,0.20525326350756945,0.033761283458472666,1317.5050000000003
dataset/4-0/31.0MapBounded.png,0.12178733212162664,0.033761283458472305,1466.5950000000003
dataset/4-0/32.0MapBounded.png,0.6901354074205868,0.03376128345847242,1561.8575000000003
dataset/4-0/33.0MapBounded.png,0.8276558429345489,0.03376128345847212,1669.7225000000003
dataset/4-0/34.0MapBounded.png,0.64736651482842,0.03376128345847182,1699.4775000000004
dataset/4-0/35.0MapBounded.png,0.17653201450291256,0.03376128345847333,1809.8000000000004
dataset/4-0/36.0MapBounded.png,0.44962428983632924,0.03376128345847295,2029.2900000000004
dataset/4-0/37.0MapBounded.png,0.34316701516984355,0.03376128345847307,2060.2650000000003
dataset/4-0/38.0MapBounded.png,0.29534892712823163,0.03376128345847231,2129.8800000000006
dataset/4-0/39.0MapBounded.png,0.2944550615742263,0.033761283458472686,2137.5500000000006
dataset/4-0/40.0MapBounded.png,0.29092708917875765,0.03376128345847281,2137.6450000000004
dataset/4-0/41.0MapBounded.png,0.2890141285605721,0.03376128345847288,2137.6675000000005
dataset/4-0/42.0MapBounded.png,0.28772760383542045,0.03376128345847264,2137.6800000000003
dataset/4-0/43.0MapBounded.png,0.28772760383542045,0.03376128345847264,2137.6950000000006
dataset/4-0/44.0MapBounded.png,0.28772760383542045,0.03376128345847264,2137.8975000000005
dataset/4-0/45.0MapBounded.png,0.28772760383542045,0.03376128345847264,2137.8825000000006
dataset/4-0/46.0MapBounded.png,0.28772760383542045,0.03376128345847264,2137.8875000000003
dataset/4-0/47.0MapBounded.png,0.28772760383542045,0.03376128345847264,2137.8975000000005
dataset/4-0/48.0MapBounded.png,0.28772760383542045,0.03376128345847264,2137.9100000000003
dataset/4-0/49.0MapBounded.png,0.28772760383542045,0.03376128345847264,2137.9125000000004
dataset/4-0/50.0MapBounded.png,0.9131028036533212,0.033761283458473054,2165.3075000000003
dataset/4-0/51.0MapBounded.png,0.28676443291854203,0.033761283458472464,2187.5625000000005
dataset/4-0/52.0MapBounded.png,0.9105024480355204,0.03376128345847247,2187.6225000000004
dataset/4-0/53.0MapBounded.png,0.6436546508870383,0.033761283458472895,2291.1775000000002
dataset/4-0/54.0MapBounded.png,0.35470752920029025,0.03376128345847309,2309.0450000000005
dataset/4-0/55.0MapBounded.png,0.330732464684274,0.03376128345847246,2316.1750000000006
dataset/4-1/0MapBounded.png,0.43883415706555545,0.008043786939752672,25.730000000000004
dataset/4-1/1.0MapBounded.png,0.5258779024324107,0.008043786939751963,303.43250000000006
dataset/4-1/2.0MapBounded.png,0.2501547299674132,0.008043786939752494,427.87250000000006
dataset/4-1/3.0MapBounded.png,0.24910034571722703,0.0080437869397524,667.7050000000002
dataset/4-1/4.0MapBounded.png,0.30728616582614454,0.008043786939752676,887.1850000000002
dataset/4-1/5.0MapBounded.png,0.10213634623177306,0.008043786939752658,901.2125000000002
dataset/4-2/0MapBounded.png,0.6208100618773776,0.015085638745729607,30.087500000000006
dataset/4-2/1.0MapBounded.png,0.19177164220572077,0.015085638745729374,304.62500000000006
dataset/4-2/2.0MapBounded.png,0.09597175852218741,0.015085638745729844,448.7950000000001
dataset/4-2/3.0MapBounded.png,0.14541630626705382,0.015085638745729062,481.0800000000001
dataset/4-2/4.0MapBounded.png,0.2702261789577471,0.015085638745730174,538.8650000000001
dataset/4-2/5.0MapBounded.png,0.11110266990828942,0.015085638745729005,584.1675000000001
dataset/41-0/0MapBounded.png,0.056363512378745304,0.008288245261202126,17.975000000000005
dataset/41-0/1.0MapBounded.png,0.061035421566645036,0.008288245261202263,298.26000000000005
dataset/41-0/2.0MapBounded.png,0.14557684093795892,0.008288245261203144,400.4625000000001
dataset/41-0/3.0MapBounded.png,0.07145746650159338,0.00828824526120153,475.9325000000001
dataset/41-0/4.0MapBounded.png,0.017870143428509393,0.008288245261202174,476.4625000000001
dataset/41-2/0MapBounded.png,0.36525717251726236,0.012403309283673902,17.085000000000004
dataset/41-2/1.0MapBounded.png,0.23424546668380136,0.012403309283674046,220.83250000000004
dataset/41-2/2.0MapBounded.png,0.2760463430527443,0.012403309283674321,294.62000000000006
dataset/41-2/3.0MapBounded.png,0.025514923237248643,0.012403309283674342,300.32500000000005
dataset/41-2/4.0MapBounded.png,0.10194921994700554,0.012403309283674476,300.2875000000001
dataset/41-2/5.0MapBounded.png,0.1941767094012764,0.012403309283673598,329.49500000000006
dataset/41-2/6.0MapBounded.png,0.16787939455041637,0.012403309283673872,347.86000000000007
dataset/41-2/7.0MapBounded.png,0.16787939455041637,0.012403309283673872,347.86000000000007
dataset/41-2/8.0MapBounded.png,0.04260664665544986,0.012403309283673922,348.2300000000001
dataset/5-0/0MapBounded.png,0.07820024118873407,0.0036851139211080113,35.767500000000005
dataset/5-0/1.0MapBounded.png,0.06882330740621363,0.003685113921108166,384.1550000000001
dataset/5-0/2.0MapBounded.png,0.01648686002095251,0.0036851139211078804,591.2200000000001
dataset/5-2/0MapBounded.png,0.3563646797125402,0.0017338328422003312,50.60000000000001
dataset/5-2/1.0MapBounded.png,0.2106898782242287,0.0017338328421999708,193.95000000000005
dataset/5-2/2.0MapBounded.png,0.08013785774290573,0.0017338328422005123,347.89250000000004
dataset/5-2/3.0MapBounded.png,0.11167461392932396,0.0017338328422002085,453.92250000000007
dataset/5-2/4.0MapBounded.png,0.11406797824172511,0.0017338328421998637,556.7100000000002
dataset/5-2/5.0MapBounded.png,0.11568228154443654,0.0017338328421999823,586.1100000000001
dataset/5-3/0MapBounded.png,0.4737838821620704,0.004895638530966605,17.090000000000003
dataset/5-3/1.0MapBounded.png,0.502926024610342,0.004895638530966499,140.14500000000004
dataset/5-3/2.0MapBounded.png,0.4517824234604151,0.004895638530966668,191.14250000000004
dataset/5-3/3.0MapBounded.png,0.24613732867877278,0.004895638530966965,241.95000000000005
dataset/5-3/4.0MapBounded.png,0.1712785696731549,0.004895638530966557,410.3450000000001
dataset/5-3/5.0MapBounded.png,0.0921291116424427,0.004895638530966503,526.8275000000001
dataset/5-3/6.0MapBounded.png,0.20354350479020503,0.004895638530967376,584.1300000000001
dataset/5-3/7.0MapBounded.png,0.12383812288327231,0.004895638530966737,584.0775000000001
dataset/5-3/8.0MapBounded.png,0.15181832757234018,0.004895638530965746,584.4850000000001
dataset/5-3/9.0MapBounded.png,0.1494680227793138,0.0048956385309668745,588.6250000000001
dataset/5-3/10.0MapBounded.png,0.17313222638725706,0.004895638530967273,588.6250000000001
dataset/5-3/11.0MapBounded.png,0.39686442226361274,0.004895638530966284,588.6200000000001
dataset/50010535_PLAN1/0MapBounded.png,0.24125554501071697,0.0070881244535568304,70.62500000000001
dataset/50010535_PLAN1/1.0MapBounded.png,0.11498432459839542,0.007088124453556991,467.4125000000001
dataset/50010535_PLAN1/2.0MapBounded.png,0.09673329847555313,0.007088124453556838,472.49000000000007
dataset/50010535_PLAN1/3.0MapBounded.png,0.09585872008504544,0.007088124453556836,471.8975000000001
dataset/50010535_PLAN1/4.0MapBounded.png,0.12602764130799204,0.007088124453557073,487.2200000000001
dataset/50010535_PLAN1/5.0MapBounded.png,0.02292863122926993,0.007088124453556636,709.5300000000001
dataset/50010535_PLAN2/0MapBounded.png,0.9642524072295658,0.002682399739269633,107.30500000000002
dataset/50010535_PLAN2/1.0MapBounded.png,0.8930280739598497,0.0026823997392692225,463.0025000000001
dataset/50010535_PLAN2/2.0MapBounded.png,0.7801184456293256,0.0026823997392696895,579.5200000000001
dataset/50010535_PLAN2/3.0MapBounded.png,0.8327153047981797,0.0026823997392701146,584.4825000000001
dataset/50010535_PLAN2/4.0MapBounded.png,0.5261692673476644,0.0026823997392694085,631.2700000000001
dataset/50010535_PLAN2/5.0MapBounded.png,0.3604065690181859,0.0026823997392687294,725.7300000000001
dataset/50010535_PLAN2/6.0MapBounded.png,0.3148413520426546,0.002682399739269235,848.1450000000002
dataset/50010535_PLAN2/7.0MapBounded.png,0.2877425669641948,0.0026823997392696514,965.7050000000002
dataset/50010535_PLAN2/8.0MapBounded.png,0.25312439060302766,0.002682399739269625,1075.1675000000002
dataset/50010535_PLAN2/9.0MapBounded.png,0.4328198818787303,0.0026823997392696145,1141.9750000000001
dataset/50010535_PLAN2/10.0MapBounded.png,0.49660424140502296,0.0026823997392695902,1185.8700000000001
dataset/50010535_PLAN2/11.0MapBounded.png,0.2011519557251729,0.0026823997392704047,1199.2250000000001
dataset/50010535_PLAN2/12.0MapBounded.png,0.10589399318284758,0.0026823997392696436,1216.0900000000001
dataset/50010535_PLAN2/13.0MapBounded.png,0.22342907682154708,0.0026823997392694298,1432.1450000000002
dataset/50010535_PLAN2/14.0MapBounded.png,0.2571238220677461,0.0026823997392697303,1483.2025000000003
dataset/50010535_PLAN2/15.0MapBounded.png,0.03036985292514689,0.0026823997392695503,1511.4325000000003
dataset/50010535_PLAN2/16.0MapBounded.png,0.04506756262768891,0.0026823997392695937,1528.3125000000002
dataset/50010535_PLAN2/17.0MapBounded.png,0.057241423044298106,0.0026823997392696605,1528.3150000000003
dataset/50010535_PLAN2/18.0MapBounded.png,0.012614240781887574,0.002682399739269606,1530.0000000000002
dataset/50010535_PLAN2/19.0MapBounded.png,0.14708827335753502,0.0026823997392703626,1535.8575000000003
dataset/50010535_PLAN2/20.0MapBounded.png,0.14036710132280528,0.0026823997392695755,1538.8200000000004
dataset/50010535_PLAN2/21.0MapBounded.png,0.14036710132280528,0.0026823997392695755,1538.8200000000004
dataset/50010535_PLAN2/22.0MapBounded.png,0.10831989378633329,0.002682399739269894,1539.9975000000004
dataset/50010535_PLAN2/23.0MapBounded.png,0.21869405583583715,0.0026823997392696353,1580.4100000000003
dataset/50010535_PLAN2/24.0MapBounded.png,0.2791472258401853,0.002682399739269642,1663.0450000000003
dataset/50010535_PLAN2/25.0MapBounded.png,0.21484733364162095,0.002682399739269615,1708.6800000000003
dataset/50010535_PLAN2/26.0MapBounded.png,0.19251486019100045,0.002682399739269622,1760.2725000000003
dataset/50010535_PLAN2/27.0MapBounded.png,0.30074144927415714,0.0026823997392695738,2109.9025000000006
dataset/50010535_PLAN2/28.0MapBounded.png,0.22112960688279787,0.002682399739270184,2147.5400000000004
dataset/50010535_PLAN2/29.0MapBounded.png,0.3068081853312212,0.0026823997392694124,2350.1175000000003
dataset/50010535_PLAN2/30.0MapBounded.png,0.23670761857812805,0.0026823997392696965,2363.1575000000003
dataset/50010535_PLAN2/31.0MapBounded.png,0.23961653802932925,0.002682399739269361,2363.1400000000003
dataset/50010535_PLAN2/32.0MapBounded.png,0.21328849067353386,0.0026823997392698773,2363.1925000000006
dataset/50010535_PLAN2/33.0MapBounded.png,0.14625599309416074,0.002682399739269824,2363.1625000000004
dataset/50010535_PLAN2/34.0MapBounded.png,0.16080459714502118,0.0026823997392694233,2519.0525000000007
dataset/50010535_PLAN2/35.0MapBounded.png,0.4050732924740159,0.002682399739268145,2655.3450000000007
dataset/50010535_PLAN2/36.0MapBounded.png,0.4293320697387988,0.002682399739268976,2671.8800000000006
dataset/50010535_PLAN2/37.0MapBounded.png,0.4195406620056476,0.0026823997392698166,2683.7150000000006
dataset/50010535_PLAN2/38.0MapBounded.png,0.5911960944417747,0.0026823997392694623,2685.6400000000003
dataset/50010535_PLAN2/39.0MapBounded.png,0.8443131033327071,0.0026823997392692875,2688.0975000000003
dataset/50010535_PLAN2/40.0MapBounded.png,0.8377247900605066,0.002682399739269629,2688.2100000000005
dataset/50010539/0MapBounded.png,0.18109030417825173,0.004051462797716598,9.100000000000001
dataset/50010539/1.0MapBounded.png,0.2225680263049492,0.004051462797717111,41.48250000000001
dataset/50010539/2.0MapBounded.png,0.07845522352056288,0.004051462797716105,96.89250000000001
dataset/50010539/3.0MapBounded.png,0.09859163870603511,0.004051462797716517,137.2975
dataset/50010539/4.0MapBounded.png,0.11085229348846978,0.004051462797716636,213.06750000000005
dataset/50010539/5.0MapBounded.png,0.11187708632315653,0.004051462797716896,212.99250000000004
dataset/50010540/0MapBounded.png,0.1244004505522948,0.001246979181890684,22.255000000000003
dataset/50010540/1.0MapBounded.png,0.3066943347250336,0.0012469791818907486,205.11000000000004
dataset/50010540/2.0MapBounded.png,0.09501268283789643,0.0012469791818894877,449.8250000000001
dataset/50010540/3.0MapBounded.png,0.06818683273052874,0.0012469791818906892,525.9675000000001
dataset/50010540/4.0MapBounded.png,0.07925735434237473,0.00124697918189064,534.4675000000001
dataset/50010540/5.0MapBounded.png,0.07925735434237473,0.00124697918189064,546.6125000000001
dataset/50010540/6.0MapBounded.png,0.044608763873884315,0.0012469791818904303,562.2525
dataset/50015847/0MapBounded.png,1.5447623810902367,0.0020819895428055716,29.772500000000004
dataset/50015847/1.0MapBounded.png,1.470713504358809,0.002081989542805441,404.9675000000001
dataset/50015847/2.0MapBounded.png,1.5375336241065396,0.00208198954280548,464.9075000000001
dataset/50015847/3.0MapBounded.png,1.4125033964005076,0.0020819895428057338,814.2400000000001
dataset/50015847/4.0MapBounded.png,1.2666261954883993,0.0020819895428055694,1220.4800000000002
dataset/50015847/5.0MapBounded.png,1.096266001170108,0.0020819895428063288,1388.1700000000003
dataset/50015847/6.0MapBounded.png,1.0514691637895457,0.002081989542805938,1546.4175000000002
dataset/50015847/7.0MapBounded.png,0.9323294814291057,0.0020819895428062264,1574.9750000000004
dataset/50015847/8.0MapBounded.png,0.7372531316197167,0.002081989542805529,1748.1175000000003
dataset/50015847/9.0MapBounded.png,0.6740767480249189,0.0020819895428055594,1752.7975000000004
dataset/50015847/10.0MapBounded.png,0.619077768572852,0.0020819895428055733,2084.6575000000003
dataset/50015847/11.0MapBounded.png,0.5229316277944638,0.0020819895428050112,2131.9825000000005
dataset/50015847/12.0MapBounded.png,0.4381071266043134,0.0020819895428054696,2184.9825000000005
dataset/50015847/13.0MapBounded.png,0.6787174708489765,0.002081989542805126,2327.6375000000003
dataset/50015847/14.0MapBounded.png,0.6435193640733484,0.0020819895428058717,2420.7700000000004
dataset/50015847/15.0MapBounded.png,0.6606168980506298,0.0020819895428055924,2560.8000000000006
dataset/50015847/16.0MapBounded.png,0.5811746458186442,0.0020819895428055004,2681.4475000000007
dataset/50015847/17.0MapBounded.png,0.6160142062122522,0.0020819895428053144,2813.2475000000004
dataset/50015847/18.0MapBounded.png,0.724248564470102,0.002081989542805998,3121.6750000000006
dataset/50015847/19.0MapBounded.png,0.5336700482705236,0.0020819895428051786,3170.7775000000006
dataset/50015847/20.0MapBounded.png,0.37463595605985084,0.002081989542806025,3208.5475000000006
dataset/50015847/21.0MapBounded.png,0.4257636708872793,0.002081989542805635,3230.412500000001
dataset/50015847/22.0MapBounded.png,0.32406034252188676,0.0020819895428057125,3242.9025000000006
dataset/50015847/23.0MapBounded.png,0.21451857813635353,0.0020819895428058613,3315.6950000000006
dataset/50015847/24.0MapBounded.png,0.28336387997747103,0.002081989542805738,3340.0975000000008
dataset/50015847/25.0MapBounded.png,0.4003418048833913,0.002081989542805619,3347.2075000000004
dataset/50015847/26.0MapBounded.png,0.3881541848467408,0.002081989542805587,3435.7200000000007
dataset/50015847/27.0MapBounded.png,0.4107430166693638,0.0020819895428055963,3435.892500000001
dataset/50015847/28.0MapBounded.png,0.43817832969163717,0.0020819895428055898,3435.9250000000006
dataset/50015847/29.0MapBounded.png,0.2907633702602714,0.002081989542805502,3617.2775000000006
dataset/50015847/30.0MapBounded.png,0.374663007935294,0.0020819895428053044,4000.687500000001
dataset/50015847/31.0MapBounded.png,0.4573444433293277,0.0020819895428065014,4066.662500000001
dataset/50015847/32.0MapBounded.png,0.43613423702820964,0.002081989542805457,4232.795000000001
dataset/50015847/33.0MapBounded.png,0.44486786874757855,0.002081989542805554,4268.302500000001
dataset/50015847/34.0MapBounded.png,0.42524554104923734,0.0020819895428055395,4355.970000000001
dataset/50015847/35.0MapBounded.png,0.4409826335964558,0.0020819895428056266,4436.080000000001
dataset/50015847/36.0MapBounded.png,0.40110779141945957,0.002081989542805871,4470.9400000000005
dataset/50015847/37.0MapBounded.png,0.48864011398695373,0.002081989542806007,4497.965000000001
dataset/50015847/38.0MapBounded.png,0.4375146477113804,0.002081989542805441,4503.295000000001
dataset/50015847/39.0MapBounded.png,0.504825354473835,0.0020819895428053643,4518.197500000001
dataset/50015847/40.0MapBounded.png,0.3540229982444553,0.002081989542805963,4525.655000000001
dataset/50015847/41.0MapBounded.png,0.35169844778075793,0.0020819895428057,4533.375000000001
dataset/50015847/42.0MapBounded.png,0.39509562841936746,0.00208198954280559,4549.700000000001
dataset/50015847/43.0MapBounded.png,0.47009117334821693,0.0020819895428057064,4549.512500000001
dataset/50015847/44.0MapBounded.png,0.44273898985430493,0.0020819895428057103,4557.5025000000005
dataset/50015847/45.0MapBounded.png,0.48161814980288287,0.0020819895428056115,4562.000000000001
dataset/50015847/46.0MapBounded.png,0.5328724147020888,0.0020819895428046175,4564.557500000001
dataset/50015847/47.0MapBounded.png,0.45007707587368695,0.002081989542805638,4565.220000000001
dataset/50015847/48.0MapBounded.png,0.3463889928695278,0.002081989542805574,4565.287500000001
dataset/50015847/49.0MapBounded.png,0.3219538627887739,0.002081989542805572,4566.357500000001
dataset/50015847/50.0MapBounded.png,0.31520875033845536,0.002081989542805569,4566.347500000001
dataset/50015847/51.0MapBounded.png,0.3228964065034163,0.0020819895428055746,4566.325000000001
dataset/50015847/52.0MapBounded.png,0.3170653621304809,0.0020819895428055707,4566.370000000001
dataset/50015847/53.0MapBounded.png,0.31435088374836684,0.002081989542805573,4566.395
dataset/50015847/54.0MapBounded.png,0.31877491636225314,0.0020819895428055763,4566.405000000001
dataset/50015847/55.0MapBounded.png,0.30575694635663325,0.0020819895428055716,4566.415000000001
dataset/50015847/56.0MapBounded.png,0.316284128824956,0.0020819895428055737,4566.415000000001
dataset/50015847/57.0MapBounded.png,0.3069525159118807,0.0020819895428055638,4566.420000000001
dataset/50015847/58.0MapBounded.png,0.2968756436898454,0.002081989542805569,4566.4175000000005
dataset/50015847/59.0MapBounded.png,0.3024347607342008,0.0020819895428055703,4566.427500000001
dataset/50015847/60.0MapBounded.png,0.31249473654922283,0.002081989542805582,4566.437500000001
dataset/50015847/61.0MapBounded.png,0.2989537180170346,0.0020819895428055477,4566.445000000001
dataset/50015847/62.0MapBounded.png,0.312961675357296,0.002081989542805555,4566.437500000001
dataset/50015847/63.0MapBounded.png,0.30415613060982805,0.002081989542805574,4566.477500000001
dataset/50015847/64.0MapBounded.png,0.3050342399276155,0.002081989542805572,4566.515000000001
dataset/50015847/65.0MapBounded.png,0.30992679522207345,0.002081989542805573,4566.527500000001
dataset/50015847/66.0MapBounded.png,0.30117216256683804,0.002081989542805569,4566.557500000001
dataset/50015847/67.0MapBounded.png,0.31582092721085286,0.0020819895428055585,4566.590000000001
dataset/50015847/68.0MapBounded.png,0.30587447328803324,0.0020819895428055616,4566.612500000001
dataset/50015847/69.0MapBounded.png,0.3109134787046214,0.0020819895428055638,4566.620000000001
dataset/50015847/70.0MapBounded.png,0.3136969376129023,0.002081989542805571,4566.642500000001
dataset/50015847/71.0MapBounded.png,0.30274781944283674,0.0020819895428055737,4566.622500000001
dataset/50015847/72.0MapBounded.png,0.3220284441690051,0.002081989542805573,4566.580000000001
dataset/50015847/73.0MapBounded.png,0.3105741802272342,0.0020819895428055737,4566.600000000001
dataset/50015847/74.0MapBounded.png,0.2996428948151152,0.0020819895428055638,4566.585000000001
dataset/50015847/75.0MapBounded.png,0.3065881230745995,0.0020819895428055672,4566.622500000001
dataset/50015847/76.0MapBounded.png,0.30717259734365815,0.002081989542805559,4566.640000000001
dataset/50015847/77.0MapBounded.png,0.30314768710350504,0.0020819895428055724,4566.680000000001
dataset/50015847/78.0MapBounded.png,0.3133559442586857,0.0020819895428055733,4566.675000000001
dataset/50015847/79.0MapBounded.png,0.3047423929709497,0.0020819895428055716,4566.6900000000005
dataset/50015847/80.0MapBounded.png,0.3160717741108507,0.0020819895428055776,4566.700000000001
dataset/50015847/81.0MapBounded.png,0.3092637117746848,0.0020819895428055724,4566.712500000001
dataset/50015848/0MapBounded.png,0.9907384290001489,0.0004335456533846309,49.41000000000001
dataset/50015848/1.0MapBounded.png,0.9307877517861397,0.0004335456533846923,363.0375000000001
dataset/50015848/2.0MapBounded.png,1.0510374435309495,0.00043354565338471734,575.0025000000002
dataset/50015848/3.0MapBounded.png,1.193792261644706,0.00043354565338481085,849.0875000000002
dataset/50015848/4.0MapBounded.png,1.2353874154199902,0.00043354565338445973,1044.2075000000002
dataset/50015848/5.0MapBounded.png,1.2319353215943365,0.0004335456533842004,1148.9325000000001
dataset/50015848/6.0MapBounded.png,1.1946152906842071,0.0004335456533844049,1170.8350000000003
dataset/50015848/7.0MapBounded.png,1.019230767533621,0.000433545653384737,1268.8325000000002
dataset/50015848/8.0MapBounded.png,0.6895725192522273,0.0004335456533841767,1338.6425000000002
dataset/50015848/9.0MapBounded.png,0.5425559132788087,0.0004335456533844385,1404.1350000000002
dataset/50015848/10.0MapBounded.png,0.49411799799972134,0.0004335456533846314,1510.0925000000002
dataset/50015848/11.0MapBounded.png,0.5325615619128593,0.0004335456533847758,1577.4875000000004
dataset/50015848/12.0MapBounded.png,0.4346595185535006,0.0004335456533845393,1671.5875000000003
dataset/50015848/13.0MapBounded.png,0.3020494515847278,0.0004335456533841338,1906.8275000000003
dataset/50015848/14.0MapBounded.png,0.3538323595275116,0.00043354565338532173,1998.7725000000005
dataset/50015848/15.0MapBounded.png,0.3408149978797394,0.000433545653384674,2143.5875000000005
dataset/50015848/16.0MapBounded.png,0.24187245183406475,0.0004335456533846742,2283.0375000000004
dataset/50015848/17.0MapBounded.png,0.15868295810465527,0.000433545653385133,2399.2675000000004
dataset/50015848/18.0MapBounded.png,0.15630589890095456,0.00043354565338466383,2420.2375000000006
dataset/50015848/19.0MapBounded.png,0.11845316162386416,0.0004335456533840557,2478.1425000000004
dataset/50015848/20.0MapBounded.png,0.11845316162386416,0.0004335456533840557,2478.1675000000005
dataset/50015848/21.0MapBounded.png,0.11845316162386416,0.0004335456533840557,2478.1700000000005
dataset/50015848/22.0MapBounded.png,0.11845316162386416,0.0004335456533840557,2478.1400000000003
dataset/50015848/23.0MapBounded.png,0.11845316162386416,0.0004335456533840557,2478.1400000000003
dataset/50015848/24.0MapBounded.png,0.11845316162386416,0.0004335456533840557,2478.1400000000003
dataset/50015848/25.0MapBounded.png,0.11878826966482406,0.00043354565338452365,2478.1400000000003
dataset/50015848/26.0MapBounded.png,0.12002481168788587,0.0004335456533851449,2478.1425000000004
dataset/50015848/27.0MapBounded.png,0.12002481168788587,0.0004335456533851449,2478.1575000000003
dataset/50015848/28.0MapBounded.png,0.14514230429493433,0.0004335456533844679,2478.2975000000006
dataset/50015848/29.0MapBounded.png,0.14514230429493433,0.0004335456533844679,2478.3075000000003
dataset/50015848/30.0MapBounded.png,0.14514230429493433,0.0004335456533844679,2478.3100000000004
dataset/50015848/31.0MapBounded.png,0.1457972873697348,0.0004335456533844354,2478.3125000000005
dataset/50015848/32.0MapBounded.png,0.1457972873697348,0.0004335456533844354,2478.3150000000005
dataset/50015848/33.0MapBounded.png,0.14613091424674862,0.00043354565338468666,2478.3225000000007
dataset/50015848/34.0MapBounded.png,0.14622421909119845,0.00043354565338443084,2478.3150000000005
dataset/50015848/35.0MapBounded.png,0.14622421909119845,0.00043354565338443084,2478.3200000000006
dataset/50015848/36.0MapBounded.png,0.1554774598744751,0.00043354565338468655,2478.3025000000007
dataset/50015848/37.0MapBounded.png,0.1490059318158023,0.00043354565338462,2542.6625000000004
dataset/50015848/38.0MapBounded.png,0.14466021397869835,0.0004335456533845314,2542.6300000000006
dataset/50015848/39.0MapBounded.png,0.3292545947438971,0.00043354565338393796,2542.5625000000005
dataset/50015848/40.0MapBounded.png,0.385793827322112,0.00043354565338450164,2668.8075000000003
dataset/50015848/41.0MapBounded.png,0.26867277831827124,0.00043354565338457797,2749.4975000000004
dataset/50015848/42.0MapBounded.png,0.20471303892004827,0.0004335456533847393,2817.6075000000005
dataset/50015848/43.0MapBounded.png,0.33551933293837577,0.00043354565338472737,2892.9500000000007
dataset/50015848/44.0MapBounded.png,0.3942933240050277,0.00043354565338463456,2911.9075000000007
dataset/50015848/45.0MapBounded.png,0.4636873273868202,0.00043354565338428886,3101.9200000000005
dataset/50015848/46.0MapBounded.png,0.4535518598072751,0.0004335456533847093,3132.5200000000004
dataset/50015848/47.0MapBounded.png,0.5904309871196063,0.00043354565338470373,3162.9100000000008
dataset/50015848/48.0MapBounded.png,0.6672563120360306,0.00043354565338478115,3219.8875000000007
dataset/50015848/49.0MapBounded.png,0.6672563120360306,0.00043354565338478115,3220.1025000000004
dataset/50015848/50.0MapBounded.png,0.7563712887167748,0.00043354565338463234,3220.7500000000005
dataset/50015848/51.0MapBounded.png,0.8099518859280914,0.0004335456533845019,3246.140000000001
dataset/50015848/52.0MapBounded.png,0.9260000363644301,0.00043354565338446423,3288.0950000000007
dataset/50015848/53.0MapBounded.png,0.8701890892152812,0.00043354565338483053,3349.2325000000005
dataset/50015848/54.0MapBounded.png,0.6987062189071429,0.00043354565338448825,3397.5300000000007
dataset/50015848/55.0MapBounded.png,0.5940703884315094,0.0004335456533848377,3423.6250000000005
dataset/50015848/56.0MapBounded.png,0.6651608789097455,0.0004335456533839413,3439.5725000000007
dataset/50015848/57.0MapBounded.png,0.7370931092640163,0.00043354565338458783,3469.8825000000006
dataset/50015848/58.0MapBounded.png,0.8038640234000416,0.0004335456533848965,3544.625000000001
dataset/50015848/59.0MapBounded.png,0.8281879227579612,0.0004335456533841883,3866.662500000001
dataset/50025630/0MapBounded.png,0.0902380103872684,0.010321275550311787,16.580000000000002
dataset/50025630/1.0MapBounded.png,0.025507105288292586,0.010321275550311846,105.43250000000002
dataset/50025630/2.0MapBounded.png,0.04427213305737237,0.01032127555031178,111.36750000000002
dataset/50025630/3.0MapBounded.png,0.06351375136030105,0.010321275550311869,111.36750000000002
dataset/50025630/4.0MapBounded.png,0.020724954928151098,0.010321275550312196,176.58750000000003
dataset/50025631/0MapBounded.png,0.039041293573971785,0.006074051837991049,15.242500000000003
dataset/50025631/1.0MapBounded.png,0.1282412142061544,0.0060740518379914865,158.44750000000002
dataset/50025631/2.0MapBounded.png,0.16666861052004092,0.0060740518379912905,251.03250000000006
dataset/50025631/3.0MapBounded.png,0.1575886375462746,0.00607405183799105,300.1600000000001
dataset/50025631/4.0MapBounded.png,0.12248244433810372,0.006074051837990382,352.26000000000005
dataset/50025631/5.0MapBounded.png,0.045773458262296465,0.006074051837991492,507.8175000000001
dataset/50025631/6.0MapBounded.png,0.15311516283168197,0.006074051837991462,767.6875000000001
dataset/50025631/7.0MapBounded.png,0.11949410595486112,0.006074051837991054,832.1225000000002
dataset/50025631/8.0MapBounded.png,0.03515783917018418,0.00607405183799099,894.5450000000002
dataset/50025631/9.0MapBounded.png,0.06106713070908131,0.006074051837991049,998.0250000000002
dataset/50025631/10.0MapBounded.png,0.0701493356598299,0.00607405183799107,1010.9050000000002
dataset/50025631/11.0MapBounded.png,0.0701493356598299,0.00607405183799107,1010.9675000000002
dataset/50025631/12.0MapBounded.png,0.15106219311746077,0.006074051837991178,1010.9925000000002
dataset/50025631/13.0MapBounded.png,0.1796214645183897,0.006074051837990645,1013.0750000000002
dataset/50025633/0MapBounded.png,0.1260011193220405,0.0013998950134629768,12.905000000000003
dataset/50025633/1.0MapBounded.png,0.2384325951707641,0.0013998950134631442,144.37000000000003
dataset/50025633/2.0MapBounded.png,0.19174225521113517,0.0013998950134635128,258.52500000000003
dataset/50025633/3.0MapBounded.png,0.10060370416076711,0.0013998950134630939,285.7325000000001
dataset/50025633/4.0MapBounded.png,0.045088434206641874,0.0013998950134628024,309.67750000000007
dataset/50025633/5.0MapBounded.png,0.08057846223178383,0.0013998950134629805,309.79750000000007
dataset/50025633/6.0MapBounded.png,0.08057846223178383,0.0013998950134629805,309.9700000000001
dataset/50025633/7.0MapBounded.png,0.08057846223178383,0.0013998950134629805,309.9700000000001
dataset/50025633/8.0MapBounded.png,0.24703570814116776,0.0013998950134630095,310.94500000000005
dataset/50036893/0MapBounded.png,1.326510594157731,0.013722857270632745,45.07500000000001
dataset/50036893/1.0MapBounded.png,1.1198414689044252,0.013722857270632738,175.26750000000004
dataset/50036893/2.0MapBounded.png,0.5406959382939467,0.013722857270633125,418.31000000000006
dataset/50036893/3.0MapBounded.png,0.36473109446265845,0.013722857270632778,616.0175000000002
dataset/50036893/4.0MapBounded.png,0.3379858462297443,0.013722857270633559,662.4350000000002
dataset/50036893/5.0MapBounded.png,0.352301316474424,0.013722857270632752,728.1225000000002
dataset/50036893/6.0MapBounded.png,0.11906011947887009,0.013722857270632823,850.7600000000002
dataset/50036893/7.0MapBounded.png,0.11945104172932527,0.013722857270633273,925.8025000000002
dataset/50036893/8.0MapBounded.png,0.19801896525278798,0.013722857270632759,953.6500000000002
dataset/50036893/9.0MapBounded.png,0.39448233326347754,0.013722857270632844,1051.8675000000003
dataset/50036893/10.0MapBounded.png,0.6013226333454554,0.013722857270632844,1101.3875000000003
dataset/50036893/11.0MapBounded.png,1.1667212998088596,0.013722857270631989,1103.4975000000002
dataset/50036893/12.0MapBounded.png,0.5959364060306989,0.013722857270632804,1110.4250000000002
dataset/50036893/13.0MapBounded.png,0.5959364060306989,0.013722857270632804,1110.5825000000002
dataset/50036893/14.0MapBounded.png,0.6393938090715664,0.013722857270632466,1111.1000000000001
dataset/50036894/0MapBounded.png,0.38810533908416917,0.002470990327748652,32.36500000000001
dataset/50036894/1.0MapBounded.png,0.2333380221666246,0.00247099032774865,213.60750000000004
dataset/50036894/2.0MapBounded.png,0.13886292384483453,0.0024709903277485706,314.2275000000001
dataset/50036894/3.0MapBounded.png,0.08590445709338441,0.002470990327748586,389.4575000000001
dataset/50036894/4.0MapBounded.png,0.14041170054702115,0.0024709903277486157,483.2325000000001
dataset/50036894/5.0MapBounded.png,0.1896695149909652,0.002470990327748643,568.6025000000001
dataset/50036894/6.0MapBounded.png,0.23518591406198894,0.0024709903277484947,652.7125000000001
dataset/50036894/7.0MapBounded.png,0.06316723827881743,0.002470990327747913,841.0500000000002
dataset/50036894/8.0MapBounded.png,0.10141488737789084,0.002470990327748776,974.5375000000001
dataset/50036894/9.0MapBounded.png,0.06130079597669323,0.0024709903277487038,1092.9825000000003
dataset/50036894/10.0MapBounded.png,0.06008998133838129,0.0024709903277484813,1092.9925000000003
dataset/50036894/11.0MapBounded.png,0.0589539249933896,0.0024709903277486444,1092.9650000000001
dataset/50036894/12.0MapBounded.png,0.0630777975960966,0.002470990327748156,1092.9550000000002
dataset/50036894/13.0MapBounded.png,0.09555745321695334,0.002470990327748699,1173.3675000000003
dataset/50036894/14.0MapBounded.png,0.13898419293509678,0.002470990327748613,1189.4275000000002
dataset/50036894/15.0MapBounded.png,0.115178891735904,0.002470990327748656,1259.6900000000003
dataset/50036894/16.0MapBounded.png,0.1400028000056274,0.00247099032774841,1276.4725000000003
dataset/50036894/17.0MapBounded.png,0.1400028000056274,0.00247099032774841,1278.2625000000003
dataset/50036894/18.0MapBounded.png,0.15992978082429415,0.002470990327748333,1278.2625000000003
dataset/50036894/19.0MapBounded.png,0.1426697589016956,0.002470990327748671,1296.1650000000002
dataset/50036894/20.0MapBounded.png,0.11273027782970294,0.002470990327748347,1300.2150000000001
dataset/50037764_PLAN2/0MapBounded.png,1.0542670147423552,0.002093570156727186,34.205000000000005
dataset/50037764_PLAN2/1.0MapBounded.png,0.9141271308468454,0.002093570156727472,340.2775000000001
dataset/50037764_PLAN2/2.0MapBounded.png,0.7729118129741157,0.0020935701567271502,557.4450000000002
dataset/50037764_PLAN2/3.0MapBounded.png,0.7495348312502059,0.002093570156727307,767.7675000000002
dataset/50037764_PLAN2/4.0MapBounded.png,0.5677407975079765,0.002093570156727307,895.1900000000002
dataset/50037764_PLAN2/5.0MapBounded.png,0.5896508513585672,0.0020935701567271277,1013.8650000000002
dataset/50037764_PLAN2/6.0MapBounded.png,0.4997272388146007,0.002093570156727505,1100.9075000000003
dataset/50037764_PLAN2/7.0MapBounded.png,0.4266689466480803,0.0020935701567274018,1121.3050000000003
dataset/50037764_PLAN2/8.0MapBounded.png,0.3463907564610949,0.0020935701567269534,1215.2975000000001
dataset/50037764_PLAN2/9.0MapBounded.png,0.3750406666704023,0.0020935701567275644,1253.9075000000003
dataset/50037764_PLAN2/10.0MapBounded.png,0.44276982472550946,0.0020935701567271867,1302.7100000000003
dataset/50037764_PLAN2/11.0MapBounded.png,0.437275409751795,0.0020935701567271815,1310.8625000000002
dataset/50037764_PLAN2/12.0MapBounded.png,0.34567791955521365,0.002093570156727199,1332.5600000000002
dataset/50037764_PLAN2/13.0MapBounded.png,0.17276738255990154,0.002093570156727565,1337.2575000000002
dataset/50037764_PLAN2/14.0MapBounded.png,0.16421017051138662,0.002093570156727513,1386.7175000000002
dataset/50037764_PLAN2/15.0MapBounded.png,0.10883601145156871,0.0020935701567271698,1406.1200000000003
dataset/50037764_PLAN2/16.0MapBounded.png,0.29612448951778914,0.002093570156727174,1432.6150000000002
dataset/50037764_PLAN2/17.0MapBounded.png,0.2497815879164744,0.0020935701567270167,1432.7725000000003
dataset/50037764_PLAN2/18.0MapBounded.png,0.4687693368819953,0.0020935701567264798,1432.7425000000003
dataset/50037764_PLAN2/19.0MapBounded.png,0.7809966524760497,0.0020935701567271715,1433.2325000000003
dataset/50037764_PLAN2/20.0MapBounded.png,0.4779371330551617,0.0020935701567271563,1433.1075000000003
dataset/50037764_PLAN2/21.0MapBounded.png,0.2773814667352418,0.002093570156726573,1433.2375000000002
dataset/50037764_PLAN2/22.0MapBounded.png,0.2773814667352418,0.002093570156726573,1433.2450000000003
dataset/50037764_PLAN2/23.0MapBounded.png,0.1789967187711006,0.0020935701567271624,1433.1825000000003
dataset/50037764_PLAN2/24.0MapBounded.png,0.32228306611070295,0.0020935701567271962,1433.2525000000003
dataset/50037764_PLAN2/25.0MapBounded.png,0.9264034194738515,0.002093570156727181,1433.3000000000002
dataset/50037764_PLAN2/26.0MapBounded.png,1.4016815094531632,0.0020935701567271754,1433.2675000000004
dataset/50037764_PLAN2/27.0MapBounded.png,1.4174281041930228,0.0020935701567271698,1433.4275000000002
dataset/50037765_PLAN3/0MapBounded.png,0.434562045180295,0.0006281548703706448,30.432500000000005
dataset/50037765_PLAN3/1.0MapBounded.png,0.3359230197593862,0.000628154870370666,217.08000000000004
dataset/50037765_PLAN3/2.0MapBounded.png,0.3362288840097963,0.0006281548703710926,449.30250000000007
dataset/50037765_PLAN3/3.0MapBounded.png,0.33348661649218925,0.0006281548703708443,591.1375000000002
dataset/50037765_PLAN3/4.0MapBounded.png,0.3925081571147211,0.0006281548703705695,653.2300000000001
dataset/50037765_PLAN3/5.0MapBounded.png,0.3068544026510734,0.0006281548703706731,735.8925000000002
dataset/50037765_PLAN3/6.0MapBounded.png,0.3006671368844709,0.0006281548703706443,781.3825000000002
dataset/50037765_PLAN3/7.0MapBounded.png,0.26438146830146153,0.0006281548703707845,905.5025000000002
dataset/50037765_PLAN3/8.0MapBounded.png,0.04942042352428385,0.0006281548703706557,1019.9000000000002
dataset/50037765_PLAN3/9.0MapBounded.png,0.03119927420754369,0.0006281548703709174,1079.4825000000003
dataset/50037765_PLAN3/10.0MapBounded.png,0.046162752332903574,0.0006281548703705948,1216.5600000000002
dataset/50037765_PLAN3/11.0MapBounded.png,0.1255788198396978,0.0006281548703706826,1239.4300000000003
dataset/50037765_PLAN3/12.0MapBounded.png,0.11354285853377168,0.0006281548703705966,1242.3525000000002
dataset/50037765_PLAN3/13.0MapBounded.png,0.2137733313190896,0.0006281548703705796,1256.0550000000003
dataset/50037765_PLAN3/14.0MapBounded.png,0.3370826213290967,0.0006281548703707613,1268.4900000000002
dataset/50037765_PLAN3/15.0MapBounded.png,0.34741360082584066,0.000628154870370651,1268.5600000000002
dataset/50037765_PLAN3/16.0MapBounded.png,0.35766363566308945,0.0006281548703704444,1270.3300000000002
dataset/50037765_PLAN3/17.0MapBounded.png,0.3498219325543911,0.0006281548703709795,1270.6775000000002
dataset/50037765_PLAN3/18.0MapBounded.png,0.30165534289943197,0.0006281548703706881,1270.6775000000002
dataset/50037765_PLAN3/19.0MapBounded.png,0.4351539687095334,0.0006281548703706442,1270.7450000000003
dataset/50037765_PLAN3/20.0MapBounded.png,0.6668170130846701,0.0006281548703707749,1270.8725000000002
dataset/50041169/0MapBounded.png,0.3337227606048583,0.001109638973555961,55.117500000000014
dataset/50041169/1.0MapBounded.png,0.3247959587238981,0.001109638973555892,309.9675000000001
dataset/50041169/2.0MapBounded.png,0.26661121962143747,0.001109638973556022,440.2325000000001
dataset/50041169/3.0MapBounded.png,0.3364788742327261,0.0011096389735560277,458.6575000000001
dataset/50041169/4.0MapBounded.png,0.06566016893625441,0.0011096389735562146,673.5950000000001
dataset/50041169/5.0MapBounded.png,0.05924896422756331,0.001109638973556023,752.3650000000001
dataset/50041169/6.0MapBounded.png,0.05924896422756331,0.001109638973556023,752.3350000000002
dataset/50041169/7.0MapBounded.png,0.05924896422756331,0.001109638973556023,752.3250000000002
dataset/50041169/8.0MapBounded.png,0.05924896422756331,0.001109638973556023,752.3175000000001
dataset/50041169/9.0MapBounded.png,0.05924896422756331,0.001109638973556023,752.3150000000002
dataset/50041169/10.0MapBounded.png,0.21697972444274105,0.001109638973555972,752.4675000000002
dataset/50041169/11.0MapBounded.png,0.3318135881722258,0.0011096389735565308,822.2750000000002
dataset/50041169/12.0MapBounded.png,0.3346399809695297,0.0011096389735563363,822.2750000000002
dataset/50041169/13.0MapBounded.png,0.24333611877551764,0.0011096389735558824,893.9100000000002
dataset/50041169/14.0MapBounded.png,0.17498569950304166,0.0011096389735565737,966.5375000000001
dataset/50041169/15.0MapBounded.png,0.17615239561611293,0.0011096389735567016,1003.1950000000002
dataset/50041170/0MapBounded.png,0.14846126228661763,0.0012618854355448397,21.465000000000003
dataset/50041170/1.0MapBounded.png,0.08591864824725941,0.0012618854355448909,79.47250000000001
dataset/50041170/2.0MapBounded.png,0.043188943535289626,0.0012618854355451136,290.55750000000006
dataset/50041170/3.0MapBounded.png,0.05338600034286002,0.0012618854355447781,420.42500000000007
dataset/50041170/4.0MapBounded.png,0.0664839598276097,0.0012618854355452812,551.5425000000001
dataset/50041170/5.0MapBounded.png,0.035470416699572564,0.0012618854355448373,725.4750000000001
dataset/50041170/6.0MapBounded.png,0.05793983217245004,0.001261885435544837,785.8750000000001
dataset/50041170/7.0MapBounded.png,0.008080669022760235,0.0012618854355449047,837.8650000000001
dataset/50041170/8.0MapBounded.png,0.11106104626697953,0.001261885435544638,845.8400000000001
dataset/50041170/9.0MapBounded.png,0.05105992695635941,0.0012618854355450116,956.3700000000002
dataset/50041170/10.0MapBounded.png,0.05105992695635941,0.0012618854355450116,956.1575000000001
dataset/50041170/11.0MapBounded.png,0.05122452644739993,0.0012618854355448909,956.1575000000001
dataset/50041171/0MapBounded.png,0.1464467687583011,0.003854001990290726,21.945000000000004
dataset/50041171/1.0MapBounded.png,0.08441892141697813,0.003854001990290414,216.35000000000005
dataset/50041171/2.0MapBounded.png,0.04584497385318306,0.0038540019902900905,341.4125000000001
dataset/50041171/3.0MapBounded.png,0.1076842207381204,0.003854001990289983,437.93000000000006
dataset/50041171/4.0MapBounded.png,0.050548527009428114,0.0038540019902907558,501.7750000000001
dataset/50041171/5.0MapBounded.png,0.18563229227925027,0.003854001990290684,531.3800000000001
dataset/50041171/6.0MapBounded.png,0.22033324211906344,0.003854001990290685,584.2100000000002
dataset/50041171/7.0MapBounded.png,0.10203043184513473,0.0038540019902908915,599.6675000000001
dataset/50041174/0MapBounded.png,0.13940675350659723,0.00398820899049417,24.087500000000006
dataset/50041174/1.0MapBounded.png,0.04006071733196237,0.003988208990494136,175.01250000000005
dataset/50041174/2.0MapBounded.png,0.0584410231922818,0.003988208990494153,315.75000000000006
dataset/50041174/3.0MapBounded.png,0.03783087418087715,0.003988208990494336,456.6850000000001
dataset/50041174/4.0MapBounded.png,0.15987839437946466,0.003988208990494002,557.7775000000001
dataset/50041174/5.0MapBounded.png,0.03128312563301332,0.003988208990493441,598.3025000000001
dataset/50045228/0MapBounded.png,0.01949951429248178,0.01602490305255604,54.22500000000001
dataset/50045228/1.0MapBounded.png,0.13082370421706305,0.016024903052555828,246.89000000000004
dataset/50045228/2.0MapBounded.png,0.3145352003706248,0.016024903052556088,425.6575000000001
dataset/50045228/3.0MapBounded.png,0.3017113271699197,0.01602490305255638,443.6450000000001
dataset/50045228/4.0MapBounded.png,0.15607773592481178,0.016024903052556053,493.8250000000001
dataset/50045228/5.0MapBounded.png,0.15607773592481178,0.016024903052556053,493.8075000000001
dataset/50045228/6.0MapBounded.png,0.19140795297164032,0.016024903052556185,494.5675000000001
dataset/50045229/0MapBounded.png,0.3383300968774847,0.0002731834993118737,24.087500000000006
dataset/50045229/1.0MapBounded.png,0.2512313084333724,0.0002731834993119438,285.59250000000003
dataset/50045229/2.0MapBounded.png,0.22973308172993046,0.00027318349931162083,326.2225000000001
dataset/50045229/3.0MapBounded.png,0.1874773888772549,0.00027318349931189394,349.94500000000005
dataset/50045229/4.0MapBounded.png,0.09455572611263136,0.0002731834993118998,447.3875000000001
dataset/50045229/5.0MapBounded.png,0.13808415992169654,0.00027318349931199846,556.5625000000001
dataset/50045229/6.0MapBounded.png,0.12967584584300262,0.0002731834993117619,626.5275000000001
dataset/50045229/7.0MapBounded.png,0.14529663805605256,0.00027318349931188104,642.1550000000001
dataset/50045229/8.0MapBounded.png,0.17289560497556822,0.00027318349931184765,647.0500000000002
dataset/50045229/9.0MapBounded.png,0.12269989505156105,0.0002731834993114066,647.5350000000001
dataset/50045229/10.0MapBounded.png,0.12269989505156105,0.0002731834993114066,647.5375000000001
dataset/50045229/11.0MapBounded.png,0.12146532061162181,0.00027318349931177186,647.5700000000002
dataset/50045229/12.0MapBounded.png,0.16568407925067907,0.0002731834993119222,652.4700000000001
dataset/50045230/0MapBounded.png,0.014332957805776128,0.005312387868190768,8.642500000000002
dataset/50045230/1.0MapBounded.png,0.023789718212524544,0.005312387868191362,62.60750000000001
dataset/50045230/2.0MapBounded.png,0.00038031631825236804,0.00531238786819074,120.07250000000002
dataset/50045231/0MapBounded.png,0.0740741466187804,0.014900222545588187,47.102500000000006
dataset/50045231/1.0MapBounded.png,0.04101600898950733,0.014900222545588034,95.97750000000002
dataset/50045231/2.0MapBounded.png,0.09416679930305442,0.014900222545588038,152.87000000000003
dataset/50045231/3.0MapBounded.png,0.21381817412069862,0.014900222545588102,203.59250000000003
dataset/50045231/4.0MapBounded.png,0.06590014335666382,0.01490022254558821,262.02000000000004
dataset/50045231/5.0MapBounded.png,0.07070162566043219,0.014900222545588208,262.08000000000004
dataset/50045232/0MapBounded.png,0.41044073119368074,0.0020102280911949294,22.752500000000005
dataset/50045232/1.0MapBounded.png,0.29626638407713307,0.002010228091194711,133.69000000000003
dataset/50045232/2.0MapBounded.png,0.2688236378272141,0.002010228091194733,186.29750000000004
dataset/50045232/3.0MapBounded.png,0.13862819363671508,0.0020102280911951324,305.89250000000004
dataset/50045232/4.0MapBounded.png,0.17963078583535066,0.0020102280911953696,359.43000000000006
dataset/50045232/5.0MapBounded.png,0.05742746909843886,0.0020102280911948748,405.6500000000001
dataset/50045232/6.0MapBounded.png,0.09116717131661771,0.0020102280911949316,496.23500000000007
dataset/50045232/7.0MapBounded.png,0.13628530033069455,0.0020102280911950873,538.5800000000002
dataset/50045232/8.0MapBounded.png,0.04847903635897999,0.002010228091195556,556.5525000000001
dataset/50045232/9.0MapBounded.png,0.09332466099726973,0.002010228091194937,562.565
dataset/50045232/10.0MapBounded.png,0.1854207159318784,0.002010228091194915,567.3200000000002
dataset/50045232/11.0MapBounded.png,0.07469964140636656,0.0020102280911948192,576.0000000000001
dataset/50045232/12.0MapBounded.png,0.18187737643653315,0.0020102280911949285,581.3925000000002
dataset/50045232/13.0MapBounded.png,0.1750216275666366,0.0020102280911948756,581.8425000000001
dataset/50045232/14.0MapBounded.png,0.1672483550374228,0.0020102280911949216,581.7000000000002
dataset/50045232/15.0MapBounded.png,0.1672483550374228,0.0020102280911949216,581.7000000000002
dataset/50045232/16.0MapBounded.png,0.13124238960047097,0.0020102280911946232,582.2375000000001
dataset/50045368/0MapBounded.png,0.20648411207547773,0.008409041791125534,16.867500000000003
dataset/50045368/1.0MapBounded.png,0.0331417798174716,0.008409041791125544,236.64750000000004
dataset/50045368/2.0MapBounded.png,0.05703378449619312,0.008409041791125258,275.9075
dataset/50045368/3.0MapBounded.png,0.17298828419194862,0.008409041791125496,377.7725000000001
dataset/50045368/4.0MapBounded.png,0.0630092112796795,0.008409041791125255,441.2625000000001
dataset/50045368/5.0MapBounded.png,0.1523015646703167,0.008409041791125272,452.6350000000001
dataset/50045368/6.0MapBounded.png,0.0744095351585179,0.008409041791124977,452.6275000000001
dataset/50052749/0MapBounded.png,0.16410042968241215,0.0031764975345428678,28.907500000000006
dataset/50052749/1.0MapBounded.png,0.09952397942163745,0.00317649753454293,229.94250000000005
dataset/50052749/2.0MapBounded.png,0.0632403008709626,0.003176497534542831,338.49500000000006
dataset/50052749/3.0MapBounded.png,0.04571594706187542,0.0031764975345425204,481.4500000000001
dataset/50052749/4.0MapBounded.png,0.1169132561914191,0.0031764975345431237,573.3600000000001
dataset/50052749/5.0MapBounded.png,0.10509147629173443,0.00317649753454285,573.4500000000002
dataset/50052749/6.0MapBounded.png,0.08453553703740402,0.003176497534543189,592.5550000000001
dataset/50052749/7.0MapBounded.png,0.024886929240314555,0.00317649753454232,701.3675000000002
dataset/50052749/8.0MapBounded.png,0.16753280102920354,0.003176497534542889,713.7975000000001
dataset/50052749/9.0MapBounded.png,0.1370455084400803,0.003176497534542937,713.8800000000001
dataset/50052749/10.0MapBounded.png,0.1370455084400803,0.003176497534542937,713.8800000000001
dataset/50052749/11.0MapBounded.png,0.06361355717268292,0.003176497534542867,820.8550000000001
dataset/50052749/12.0MapBounded.png,0.08661978294365037,0.0031764975345427906,824.0000000000001
dataset/50052751/0MapBounded.png,0.1274609801044689,0.0020527380178406492,20.555000000000003
dataset/50052751/1.0MapBounded.png,0.04286160957499691,0.0020527380178406505,92.98500000000001
dataset/50052751/2.0MapBounded.png,0.07448114401082044,0.0020527380178409034,195.23750000000004
dataset/50052751/3.0MapBounded.png,0.1829371843655202,0.002052738017840673,286.45000000000005
dataset/50052751/4.0MapBounded.png,0.09398090231574989,0.0020527380178406228,297.52750000000003
dataset/50052751/5.0MapBounded.png,0.027921227412713166,0.00205273801784065,298.95250000000004
dataset/50052751/6.0MapBounded.png,0.027921227412713166,0.00205273801784065,298.95250000000004
dataset/50052751/7.0MapBounded.png,0.028089200964964665,0.0020527380178405764,298.9825000000001
dataset/50052753/0MapBounded.png,0.3986236871822066,0.005312737843577265,20.770000000000003
dataset/50052753/1.0MapBounded.png,0.24530932235408312,0.0053127378435771306,126.66500000000002
dataset/50052753/2.0MapBounded.png,0.1602894258765424,0.005312737843577286,243.79250000000005
dataset/50052753/3.0MapBounded.png,0.11499815659107178,0.005312737843577534,264.26000000000005
dataset/50052753/4.0MapBounded.png,0.042880314533707206,0.005312737843577364,280.83250000000004
dataset/50052753/5.0MapBounded.png,0.06623678191960843,0.00531273784357723,292.75000000000006
dataset/50052754/0MapBounded.png,0.2827746174243946,0.008714663355584351,12.532500000000002
dataset/50052754/1.0MapBounded.png,0.2757802115610421,0.008714663355584289,156.89000000000004
dataset/50052754/2.0MapBounded.png,0.2584796323232662,0.00871466335558441,271.64250000000004
dataset/50052754/3.0MapBounded.png,0.24483974944850978,0.00871466335558435,295.07750000000004
dataset/50052754/4.0MapBounded.png,0.179276233681113,0.008714663355584346,304.56000000000006
dataset/50053292/0MapBounded.png,0.30599105776764957,0.012205524807742332,21.867500000000003
dataset/50053292/1.0MapBounded.png,0.3709940360925219,0.012205524807742285,66.13500000000002
dataset/50053292/2.0MapBounded.png,0.30981511294080977,0.012205524807741534,212.66750000000005
dataset/50053292/3.0MapBounded.png,0.27870797977833445,0.012205524807742715,309.99250000000006
dataset/50053292/4.0MapBounded.png,0.18892518485374146,0.01220552480774238,547.945
dataset/50053292/5.0MapBounded.png,0.09507848635039147,0.012205524807741822,706.5400000000002
dataset/50053292/6.0MapBounded.png,0.46654075442175297,0.012205524807742466,720.6925000000001
dataset/50053292/7.0MapBounded.png,0.14797635253140767,0.012205524807742372,729.7100000000002
dataset/50053292/8.0MapBounded.png,0.18082983798723704,0.012205524807742327,736.9600000000002
dataset/50053292/9.0MapBounded.png,0.2375548965986949,0.012205524807741973,736.9225000000001
dataset/50053292/10.0MapBounded.png,0.25764820847660513,0.012205524807742606,736.9225000000001
dataset/50053292/11.0MapBounded.png,0.08934772260598264,0.012205524807742582,742.4300000000002
dataset/50055638/0MapBounded.png,0.3447263250230467,0.0010985402179797526,36.51500000000001
dataset/50055638/1.0MapBounded.png,0.14353839969132687,0.0010985402179797996,177.61000000000004
dataset/50055638/2.0MapBounded.png,0.20995237828176075,0.0010985402179798512,279.74250000000006
dataset/50055638/3.0MapBounded.png,0.08897254106451907,0.0010985402179797495,400.98750000000007
dataset/50055638/4.0MapBounded.png,0.27572654707984695,0.00109854021797956,465.7575000000001
dataset/50055638/5.0MapBounded.png,0.16105507298731994,0.0010985402179798022,496.4900000000001
dataset/50055638/6.0MapBounded.png,0.14029104492291086,0.0010985402179797532,504.5625000000001
dataset/50055638/7.0MapBounded.png,0.1266182665906516,0.0010985402179798784,513.4300000000001
dataset/50055638/8.0MapBounded.png,0.1266182665906516,0.0010985402179798784,513.4775000000001
dataset/50055638/9.0MapBounded.png,0.07911875581774984,0.0010985402179796492,513.4775000000001
dataset/50055641/0MapBounded.png,0.08578989367852503,0.004215238131006606,58.95750000000001
dataset/50055641/1.0MapBounded.png,0.3042564176229442,0.004215238131006795,234.83500000000004
dataset/50055641/2.0MapBounded.png,0.31867366384303825,0.0042152381310065394,258.51750000000004
dataset/50055641/3.0MapBounded.png,0.30919472062814685,0.004215238131006554,337.05000000000007
dataset/50055641/4.0MapBounded.png,0.3314257352900238,0.004215238131006368,402.3250000000001
dataset/50055641/5.0MapBounded.png,0.28526064080022207,0.0042152381310066106,491.1275000000001
dataset/50055641/6.0MapBounded.png,0.23621124320493042,0.0042152381310066106,537.4275000000001
dataset/50055641/7.0MapBounded.png,0.29112791576757824,0.004215238131006828,556.2350000000001
dataset/50055641/8.0MapBounded.png,0.8026111070120342,0.004215238131006537,571.5400000000001
dataset/50055641/9.0MapBounded.png,0.22520523989908672,0.004215238131006419,572.1800000000001
dataset/50055641/10.0MapBounded.png,0.22520523989908672,0.004215238131006419,572.1800000000001
dataset/50055641/11.0MapBounded.png,0.23421378235836438,0.004215238131006515,573.7850000000001
dataset/50056456/0MapBounded.png,0.2627780457737369,0.007561769398402547,39.04750000000001
dataset/50056456/1.0MapBounded.png,0.1576015848654193,0.007561769398402707,164.68250000000003
dataset/50056456/2.0MapBounded.png,0.10072203680223411,0.007561769398402351,198.01500000000004
dataset/50056456/3.0MapBounded.png,0.11263741109500916,0.0075617693984026185,353.5875000000001
dataset/50056456/4.0MapBounded.png,0.09234351882000219,0.007561769398402564,356.93500000000006
dataset/50056456/5.0MapBounded.png,0.0027338092477589646,0.007561769398402588,428.2625000000001
dataset/50056456/6.0MapBounded.png,0.25904721159297345,0.007561769398402566,436.56250000000006
dataset/50056456/7.0MapBounded.png,0.3702454874302896,0.007561769398402602,438.0050000000001
dataset/50056456/8.0MapBounded.png,0.3654328899692239,0.007561769398402491,468.4600000000001
dataset/50056456/9.0MapBounded.png,0.2953942853400073,0.007561769398402561,489.1250000000001
dataset/50056456/10.0MapBounded.png,0.06076956679855033,0.007561769398402521,489.5000000000001
dataset/50056456/11.0MapBounded.png,0.06076956679855033,0.007561769398402521,489.4625000000001
dataset/50056456/12.0MapBounded.png,0.24497080630283433,0.00756176939840241,489.4625000000001
dataset/50056456/13.0MapBounded.png,0.39004750111916364,0.007561769398402525,489.4775000000001
dataset/50056459/0MapBounded.png,0.13958288633872346,0.010342222218269479,19.987500000000004
dataset/50056459/1.0MapBounded.png,0.2981139515886313,0.010342222218268618,199.26250000000005
dataset/50056459/2.0MapBounded.png,0.36022442189800924,0.010342222218269682,275.33500000000004
dataset/50056459/3.0MapBounded.png,0.35720637607372224,0.010342222218270207,442.62000000000006
dataset/50056459/4.0MapBounded.png,0.16566892961392116,0.010342222218269529,496.1675000000001
dataset/50056459/5.0MapBounded.png,0.33564170158551215,0.010342222218270098,522.3875
dataset/50056459/6.0MapBounded.png,0.052731389954795795,0.010342222218269711,523.0400000000001
dataset/50056459/7.0MapBounded.png,0.18859421748332703,0.01034222221827035,523.695
dataset/50056459/8.0MapBounded.png,0.2557879853331327,0.0103422222182698,523.6425000000002
dataset/50056459/9.0MapBounded.png,0.5297343977161508,0.010342222218269722,523.6975000000001
dataset/50056459/10.0MapBounded.png,0.40655579586669416,0.010342222218269309,528.4900000000001
dataset/50057023/0MapBounded.png,0.3404453186283351,0.004194969765530171,29.672500000000007
dataset/50057023/1.0MapBounded.png,0.2558768873026745,0.004194969765530154,155.18750000000003
dataset/50057023/2.0MapBounded.png,0.13480543469003506,0.004194969765530198,351.0900000000001
dataset/50057023/3.0MapBounded.png,0.05057345791594666,0.004194969765529999,365.7825000000001
dataset/50057023/4.0MapBounded.png,0.03845939278520244,0.004194969765530295,532.9775000000001
dataset/50057023/5.0MapBounded.png,0.08399573867372132,0.004194969765530211,585.5800000000002
dataset/50057023/6.0MapBounded.png,0.09405243343778852,0.004194969765530171,877.8825000000002
dataset/50057023/7.0MapBounded.png,0.044129980681247474,0.004194969765530324,878.7125000000002
dataset/50057023/8.0MapBounded.png,0.044129980681247474,0.004194969765530324,878.7125000000002
dataset/50057023/9.0MapBounded.png,0.23147227775592785,0.004194969765529985,878.6925000000002
dataset/50057025/0MapBounded.png,0.3720445942649673,0.008574862867753715,17.542500000000004
dataset/50057025/1.0MapBounded.png,0.04527345273644859,0.008574862867753687,168.60250000000002
dataset/50057025/2.0MapBounded.png,0.0835603401712912,0.00857486286775365,230.23500000000004
dataset/50057025/3.0MapBounded.png,0.1391962693369343,0.0085748628677539,300.93000000000006
dataset/50057025/4.0MapBounded.png,0.10218382644121415,0.008574862867753868,454.4725000000001
dataset/50057025/5.0MapBounded.png,0.06591170517571524,0.008574862867753715,510.7450000000001
dataset/50057025/6.0MapBounded.png,0.06973402127205319,0.008574862867753703,512.7
dataset/51-0/0MapBounded.png,0.06937471674521337,0.002293765690124057,53.492500000000014
dataset/51-0/1.0MapBounded.png,0.09839722076156783,0.002293765690124282,172.23250000000004
dataset/51-0/2.0MapBounded.png,0.01593266924163849,0.002293765690124479,174.82000000000002
dataset/51-0/3.0MapBounded.png,0.01593266924163849,0.002293765690124479,174.82000000000002
dataset/51-0/4.0MapBounded.png,0.04664206093335052,0.0022937656901237894,174.82750000000004
dataset/54-11/0MapBounded.png,0.015098940501395748,0.006133692996295318,11.932500000000003
dataset/54-11/1.0MapBounded.png,0.008635871909756314,0.006133692996295239,140.62750000000003
dataset/54-11/2.0MapBounded.png,0.008635871909756314,0.006133692996295239,140.64500000000004
dataset/54-11/3.0MapBounded.png,0.008635871909756314,0.006133692996295239,140.64500000000004
dataset/54-11/4.0MapBounded.png,0.008635871909756314,0.006133692996295239,140.64750000000004
dataset/54-11/5.0MapBounded.png,0.008635871909756314,0.006133692996295239,140.64750000000004
dataset/54-11/6.0MapBounded.png,0.009679518327077799,0.0061336929962954425,140.64750000000004
dataset/54-12/0MapBounded.png,0.22291906851888313,0.0029528896340231905,15.915000000000003
dataset/54-12/1.0MapBounded.png,0.13250941102109987,0.0029528896340231124,233.87000000000003
dataset/54-12/2.0MapBounded.png,0.18742422378463602,0.002952889634023191,273.81000000000006
dataset/54-12/3.0MapBounded.png,0.09086728133746365,0.0029528896340231727,312.08750000000003
dataset/54-12/4.0MapBounded.png,0.03588394458579543,0.0029528896340228266,313.7250000000001
dataset/54-13/0MapBounded.png,0.02385600645773932,0.00783586716237803,50.78500000000001
dataset/54-13/1.0MapBounded.png,0.008074985000524344,0.007835867162377766,186.62500000000003
dataset/54-13/2.0MapBounded.png,0.11783608232313399,0.007835867162378026,285.00000000000006
dataset/54-13/3.0MapBounded.png,0.0673615089382959,0.007835867162378017,313.0975000000001
dataset/54-13/4.0MapBounded.png,0.01921984531854765,0.007835867162377965,316.7150000000001
dataset/54-13/5.0MapBounded.png,0.01921984531854765,0.007835867162377965,316.7150000000001
dataset/54-13/6.0MapBounded.png,0.009860412559199033,0.007835867162377977,316.74500000000006
dataset/54-14/0MapBounded.png,0.2701197439579786,0.008153472921870642,25.210000000000004
dataset/54-14/1.0MapBounded.png,0.059626957717903516,0.008153472921870662,272.78000000000003
dataset/54-14/2.0MapBounded.png,0.08362805486729939,0.008153472921870497,288.87750000000005
dataset/54-14/3.0MapBounded.png,0.07439527774379717,0.008153472921870391,305.2925000000001
dataset/54-14/4.0MapBounded.png,0.033676681585702035,0.008153472921870636,310.96000000000004
dataset/54-15/0MapBounded.png,0.22370727023974799,0.0006865182264552706,19.500000000000004
dataset/54-15/1.0MapBounded.png,0.179718264326695,0.00068651822645545,160.38750000000002
dataset/54-15/2.0MapBounded.png,0.2552080248488862,0.0006865182264557442,290.08250000000004
dataset/54-15/3.0MapBounded.png,0.13134520303850306,0.0006865182264555954,308.33250000000004
dataset/54-15/4.0MapBounded.png,0.13134520303850306,0.0006865182264555954,308.38750000000005
dataset/54-15/5.0MapBounded.png,0.16402323311980122,0.00068651822645525,308.36000000000007
dataset/54-16/0MapBounded.png,0.08055380551666735,0.00435452923022037,15.932500000000003
dataset/54-16/1.0MapBounded.png,0.03212761318359308,0.004354529230220473,254.92750000000004
dataset/54-16/2.0MapBounded.png,0.08842826125543339,0.004354529230220434,293.6050000000001
dataset/54-16/3.0MapBounded.png,0.012229385601828978,0.004354529230219946,305.50750000000005
dataset/54-17/0MapBounded.png,0.31545150157725876,0.00762655482617655,16.365000000000002
dataset/54-17/1.0MapBounded.png,0.18211101985713368,0.007626554826176558,174.01250000000005
dataset/54-17/2.0MapBounded.png,0.1412197908380856,0.007626554826176695,255.79500000000004
dataset/54-17/3.0MapBounded.png,0.131476388722315,0.007626554826176478,289.26750000000004
dataset/54-17/4.0MapBounded.png,0.16668545517618558,0.007626554826176521,313.55500000000006
dataset/54-18/0MapBounded.png,0.10944515715064063,0.004764530623033177,7.627500000000001
dataset/54-18/1.0MapBounded.png,0.0489662883122453,0.004764530623032929,143.26500000000001
dataset/54-18/2.0MapBounded.png,0.024922349891595242,0.004764530623033196,252.19750000000005
dataset/54-18/3.0MapBounded.png,0.02666798171973708,0.004764530623033172,271.62750000000005
dataset/54-3/0MapBounded.png,0.153567818793616,0.004001502173612866,45.10500000000001
dataset/54-3/1.0MapBounded.png,0.10995226387196469,0.004001502173612867,151.87750000000003
dataset/54-3/2.0MapBounded.png,0.17630234986095664,0.004001502173612708,247.84000000000006
dataset/54-3/3.0MapBounded.png,0.2610226606230202,0.004001502173612576,315.05000000000007
dataset/54-3/4.0MapBounded.png,0.15414513380764244,0.0040015021736132216,318.27250000000004
dataset/54-3/5.0MapBounded.png,0.11641111171469005,0.004001502173613299,318.1025000000001
dataset/54-3/6.0MapBounded.png,0.07236548314004522,0.0040015021736128685,317.89750000000004
dataset/54-4/0MapBounded.png,0.1365107840841799,0.009113273291082235,28.152500000000007
dataset/54-4/1.0MapBounded.png,0.11089042195954213,0.009113273291082254,171.31250000000003
dataset/54-4/2.0MapBounded.png,0.1348953184088217,0.009113273291081974,264.14500000000004
dataset/54-4/3.0MapBounded.png,0.07827870842378483,0.009113273291082047,302.80000000000007
dataset/54-4/4.0MapBounded.png,0.14931910510992807,0.009113273291082524,315.61750000000006
dataset/54-4/5.0MapBounded.png,0.04175474639310466,0.00911327329108222,315.5425000000001
dataset/54-4/6.0MapBounded.png,0.04175474639310466,0.00911327329108222,315.5425000000001
dataset/54-4/7.0MapBounded.png,0.1032334186098476,0.009113273291082191,316.0950000000001
dataset/54-5/0MapBounded.png,0.21150737200809097,0.004129855674676973,14.797500000000003
dataset/54-5/1.0MapBounded.png,0.1302599161469972,0.004129855674676653,247.77000000000004
dataset/54-5/2.0MapBounded.png,0.1175961717363379,0.004129855674676574,300.17250000000007
dataset/54-5/3.0MapBounded.png,0.033680468029654305,0.004129855674677177,313.74000000000007
dataset/54-6/0MapBounded.png,0.03930892739647184,0.002322098512615917,17.150000000000002
dataset/54-6/1.0MapBounded.png,0.1336930616562136,0.0023220985126159188,152.97250000000003
dataset/54-6/2.0MapBounded.png,0.14614760727022338,0.0023220985126159127,270.6700000000001
dataset/54-6/3.0MapBounded.png,0.03364179082599668,0.00232209851261581,283.06500000000005
dataset/54-6/4.0MapBounded.png,0.11702536381142874,0.002322098512615911,284.24500000000006
dataset/54-7/0MapBounded.png,0.2619488111881216,0.003914115909420049,41.977500000000006
dataset/54-7/1.0MapBounded.png,0.06762853709403953,0.003914115909419984,133.01000000000002
dataset/54-7/2.0MapBounded.png,0.12632600966112406,0.003914115909419987,285.77750000000003
dataset/54-7/3.0MapBounded.png,0.01518635923077857,0.003914115909420243,312.06500000000005
dataset/54-7/4.0MapBounded.png,0.01518635923077857,0.003914115909420243,312.06500000000005
dataset/54-7/5.0MapBounded.png,0.1099318068218461,0.003914115909419702,312.0450000000001
dataset/54-8/0MapBounded.png,0.056098514183777974,0.00036981953404193016,14.732500000000003
dataset/54-8/1.0MapBounded.png,0.07766135758294994,0.0003698195340416582,160.51250000000002
dataset/54-8/2.0MapBounded.png,0.08635417546404948,0.0003698195340419099,264.7950000000001
dataset/54-8/3.0MapBounded.png,0.08488613046400488,0.0003698195340419326,277.97
dataset/54-8/4.0MapBounded.png,0.1685782088163358,0.00036981953404195233,294.02000000000004
dataset/54-8/5.0MapBounded.png,0.1380308611291478,0.00036981953404199223,312.12500000000006
dataset/54-8/6.0MapBounded.png,0.1380308611291478,0.00036981953404199223,313.17750000000007
dataset/54-8/7.0MapBounded.png,0.09775882768105802,0.0003698195340422085,313.24250000000006
dataset/54-9/0MapBounded.png,0.22640415605454137,0.002328852455325366,10.420000000000002
dataset/54-9/1.0MapBounded.png,0.21139605228339295,0.0023288524553247664,71.12000000000002
dataset/54-9/2.0MapBounded.png,0.17655349452657157,0.0023288524553258766,224.51500000000004
dataset/54-9/3.0MapBounded.png,0.04049434587716388,0.002328852455325447,257.9175000000001
dataset/54-9/4.0MapBounded.png,0.05156435109480324,0.0023288524553253444,277.2300000000001
dataset/54-9/5.0MapBounded.png,0.09090332990403031,0.0023288524553254494,314.1675000000001
dataset/54-9/6.0MapBounded.png,0.09090332990403031,0.0023288524553254494,315.19000000000005
dataset/54-9/7.0MapBounded.png,0.1578758799194297,0.002328852455325419,315.20000000000005
dataset/56-0/0MapBounded.png,0.4383520545314084,0.0013176782366430947,15.497500000000002
dataset/56-0/1.0MapBounded.png,0.3391654882017104,0.0013176782366422935,152.19000000000003
dataset/56-0/2.0MapBounded.png,0.27664537336738604,0.001317678236641998,222.52750000000003
dataset/56-0/3.0MapBounded.png,0.28638594222872255,0.001317678236643095,270.70000000000005
dataset/56-0/4.0MapBounded.png,0.1673507299075398,0.001317678236643178,377.9675000000001
dataset/56-0/5.0MapBounded.png,0.11664325815099794,0.0013176782366433424,568.4950000000001
dataset/56-0/6.0MapBounded.png,0.10601144361042474,0.001317678236642859,590.7850000000001
dataset/56-0/7.0MapBounded.png,0.20530945578923954,0.0013176782366428068,607.8750000000001
dataset/56-0/8.0MapBounded.png,0.2127735443537945,0.0013176782366430986,711.0700000000002
dataset/56-0/9.0MapBounded.png,0.385171033250316,0.0013176782366431583,711.2675000000002
dataset/56-0/10.0MapBounded.png,0.12938092690133754,0.001317678236643204,715.7650000000001
dataset/56-0/11.0MapBounded.png,0.22494775425323618,0.0013176782366431214,743.7200000000001
dataset/56-0/12.0MapBounded.png,0.22494775425323618,0.0013176782366431214,743.6200000000001
dataset/56-0/13.0MapBounded.png,0.2935621576140487,0.0013176782366431895,743.5825000000001
dataset/56-2/0MapBounded.png,0.09157052142261314,0.006126653673149708,29.877500000000005
dataset/56-2/1.0MapBounded.png,0.1729879729246038,0.0061266536731495866,175.00000000000003
dataset/56-2/2.0MapBounded.png,0.15398444635294561,0.0061266536731496785,325.5275000000001
dataset/56-2/3.0MapBounded.png,0.1454809644278677,0.00612665367314981,335.4125000000001
dataset/56-2/4.0MapBounded.png,0.22532959671969927,0.00612665367315031,507.9725000000001
dataset/56-2/5.0MapBounded.png,0.13767421976725586,0.006126653673149674,641.6000000000001
dataset/56-2/6.0MapBounded.png,0.1924964735249623,0.006126653673150332,754.7925000000001
dataset/56-2/7.0MapBounded.png,0.15498555025144134,0.006126653673149711,779.3900000000001
dataset/56-2/8.0MapBounded.png,0.06906568144389712,0.006126653673149131,780.0275000000001
dataset/56-2/9.0MapBounded.png,0.0857431922472547,0.006126653673149708,780.0275000000001
dataset/56-2/10.0MapBounded.png,0.10379338628284511,0.006126653673149288,780.6025000000002
dataset/56-5/0MapBounded.png,0.23144631800410312,0.01325080259118009,43.81750000000001
dataset/56-5/1.0MapBounded.png,0.19227129368256513,0.01325080259118013,139.68500000000003
dataset/56-5/2.0MapBounded.png,0.2458634931492483,0.0132508025911801,258.18750000000006
dataset/56-5/3.0MapBounded.png,0.17178405734481272,0.01325080259118023,383.50750000000005
dataset/56-5/4.0MapBounded.png,0.23178916485567122,0.013250802591180156,469.7225000000001
dataset/56-5/5.0MapBounded.png,0.18320285047422002,0.013250802591180055,527.2750000000001
dataset/56-5/6.0MapBounded.png,0.3517153175067133,0.013250802591180076,665.9675000000001
dataset/56-5/7.0MapBounded.png,0.34999783278955204,0.013250802591180066,677.3575000000002
dataset/56-5/8.0MapBounded.png,0.41000561802689334,0.01325080259118013,823.4225000000001
dataset/56-5/9.0MapBounded.png,0.17839588995974154,0.013250802591180173,831.2975000000001
dataset/56-5/10.0MapBounded.png,0.17839588995974154,0.013250802591180173,831.2975000000001
dataset/56-5/11.0MapBounded.png,0.2598820933539448,0.01325080259118005,837.8600000000001
dataset/56-7/0MapBounded.png,1.2882760337493966,0.0016337336670257374,36.002500000000005
dataset/56-7/1.0MapBounded.png,1.4882801369288547,0.0016337336670254636,163.91500000000002
dataset/56-7/2.0MapBounded.png,1.7635581651215804,0.001633733667025807,287.79750000000007
dataset/56-7/3.0MapBounded.png,1.8663331896425874,0.0016337336670253064,361.99000000000007
dataset/56-7/4.0MapBounded.png,1.9470300126163087,0.0016337336670259142,592.0700000000002
dataset/56-7/5.0MapBounded.png,1.9178109820348388,0.0016337336670257377,642.4100000000001
dataset/56-7/6.0MapBounded.png,1.5526604305522211,0.0016337336670255364,656.7725000000002
dataset/56-7/7.0MapBounded.png,1.4462319927560552,0.0016337336670254733,689.6225000000002
dataset/56-7/8.0MapBounded.png,1.7517717936522514,0.0016337336670257418,713.7975000000001
dataset/56-7/9.0MapBounded.png,1.7341827712824691,0.0016337336670257372,713.8975000000002
dataset/56-7/10.0MapBounded.png,1.7822194748948585,0.0016337336670257544,713.9050000000001
dataset/56-7/11.0MapBounded.png,1.7864711016539652,0.0016337336670257377,713.8975000000002
dataset/56-7/12.0MapBounded.png,1.801651616926626,0.0016337336670256405,713.9450000000002
dataset/56-7/13.0MapBounded.png,1.8698038917022268,0.0016337336670256954,713.9675000000001
dataset/56-7/14.0MapBounded.png,1.9168710531328035,0.0016337336670257377,713.9775000000002
dataset/56-7/15.0MapBounded.png,1.0524871671809428,0.001633733667025741,713.9650000000001
dataset/56-7/16.0MapBounded.png,0.30746408739802766,0.001633733667026637,713.9700000000001
dataset/56-7/17.0MapBounded.png,0.2028871907764304,0.0016337336670257502,713.9700000000001
dataset/56-7/18.0MapBounded.png,0.169015024162999,0.0016337336670256479,714.0050000000001
dataset/56-7/19.0MapBounded.png,0.15680429624731015,0.001633733667025714,714.0175000000002
dataset/56-7/20.0MapBounded.png,0.18607204100448096,0.001633733667025663,714.0100000000001
dataset/56-7/21.0MapBounded.png,0.17363902867289432,0.001633733667025701,714.0175000000002
dataset/56-7/22.0MapBounded.png,0.13707583320527578,0.0016337336670257236,714.0450000000002
dataset/56-7/23.0MapBounded.png,0.18923202167386166,0.0016337336670256269,714.0525000000001
dataset/56-7/24.0MapBounded.png,0.1519030929973834,0.001633733667025737,714.0525000000001
dataset/56-7/25.0MapBounded.png,0.0883407827572096,0.0016337336670257405,714.0500000000002
dataset/56-7/26.0MapBounded.png,0.031628306540818996,0.0016337336670257312,714.0400000000002
dataset/56-7/27.0MapBounded.png,0.04896077882818311,0.0016337336670256375,714.0200000000001
dataset/56-7/28.0MapBounded.png,0.14287240958864253,0.0016337336670256975,714.0275000000001
dataset/56-7/29.0MapBounded.png,0.18726895067386862,0.0016337336670257463,714.0375000000001
dataset/56-7/30.0MapBounded.png,0.1905884005972209,0.0016337336670257207,714.0400000000002
dataset/56-7/31.0MapBounded.png,0.25716304634806714,0.001633733667025645,714.0400000000002
dataset/56-7/32.0MapBounded.png,0.14028171387004226,0.0016337336670257372,714.0400000000002
dataset/56-7/33.0MapBounded.png,0.7480895240744296,0.0016337336670257984,714.0500000000002
dataset/56-7/34.0MapBounded.png,1.4291583716594907,0.001633733667025986,714.0550000000002
dataset/56-7/35.0MapBounded.png,1.6792403264821067,0.0016337336670257387,714.0525000000001
dataset/56-7/36.0MapBounded.png,1.6867340587797068,0.0016337336670259165,714.0675000000001
dataset/56-7/37.0MapBounded.png,1.7052559231087874,0.001633733667025736,714.0650000000002
dataset/56-7/38.0MapBounded.png,1.7058283176638611,0.001633733667025594,714.0950000000001
dataset/56-7/39.0MapBounded.png,1.6684491404767599,0.0016337336670257767,714.0875000000001
dataset/56-7/40.0MapBounded.png,1.6744747529995172,0.0016337336670257398,714.0950000000001
dataset/56-7/41.0MapBounded.png,1.5988978085137988,0.0016337336670257604,714.0875000000001
dataset/56-7/42.0MapBounded.png,1.5424349403243731,0.0016337336670256687,718.0150000000001
dataset/56-7/43.0MapBounded.png,1.5041386494827764,0.0016337336670250264,720.1825000000001
dataset/56-7/44.0MapBounded.png,1.3055272908522069,0.0016337336670262962,720.1400000000001
dataset/56-7/45.0MapBounded.png,1.9569676374364937,0.001633733667025604,720.2425000000002
dataset/56-7/46.0MapBounded.png,1.9569676374364937,0.001633733667025604,720.2075000000001
dataset/56-7/47.0MapBounded.png,1.6913902833709136,0.0016337336670253673,720.2075000000001
dataset/56-7/48.0MapBounded.png,1.616844066859912,0.0016337336670253738,720.4450000000002
dataset/6-1/0MapBounded.png,0.3512623818205116,0.002638512129692913,32.792500000000004
dataset/6-1/1.0MapBounded.png,0.4206937851835822,0.0026385121296927205,199.61750000000004
dataset/6-1/2.0MapBounded.png,0.28074245265841974,0.0026385121296930414,299.1700000000001
dataset/6-1/3.0MapBounded.png,0.3272420930728712,0.0026385121296928636,498.8900000000001
dataset/6-1/4.0MapBounded.png,0.24212545477979897,0.0026385121296929968,692.4025000000001
dataset/6-1/5.0MapBounded.png,0.27908108515992974,0.00263851212969246,762.6500000000002
dataset/6-1/6.0MapBounded.png,0.12410870294044603,0.0026385121296927886,804.7275000000002
dataset/6-1/7.0MapBounded.png,0.07172328190559425,0.002638512129692946,865.0425000000001
dataset/6-1/8.0MapBounded.png,0.29992266094055337,0.0026385121296927908,937.0250000000002
dataset/6-1/9.0MapBounded.png,0.33549306877172774,0.002638512129693101,951.1700000000002
dataset/6-1/10.0MapBounded.png,0.3218015600046514,0.002638512129692901,958.0700000000002
dataset/6-1/11.0MapBounded.png,0.2679334879128016,0.0026385121296929126,958.0800000000002
dataset/6-1/12.0MapBounded.png,0.225144510293384,0.0026385121296929152,958.1350000000002
dataset/6-2/0MapBounded.png,0.5275884668768247,0.002774737064114515,12.545000000000002
dataset/6-2/1.0MapBounded.png,0.4931698854610895,0.0027747370641140155,116.77750000000002
dataset/6-2/2.0MapBounded.png,0.45125990862496457,0.002774737064114752,207.79250000000005
dataset/6-2/3.0MapBounded.png,0.46453988467085156,0.002774737064114457,291.57250000000005
dataset/6-2/4.0MapBounded.png,0.556612504417577,0.002774737064114134,425.4025000000001
dataset/6-2/5.0MapBounded.png,0.46904001671047046,0.002774737064114519,538.0850000000002
dataset/6-2/6.0MapBounded.png,0.5500116705614769,0.002774737064114796,562.2325000000001
dataset/6-2/7.0MapBounded.png,0.3546581343204301,0.0027747370641145507,603.2200000000001
dataset/6-2/8.0MapBounded.png,0.11218412246613362,0.0027747370641147606,680.9500000000002
dataset/6-2/9.0MapBounded.png,0.1830048600097576,0.002774737064114508,710.2925000000001
dataset/6-2/10.0MapBounded.png,0.38098439707003623,0.0027747370641143993,740.1750000000002
dataset/6-2/11.0MapBounded.png,0.3060775647250853,0.002774737064114571,755.4800000000001
dataset/6-2/12.0MapBounded.png,0.318669720330029,0.0027747370641146574,759.3400000000001
dataset/6-2/13.0MapBounded.png,0.318669720330029,0.0027747370641146574,759.3525000000002
dataset/6-2/14.0MapBounded.png,0.40827256907961196,0.0027747370641145143,759.3025000000001
dataset/6-2/15.0MapBounded.png,0.4734926591963466,0.0027747370641145186,759.4450000000002
dataset/6-2/16.0MapBounded.png,0.7158215737313325,0.002774737064114429,759.5100000000001
dataset/6-3/0MapBounded.png,0.04178453469074458,0.012026445973047748,10.185000000000002
dataset/6-3/1.0MapBounded.png,0.0027976957668504683,0.01202644597304795,65.275
dataset/6-4/0MapBounded.png,0.11653801618859562,0.0019038945993547643,16.442500000000003
dataset/6-4/1.0MapBounded.png,0.08223412391370821,0.0019038945993547604,53.32000000000001
dataset/6-4/2.0MapBounded.png,0.0956124217094596,0.0019038945993542424,103.56500000000003
dataset/6-4/3.0MapBounded.png,0.023452058326611715,0.0019038945993544232,173.72250000000003
dataset/6-4/4.0MapBounded.png,0.09925961147582711,0.0019038945993547704,177.67000000000004
dataset/6-4/5.0MapBounded.png,0.09925961147582711,0.0019038945993547704,177.67750000000004
dataset/6-4/6.0MapBounded.png,0.030497930719741294,0.0019038945993547676,177.71000000000004
dataset/66-00/0MapBounded.png,0.265253122450899,0.002238706109078217,19.350000000000005
dataset/66-00/1.0MapBounded.png,0.09095766984084902,0.002238706109078219,232.29750000000004
dataset/66-00/2.0MapBounded.png,0.09222960810180836,0.0022387061090786125,311.1525000000001
dataset/66-00/3.0MapBounded.png,0.08967545567337168,0.0022387061090783514,612.0050000000001
dataset/66-00/4.0MapBounded.png,0.09477588694591033,0.0022387061090780175,861.8825000000002
dataset/66-00/5.0MapBounded.png,0.02709804304741765,0.0022387061090785036,866.6550000000002
dataset/66-00/6.0MapBounded.png,0.09946108634707473,0.002238706109078358,1054.4350000000002
dataset/66-00/7.0MapBounded.png,0.1969275505924734,0.002238706109078,1176.7750000000003
dataset/66-00/8.0MapBounded.png,0.05129454559523432,0.002238706109078357,1255.3050000000003
dataset/66-00/9.0MapBounded.png,0.01132745837038732,0.00223870610907828,1258.0250000000003
dataset/66-00/10.0MapBounded.png,0.08326580341782386,0.0022387061090784273,1316.1700000000003
dataset/66-00/11.0MapBounded.png,0.13574394949827231,0.0022387061090782313,1315.9800000000002
dataset/66-00/12.0MapBounded.png,0.009217533948728967,0.0022387061090782074,1315.9950000000003
dataset/66-00/13.0MapBounded.png,0.027364964005439415,0.0022387061090782456,1316.0225000000003
dataset/66-00/14.0MapBounded.png,0.013075860145297625,0.002238706109078153,1315.9775000000002
dataset/66-1/0MapBounded.png,0.06506199028755244,0.0029962379014989646,44.48250000000001
dataset/66-1/1.0MapBounded.png,0.09088177301404052,0.002996237901499283,65.67500000000001
dataset/66-1/2.0MapBounded.png,0.10054773613669879,0.0029962379014987165,69.12750000000001
dataset/66-1/3.0MapBounded.png,0.10045156818151048,0.0029962379014990413,69.22500000000001
dataset/66-1/4.0MapBounded.png,0.03972645908937443,0.0029962379014986367,73.13500000000002
dataset/66-1/5.0MapBounded.png,0.04331298694206802,0.0029962379014989633,73.39750000000001
dataset/66-1/6.0MapBounded.png,0.04331298694206802,0.0029962379014989633,73.39750000000001
dataset/66-1/7.0MapBounded.png,0.04347954688465988,0.0029962379014988293,73.43000000000002
dataset/66-1/8.0MapBounded.png,0.042933774078593126,0.002996237901499281,73.80250000000001
dataset/66-1/9.0MapBounded.png,0.04513901518248085,0.002996237901499105,73.88250000000001
dataset/66-2/0MapBounded.png,0.24110365067301742,0.001033104981723478,13.917500000000002
dataset/66-2/1.0MapBounded.png,0.0670867155717844,0.0010331049817233035,234.65250000000003
dataset/66-2/2.0MapBounded.png,0.08286916502236895,0.001033104981723334,272.43250000000006
dataset/66-2/3.0MapBounded.png,0.05448777956886913,0.0010331049817232053,274.71250000000003
dataset/66-2/4.0MapBounded.png,0.056902950327785064,0.0010331049817234128,274.62500000000006
dataset/66-2/5.0MapBounded.png,0.056902950327785064,0.0010331049817234128,282.21000000000004
dataset/66-2/6.0MapBounded.png,0.08361536369738387,0.0010331049817236292,282.20250000000004
dataset/66-3/0MapBounded.png,0.415484967125201,0.0003680678178051757,20.970000000000002
dataset/66-3/1.0MapBounded.png,0.16820354169647175,0.00036806781780670893,181.16250000000002
dataset/66-3/2.0MapBounded.png,0.058647361715023626,0.0003680678178050015,556.3075000000001
dataset/66-3/3.0MapBounded.png,0.10091845811570979,0.00036806781780517045,792.2575000000002
dataset/66-3/4.0MapBounded.png,0.16102822080428245,0.00036806781780522363,865.0800000000002
dataset/66-3/5.0MapBounded.png,0.08844745304769447,0.00036806781780434966,905.2825000000001
dataset/66-3/6.0MapBounded.png,0.036217386982903506,0.00036806781780512416,1001.5425000000002
dataset/66-3/7.0MapBounded.png,0.0670430634025545,0.0003680678178051148,1100.2875000000001
dataset/66-3/8.0MapBounded.png,0.051010073442181066,0.00036806781780416,1159.2600000000002
dataset/66-3/9.0MapBounded.png,0.1546121194883025,0.00036806781780585,1190.7275000000002
dataset/66-3/10.0MapBounded.png,0.028178131440918994,0.0003680678178048923,1197.2675000000002
dataset/66-3/11.0MapBounded.png,0.02908805942687647,0.00036806781780516156,1204.7025000000003
dataset/66-3/12.0MapBounded.png,0.02908805942687647,0.00036806781780516156,1205.0850000000003
dataset/66-3/13.0MapBounded.png,0.035374095688590096,0.000368067817805738,1205.4325000000003
dataset/66-3/14.0MapBounded.png,0.12750923590763655,0.0003680678178047636,1214.1075000000003
dataset/66-4/0MapBounded.png,0.20356317787462405,0.0035065709603533503,24.032500000000006
dataset/66-4/1.0MapBounded.png,0.28600356595618426,0.003506570960353395,105.52000000000002
dataset/66-4/2.0MapBounded.png,0.1918001998003581,0.0035065709603534366,335.2950000000001
dataset/66-4/3.0MapBounded.png,0.13159919006609455,0.0035065709603530433,495.61000000000007
dataset/66-4/4.0MapBounded.png,0.07188666066133467,0.003506570960353357,559.7700000000001
dataset/66-4/5.0MapBounded.png,0.07245953119030664,0.0035065709603533525,559.9300000000001
dataset/66-4/6.0MapBounded.png,0.07999629193087754,0.0035065709603533256,582.9925000000001
dataset/66-4/7.0MapBounded.png,0.08328357008077175,0.003506570960353217,741.4775000000002
dataset/66-4/8.0MapBounded.png,0.024034787827510833,0.003506570960353351,767.7425000000002
dataset/66-4/9.0MapBounded.png,0.09516077147509894,0.0035065709603536517,877.2325000000002
dataset/66-4/10.0MapBounded.png,0.09468103899612461,0.003506570960353337,970.9925000000002
dataset/66-4/11.0MapBounded.png,0.04199145259168067,0.0035065709603532497,1035.3775000000003
dataset/66-4/12.0MapBounded.png,0.10591112909322523,0.003506570960353407,1102.7425000000003
dataset/66-4/13.0MapBounded.png,0.10482019471582149,0.003506570960352668,1132.4525000000003
dataset/66-4/14.0MapBounded.png,0.1271356240767066,0.0035065709603540815,1166.8025000000002
dataset/66-4/15.0MapBounded.png,0.1289874618617919,0.0035065709603530216,1171.8925000000002
dataset/66-4/16.0MapBounded.png,0.0934815819555503,0.0035065709603543925,1174.2700000000002
dataset/66-4/17.0MapBounded.png,0.09635047235138992,0.003506570960353179,1174.3275000000003
dataset/66-4/18.0MapBounded.png,0.09847977568403031,0.0035065709603533672,1174.3275000000003
dataset/66-4/19.0MapBounded.png,0.1380951087820091,0.0035065709603533802,1174.4225000000001
dataset/66-4/20.0MapBounded.png,0.197929609171442,0.0035065709603535906,1176.2425000000003
dataset/66-5/0MapBounded.png,0.7844306896897145,0.0006668800930892617,61.69000000000001
dataset/66-5/1.0MapBounded.png,0.5048632067141604,0.0006668800930894604,374.94500000000005
dataset/66-5/2.0MapBounded.png,0.16820283120031912,0.0006668800930890907,618.4950000000001
dataset/66-5/3.0MapBounded.png,0.1495101979892334,0.000666880093089371,709.3650000000001
dataset/66-5/4.0MapBounded.png,0.27524794709308087,0.0006668800930886008,883.8750000000002
dataset/66-5/5.0MapBounded.png,0.2917338569880647,0.0006668800930891715,983.9575000000002
dataset/66-5/6.0MapBounded.png,0.19702517607620307,0.0006668800930892415,1031.6200000000001
dataset/66-5/7.0MapBounded.png,0.3258097089755624,0.0006668800930897891,1074.0175000000002
dataset/66-5/8.0MapBounded.png,0.19339486466586533,0.0006668800930881749,1108.6025000000002
dataset/66-5/9.0MapBounded.png,0.1642489151158807,0.0006668800930893873,1151.5600000000002
dataset/66-5/10.0MapBounded.png,0.18512738171309154,0.0006668800930892661,1151.6350000000002
dataset/66-5/11.0MapBounded.png,0.1433240567735079,0.0006668800930893126,1151.7175000000002
dataset/68-00/0MapBounded.png,0.9897408014124067,0.0022542938355491217,25.770000000000007
dataset/68-00/1.0MapBounded.png,0.8080888166797378,0.002254293835548659,273.9800000000001
dataset/68-00/2.0MapBounded.png,0.6842700793286287,0.0022542938355486915,409.62250000000006
dataset/68-00/3.0MapBounded.png,0.5667310128626134,0.002254293835548951,428.0025000000001
dataset/68-00/4.0MapBounded.png,0.5662435214088336,0.0022542938355495884,427.99500000000006
dataset/68-00/5.0MapBounded.png,0.4512411386435811,0.002254293835549404,502.5050000000001
dataset/68-00/6.0MapBounded.png,0.40863883960436903,0.002254293835549069,792.8650000000001
dataset/68-00/7.0MapBounded.png,0.46030618996930794,0.0022542938355490775,823.3025000000001
dataset/68-00/8.0MapBounded.png,0.591065242787806,0.0022542938355490476,898.7400000000001
dataset/68-00/9.0MapBounded.png,0.624270640834696,0.00225429383554879,1013.5000000000002
dataset/68-00/10.0MapBounded.png,0.537454329391795,0.0022542938355495892,1118.5075000000002
dataset/68-00/11.0MapBounded.png,0.6414254777160497,0.0022542938355493624,1141.5825000000002
dataset/68-00/12.0MapBounded.png,0.4524106012832773,0.002254293835549121,1396.9825000000003
dataset/68-00/13.0MapBounded.png,0.21608158307336653,0.0022542938355495173,1606.0400000000004
dataset/68-00/14.0MapBounded.png,0.07688415484952082,0.0022542938355497553,1706.1175000000003
dataset/68-00/15.0MapBounded.png,0.08449589026851953,0.002254293835549456,1815.4925000000003
dataset/68-00/16.0MapBounded.png,0.3549214306939577,0.0022542938355489474,1911.6825000000003
dataset/68-00/17.0MapBounded.png,0.39706548809379205,0.0022542938355490415,2011.5750000000005
dataset/68-00/18.0MapBounded.png,0.297859827810768,0.0022542938355491165,2071.1825000000003
dataset/68-00/19.0MapBounded.png,0.4467800682067205,0.00225429383554912,2086.0075000000006
dataset/68-00/20.0MapBounded.png,0.5126264811217957,0.0022542938355489556,2100.3625
dataset/68-00/21.0MapBounded.png,0.4948638560313721,0.0022542938355494323,2141.6500000000005
dataset/68-00/22.0MapBounded.png,0.352394243566975,0.002254293835549149,2143.1775000000002
dataset/68-00/23.0MapBounded.png,0.39547938284173245,0.0022542938355488693,2149.9975000000004
dataset/68-00/24.0MapBounded.png,0.3830787455402249,0.0022542938355491126,2150.0575000000003
dataset/68-00/25.0MapBounded.png,0.4431433371793205,0.0022542938355491213,2150.4525000000003
dataset/68-00/26.0MapBounded.png,0.4494091854053237,0.0022542938355491486,2154.4200000000005
dataset/68-00/27.0MapBounded.png,0.4494091854053237,0.0022542938355491486,2154.4275000000002
dataset/68-00/28.0MapBounded.png,0.4004224431519397,0.002254293835549048,2154.4450000000006
dataset/68-00/29.0MapBounded.png,0.6060196789886254,0.0022542938355491235,2160.5375000000004
dataset/68-00/30.0MapBounded.png,0.5939026541271727,0.0022542938355491356,2161.6075000000005
dataset/68-00/31.0MapBounded.png,0.5818821437989893,0.0022542938355491265,2161.5400000000004
dataset/68-5/0MapBounded.png,0.904472849833157,0.0013312624938319434,21.847500000000004
dataset/68-5/1.0MapBounded.png,0.8750309111836833,0.001331262493832016,281.77000000000004
dataset/68-5/2.0MapBounded.png,0.6372990636830745,0.0013312624938319308,433.5950000000001
dataset/68-5/3.0MapBounded.png,0.6172879615416244,0.0013312624938321689,447.6975000000001
dataset/68-5/4.0MapBounded.png,0.47568434635642587,0.0013312624938314579,612.9675000000001
dataset/68-5/5.0MapBounded.png,0.4059770957057917,0.0013312624938316396,721.4400000000002
dataset/68-5/6.0MapBounded.png,0.36484071056841694,0.0013312624938318918,752.3125000000001
dataset/68-5/7.0MapBounded.png,0.2655689263053997,0.0013312624938318573,967.2425000000002
dataset/68-5/8.0MapBounded.png,0.1663031206591455,0.0013312624938319282,1259.7250000000001
dataset/68-5/9.0MapBounded.png,0.11576959347012396,0.0013312624938316246,1450.6025000000002
dataset/68-5/10.0MapBounded.png,0.23903919533973156,0.0013312624938317322,1591.9425000000003
dataset/68-5/11.0MapBounded.png,0.19389523814247336,0.0013312624938313974,1623.4225000000004
dataset/68-5/12.0MapBounded.png,0.2582603389847583,0.0013312624938322895,1691.8425000000004
dataset/68-5/13.0MapBounded.png,0.4089376906375923,0.001331262493831938,1717.4775000000004
dataset/68-5/14.0MapBounded.png,0.41395855079604504,0.0013312624938322522,1835.3675000000003
dataset/68-5/15.0MapBounded.png,0.4657863781847494,0.0013312624938319555,1912.4075000000005
dataset/68-5/16.0MapBounded.png,0.5313880511312608,0.0013312624938321541,1992.2900000000004
dataset/68-5/17.0MapBounded.png,0.46130785534857555,0.0013312624938326494,2006.7450000000003
dataset/68-5/18.0MapBounded.png,0.23987068157916913,0.0013312624938315355,2013.0425000000005
dataset/68-5/19.0MapBounded.png,0.2315384563686452,0.0013312624938319414,2016.9675000000004
dataset/68-5/20.0MapBounded.png,0.2315384563686452,0.0013312624938319414,2016.9700000000005
dataset/68-5/21.0MapBounded.png,0.2565568598194372,0.0013312624938319334,2016.9750000000004
dataset/68-5/22.0MapBounded.png,0.2883518280602677,0.0013312624938319412,2017.5975000000003
dataset/68-5/23.0MapBounded.png,0.33793222611729995,0.0013312624938319607,2025.3400000000004
dataset/7-0/0MapBounded.png,0.10065242253188536,0.0020924674348388327,42.595000000000006
dataset/7-0/1.0MapBounded.png,0.04319551546121463,0.002092467434838827,232.27500000000003
dataset/7-0/2.0MapBounded.png,0.25879951714114896,0.0020924674348385595,426.9450000000001
dataset/7-0/3.0MapBounded.png,0.22481584426171475,0.002092467434838877,714.7250000000001
dataset/7-0/4.0MapBounded.png,0.03787777742445215,0.0020924674348388244,767.7425000000002
dataset/7-0/5.0MapBounded.png,0.14992153853476145,0.002092467434839415,818.7600000000001
dataset/7-0/6.0MapBounded.png,0.09927463908467363,0.0020924674348391063,868.7725000000002
dataset/7-1/0MapBounded.png,0.07828561799983365,0.003832931177163985,21.835000000000004
dataset/7-1/1.0MapBounded.png,0.1562619080701276,0.003832931177164458,160.14000000000004
dataset/7-1/2.0MapBounded.png,0.09905567839652685,0.0038329311771639085,268.13000000000005
dataset/7-1/3.0MapBounded.png,0.0349018817687965,0.0038329311771639766,278.6025000000001
dataset/7-2/0MapBounded.png,0.17383711841089552,0.009961736479593811,55.40000000000001
dataset/7-2/1.0MapBounded.png,0.07021693000544252,0.009961736479594032,134.84750000000003
dataset/7-2/2.0MapBounded.png,0.208441857953022,0.009961736479593654,324.51500000000004
dataset/7-2/3.0MapBounded.png,0.0133356840712904,0.009961736479593556,334.1050000000001
dataset/7-2/4.0MapBounded.png,0.03299024778396735,0.00996173647959388,334.08000000000004
dataset/7-2/5.0MapBounded.png,0.03299024778396735,0.00996173647959388,334.11750000000006
dataset/7-2/6.0MapBounded.png,0.03299024778396735,0.00996173647959388,334.11750000000006
dataset/7-2/7.0MapBounded.png,0.03299024778396735,0.00996173647959388,334.11250000000007
dataset/7-2/8.0MapBounded.png,0.03299024778396735,0.00996173647959388,334.12000000000006
dataset/7-2/9.0MapBounded.png,0.03299024778396735,0.00996173647959388,334.11500000000007
dataset/7-2/10.0MapBounded.png,0.03299024778396735,0.00996173647959388,334.11500000000007
dataset/7-2/11.0MapBounded.png,0.03299024778396735,0.00996173647959388,334.14000000000004
dataset/7-2/12.0MapBounded.png,0.03299024778396735,0.00996173647959388,334.14250000000004
dataset/7-2/13.0MapBounded.png,0.040756546981112377,0.009961736479593773,334.18500000000006
dataset/7-2/14.0MapBounded.png,0.03586977967342708,0.009961736479593933,341.70500000000004
dataset/7-3/0MapBounded.png,0.3215515685883209,0.006061525160054386,11.970000000000002
dataset/7-3/1.0MapBounded.png,0.13331581159927322,0.006061525160054437,118.96500000000002
dataset/7-3/2.0MapBounded.png,0.1400832030765341,0.006061525160054889,149.43250000000003
dataset/7-3/3.0MapBounded.png,0.1400832030765341,0.006061525160054889,149.42500000000004
dataset/7-3/4.0MapBounded.png,0.17694852253658175,0.0060615251600541565,258.69500000000005
dataset/7-3/5.0MapBounded.png,0.09369114826492497,0.006061525160055196,379.7950000000001
dataset/7-3/6.0MapBounded.png,0.2698954520248108,0.00606152516005425,411.18000000000006
dataset/7-3/7.0MapBounded.png,0.12787854593668993,0.006061525160054144,412.06250000000006
dataset/7-3/8.0MapBounded.png,0.093783457204673,0.0060615251600538,411.9125000000001
dataset/8-0/0MapBounded.png,0.5038172967317627,0.002670586980821057,38.540000000000006
dataset/8-0/1.0MapBounded.png,0.3602875752294047,0.0026705869808204565,224.86750000000004
dataset/8-0/2.0MapBounded.png,0.2727672875039607,0.0026705869808210615,284.03000000000003
dataset/8-0/3.0MapBounded.png,0.07282648294261265,0.002670586980821053,413.0425000000001
dataset/8-0/4.0MapBounded.png,0.07357273089540589,0.002670586980821102,520.2500000000001
dataset/8-0/5.0MapBounded.png,0.24273525021037023,0.002670586980820931,666.1100000000001
dataset/8-0/6.0MapBounded.png,0.2021190587113701,0.002670586980821066,728.4225000000001
dataset/8-0/7.0MapBounded.png,0.20605868180327686,0.0026705869808210706,729.1600000000002
dataset/8-0/8.0MapBounded.png,0.2099479872987836,0.0026705869808212163,729.1600000000002
dataset/8-2/0MapBounded.png,0.32765107392131076,0.014359213117382082,15.050000000000002
dataset/8-2/1.0MapBounded.png,0.4437984905244152,0.0143592131173814,177.91250000000002
dataset/8-2/2.0MapBounded.png,0.3775496793164161,0.014359213117381432,178.02000000000004
dataset/8-2/3.0MapBounded.png,0.323142067333003,0.01435921311738214,307.7825000000001
dataset/8-2/4.0MapBounded.png,0.3798718301570209,0.014359213117381945,426.67500000000007
dataset/8-2/5.0MapBounded.png,0.45167770338497387,0.014359213117381187,616.6400000000001
dataset/8-2/6.0MapBounded.png,0.2229495265194179,0.014359213117381964,670.0825000000001
dataset/8-2/7.0MapBounded.png,0.09098617862662946,0.014359213117382086,692.1675000000001
dataset/8-2/8.0MapBounded.png,0.35765570752195364,0.014359213117382542,707.6875000000001
dataset/8-2/9.0MapBounded.png,0.3104871938030187,0.014359213117382096,723.1400000000001
dataset/8-2/10.0MapBounded.png,0.39215668987695673,0.014359213117382006,727.8025000000001
dataset/8-3/0MapBounded.png,0.0719578300134692,0.004311144629505195,12.382500000000002
dataset/8-3/1.0MapBounded.png,0.13192970237897808,0.004311144629505332,307.0925000000001
dataset/8-3/2.0MapBounded.png,0.0757831083109068,0.004311144629505307,350.99000000000007
dataset/8-3/3.0MapBounded.png,0.08491473316295932,0.004311144629505278,351.25250000000005
dataset/8-3/4.0MapBounded.png,0.11061848200282005,0.004311144629505021,482.0200000000001
dataset/8-3/5.0MapBounded.png,0.16487334446412044,0.004311144629505192,559.4775000000001
dataset/8-3/6.0MapBounded.png,0.04480118311691664,0.0043111446295053465,614.1450000000001
dataset/8-3/7.0MapBounded.png,0.08651477758365202,0.004311144629505272,647.0450000000001
dataset/8-3/8.0MapBounded.png,0.03568204471803519,0.00431114462950522,654.3950000000001
dataset/8-4/0MapBounded.png,0.2577633480260729,1.3847551569289921e-05,31.807500000000005
dataset/8-4/1.0MapBounded.png,0.30930176625722056,1.3847551569633537e-05,174.42250000000004
dataset/8-4/2.0MapBounded.png,0.16837301382125552,1.384755156926624e-05,257.06500000000005
dataset/8-4/3.0MapBounded.png,0.11483074080679805,1.3847551569350372e-05,372.1700000000001
dataset/8-4/4.0MapBounded.png,0.07945685619616386,1.3847551569280854e-05,457.5925000000001
dataset/8-4/5.0MapBounded.png,0.08279148223722048,1.3847551569360353e-05,506.0900000000001
dataset/8-4/6.0MapBounded.png,0.08436674457207718,1.384755156926446e-05,623.3600000000001
dataset/8-4/7.0MapBounded.png,0.15752773549905152,1.3847551569267273e-05,669.8875000000002
dataset/8-4/8.0MapBounded.png,0.10582587466969778,1.3847551569317158e-05,704.0250000000001
dataset/8-4/9.0MapBounded.png,0.12697641174254376,1.3847551569207352e-05,708.4425000000001
dataset/8-4/10.0MapBounded.png,0.12697641174254376,1.3847551569207352e-05,710.9150000000002
dataset/8-4/11.0MapBounded.png,0.1110981531944642,1.3847551569523729e-05,710.9850000000001
dataset/8-4/12.0MapBounded.png,0.06704244212960507,1.3847551569291136e-05,711.2900000000002
dataset/9-0/0MapBounded.png,0.2437789916329924,0.004287035647574925,15.277500000000003
dataset/9-0/1.0MapBounded.png,0.1588806337486362,0.004287035647574837,165.77500000000003
dataset/9-0/2.0MapBounded.png,0.021895734744863664,0.004287035647574957,312.95500000000004
dataset/9-0/3.0MapBounded.png,0.11697342019936204,0.004287035647574912,350.07500000000005
dataset/9-0/4.0MapBounded.png,0.0746463356779038,0.004287035647575006,354.9750000000001
dataset/9-1/0MapBounded.png,0.09280260992811272,0.0052998921155914544,39.212500000000006
dataset/9-1/1.0MapBounded.png,0.15887257337277408,0.005299892115591879,185.87500000000003
dataset/9-1/2.0MapBounded.png,0.043340447366141635,0.005299892115591153,393.2925000000001
dataset/9-1/3.0MapBounded.png,0.06958737647480522,0.005299892115591427,406.68000000000006
dataset/9-1/4.0MapBounded.png,0.02935252191848625,0.005299892115590282,422.2925000000001
dataset/9-3/0MapBounded.png,0.18209004562262,0.008294233401857995,12.810000000000002
dataset/9-3/1.0MapBounded.png,0.023984279490564576,0.008294233401858302,171.40250000000003
dataset/9-3/2.0MapBounded.png,0.2677466852384374,0.008294233401858093,231.41000000000005
dataset/9-3/3.0MapBounded.png,0.18224101371222162,0.008294233401858295,367.9175000000001
dataset/9-3/4.0MapBounded.png,0.2540795120225461,0.008294233401857656,465.0575000000001
dataset/9-3/5.0MapBounded.png,0.332330107799406,0.008294233401857512,575.2675000000002
dataset/9-3/6.0MapBounded.png,0.3242542069643856,0.008294233401857806,641.0325000000001
dataset/9-3/7.0MapBounded.png,0.44270527614850025,0.00829423340185778,680.6050000000001
dataset/9-3/8.0MapBounded.png,0.20191614220542833,0.008294233401858012,684.4925000000002
dataset/9-3/9.0MapBounded.png,0.2021328940267034,0.008294233401858276,684.4525000000001
dataset/E1-0/0MapBounded.png,0.2774802332866089,0.0012731842925498913,15.360000000000003
dataset/E1-0/1.0MapBounded.png,0.25695881796244874,0.001273184292549165,140.38750000000002
dataset/E1-0/2.0MapBounded.png,0.21728606382771395,0.0012731842925498065,202.08500000000004
dataset/E1-0/3.0MapBounded.png,0.22151762269638756,0.001273184292550068,211.82750000000004
dataset/E1-0/4.0MapBounded.png,0.1420162484195787,0.0012731842925496565,212.21750000000003
dataset/E1-0/5.0MapBounded.png,0.17635038839413406,0.0012731842925501947,233.12500000000006
dataset/E1-0/6.0MapBounded.png,0.11663902272910692,0.0012731842925500217,233.01250000000005
dataset/E1-0/7.0MapBounded.png,0.11663902272910692,0.0012731842925500217,233.01250000000005
dataset/E1-0/8.0MapBounded.png,0.0841995206857211,0.001273184292550422,233.66250000000005
dataset/E1-1/0MapBounded.png,0.12050142850328649,0.0024893733930810963,56.52500000000001
dataset/E1-1/1.0MapBounded.png,0.12008018800563752,0.0024893733930810794,146.80000000000004
dataset/E1-1/2.0MapBounded.png,0.27302007801644074,0.002489373393081236,261.62000000000006
dataset/E1-1/3.0MapBounded.png,0.07335192917091843,0.002489373393080807,266.2225
dataset/E15-4/0MapBounded.png,0.31389625713844066,0.011897156285488849,22.132500000000004
dataset/E15-4/1.0MapBounded.png,0.29795569659077203,0.011897156285488613,102.78500000000003
dataset/E15-4/2.0MapBounded.png,0.3371180021763262,0.011897156285488928,103.55250000000002
dataset/E15-4/3.0MapBounded.png,0.3371180021763262,0.011897156285488928,103.55250000000002
dataset/E15-4/4.0MapBounded.png,0.2594187349875185,0.011897156285488812,207.87500000000003
dataset/E15-4/5.0MapBounded.png,0.19266880008511555,0.011897156285488545,343.95750000000004
dataset/E15-4/6.0MapBounded.png,0.13203127598734407,0.011897156285488817,437.7850000000001
dataset/E15-4/7.0MapBounded.png,0.20355490134982607,0.011897156285489159,488.4500000000001
dataset/E15-4/8.0MapBounded.png,0.15023458809749962,0.011897156285488965,561.3625000000001
dataset/E15-4/9.0MapBounded.png,0.16788578406398863,0.011897156285489412,812.3325000000002
dataset/E15-4/10.0MapBounded.png,0.3544321029171545,0.011897156285488847,858.8950000000002
dataset/E15-4/11.0MapBounded.png,0.24747272558432745,0.011897156285488852,903.7400000000001
dataset/E15-4/12.0MapBounded.png,0.26466461113448103,0.011897156285488838,920.4700000000001
dataset/E15-4/13.0MapBounded.png,0.37295991746311474,0.011897156285489142,1018.2175000000002
dataset/E15-4/14.0MapBounded.png,0.07025585417293953,0.011897156285489104,1032.8400000000001
dataset/E15-4/15.0MapBounded.png,0.37431633082934507,0.011897156285488774,1045.1650000000002
dataset/E15-4/16.0MapBounded.png,0.3725241249738531,0.01189715628548879,1067.9650000000001
dataset/E15-4/17.0MapBounded.png,0.5849363619880665,0.011897156285488963,1155.2375000000002
dataset/E15-4/18.0MapBounded.png,0.06487463552788104,0.011897156285489471,1161.1450000000002
dataset/E15-4/19.0MapBounded.png,0.13718545563315868,0.011897156285488772,1160.8925000000002
dataset/E17-1/0MapBounded.png,0.19055300607208278,0.01609683056462619,44.38250000000001
dataset/E17-1/1.0MapBounded.png,0.07336288506243124,0.016096830564625856,285.11750000000006
dataset/E17-1/2.0MapBounded.png,0.37399854611531014,0.01609683056462601,320.9075000000001
dataset/E17-1/3.0MapBounded.png,0.22893061146759075,0.016096830564626154,523.94
dataset/E17-1/4.0MapBounded.png,0.26744613855750315,0.016096830564626227,527.4800000000001
dataset/E17-1/5.0MapBounded.png,0.03898528843763015,0.01609683056462608,613.0425000000001
dataset/E17-1/6.0MapBounded.png,0.14771734720565713,0.016096830564626484,704.7775000000001
dataset/E17-1/7.0MapBounded.png,0.019382813027435466,0.016096830564625415,704.8875000000002
dataset/E17-1/8.0MapBounded.png,0.02141458514794752,0.016096830564626526,772.2700000000001
dataset/E17-1/9.0MapBounded.png,0.02262544845832996,0.016096830564626796,773.6400000000001
dataset/E17-1/10.0MapBounded.png,0.02262544845832996,0.016096830564626796,773.6325000000002
dataset/E17-1/11.0MapBounded.png,0.0884513513961683,0.016096830564626376,773.6250000000001
dataset/E17-1/12.0MapBounded.png,0.48416501088613273,0.016096830564626154,774.7800000000002
dataset/E17-1/13.0MapBounded.png,0.14209254810653452,0.016096830564626356,789.1725000000001
dataset/E17-2/0MapBounded.png,0.03852173132512081,0.004763607654743942,38.470000000000006
dataset/E17-2/1.0MapBounded.png,0.06861172682854265,0.004763607654744466,215.37250000000003
dataset/E17-2/2.0MapBounded.png,0.0021180856624632934,0.004763607654744036,261.53000000000003
dataset/E17-3/0MapBounded.png,0.5669515663080896,0.005974733825245042,13.945000000000002
dataset/E17-3/1.0MapBounded.png,0.41169032839339975,0.005974733825245043,254.78500000000005
dataset/E17-3/2.0MapBounded.png,0.12699601399430657,0.00597473382524476,338.86000000000007
dataset/E17-3/3.0MapBounded.png,0.11606144552258074,0.005974733825244932,444.4175000000001
dataset/E17-3/4.0MapBounded.png,0.07384215816432232,0.005974733825245621,472.2775000000001
dataset/E17-3/5.0MapBounded.png,0.14368005870720207,0.005974733825246131,578.5775000000001
dataset/E17-3/6.0MapBounded.png,0.14615457341040175,0.005974733825244974,620.3050000000002
dataset/E17-3/7.0MapBounded.png,0.19746098446260102,0.005974733825245571,638.1725000000001
dataset/E17-3/8.0MapBounded.png,0.19746098446260102,0.005974733825245571,647.8875000000002
dataset/E17-3/9.0MapBounded.png,0.27188062690734854,0.005974733825245021,647.8875000000002
dataset/E17-3/10.0MapBounded.png,0.25007202382700466,0.005974733825244101,658.2625000000002
dataset/E17-4/0MapBounded.png,0.36286321858456927,0.007663652487343351,29.717500000000005
dataset/E17-4/1.0MapBounded.png,0.23041143722340304,0.007663652487343148,169.26250000000005
dataset/E17-4/2.0MapBounded.png,0.1126474288665973,0.007663652487342831,194.78250000000003
dataset/E17-4/3.0MapBounded.png,0.1344989606862115,0.007663652487343408,336.6625000000001
dataset/E17-4/4.0MapBounded.png,0.20009132137414637,0.007663652487343855,363.92500000000007
dataset/E17-4/5.0MapBounded.png,0.07926974448894708,0.007663652487343677,364.0850000000001
dataset/E17-6/0MapBounded.png,0.20221636647320018,0.021014835280255755,21.885000000000005
dataset/E17-6/1.0MapBounded.png,0.20061558369324534,0.021014835280254718,93.97000000000001
dataset/E17-6/2.0MapBounded.png,0.23197770858809041,0.021014835280255766,167.71500000000003
dataset/E17-6/3.0MapBounded.png,0.13291130552280275,0.021014835280255537,275.56500000000005
dataset/E17-6/4.0MapBounded.png,0.08277077212978567,0.02101483528025597,319.51250000000005
dataset/E17-6/5.0MapBounded.png,0.17308096019148758,0.021014835280255776,363.95000000000005
dataset/E17-6/6.0MapBounded.png,0.12003425068133491,0.021014835280255377,372.1075000000001
dataset/E18-0/0MapBounded.png,0.39185624154976384,0.007067330195257485,33.49000000000001
dataset/E18-0/1.0MapBounded.png,0.28836247680586796,0.0070673301952577485,237.81500000000005
dataset/E18-0/2.0MapBounded.png,0.3583830046975059,0.007067330195257473,448.43500000000006
dataset/E18-0/3.0MapBounded.png,0.27155509256664895,0.0070673301952574805,658.7325000000001
dataset/E18-0/4.0MapBounded.png,0.2587368774965356,0.007067330195257383,824.3075000000001
dataset/E18-0/5.0MapBounded.png,0.05648770064032974,0.007067330195257472,906.4500000000002
dataset/E18-0/6.0MapBounded.png,0.1436590127198843,0.007067330195257511,1009.3650000000002
dataset/E18-0/7.0MapBounded.png,0.15754295044955377,0.007067330195257864,1073.1825000000001
dataset/E18-0/8.0MapBounded.png,0.16068968883264587,0.0070673301952575,1123.8100000000002
dataset/E18-0/9.0MapBounded.png,0.2026665847617112,0.007067330195257509,1161.1475000000003
dataset/E18-0/10.0MapBounded.png,0.3079777399570035,0.007067330195257415,1163.6075000000003
dataset/E18-0/11.0MapBounded.png,0.40392272969076654,0.0070673301952574,1173.6925000000003
dataset/E18-0/12.0MapBounded.png,0.1723106485559181,0.007067330195257433,1174.0150000000003
dataset/E18-0/13.0MapBounded.png,0.16232609635456235,0.0070673301952575325,1174.0225000000003
dataset/E18-0/14.0MapBounded.png,0.15698530935950925,0.007067330195257336,1174.0175000000002
dataset/E18-1/0MapBounded.png,0.16995529921863248,0.0005851601711165413,79.85500000000002
dataset/E18-1/1.0MapBounded.png,0.0909663429541297,0.0005851601711165466,439.29750000000007
dataset/E18-1/2.0MapBounded.png,0.14370677184236264,0.0005851601711160971,440.99250000000006
dataset/E18-1/3.0MapBounded.png,0.016893925016203612,0.0005851601711165677,447.73750000000007
dataset/E18-1/4.0MapBounded.png,0.04791355873829171,0.0005851601711163501,517.8175000000001
dataset/E18-1/5.0MapBounded.png,0.05975120123877288,0.0005851601711166225,566.0300000000001
dataset/E18-1/6.0MapBounded.png,0.054010569824960684,0.000585160171116589,595.2750000000001
dataset/E18-1/7.0MapBounded.png,0.054010569824960684,0.000585160171116589,595.2750000000001
dataset/E18-1/8.0MapBounded.png,0.06278218479224841,0.0005851601711165468,595.2525000000002
dataset/E18-1/9.0MapBounded.png,0.06253430557583295,0.000585160171116522,595.3025000000001
dataset/E18-2/0MapBounded.png,0.09088793012704398,0.0005199913586890801,36.127500000000005
dataset/E18-2/1.0MapBounded.png,0.19090467407215433,0.0005199913586899824,201.92500000000004
dataset/E18-2/2.0MapBounded.png,0.025101679345214758,0.0005199913586885839,404.9650000000001
dataset/E18-2/3.0MapBounded.png,0.04758014720698278,0.0005199913586890788,455.2850000000001
dataset/E18-2/4.0MapBounded.png,0.2587544261229887,0.000519991358688497,479.7675000000001
dataset/E18-2/5.0MapBounded.png,0.037916960061222506,0.0005199913586892097,519.7400000000001
dataset/E18-2/6.0MapBounded.png,0.12475630783465405,0.0005199913586890753,564.2150000000001
dataset/E18-2/7.0MapBounded.png,0.04527549179891799,0.0005199913586891971,564.5075000000002
dataset/E18-2/8.0MapBounded.png,0.04527549179891799,0.0005199913586891971,564.5075000000002
dataset/E18-2/9.0MapBounded.png,0.09788082878211753,0.0005199913586888694,571.1475000000002
dataset/E18-5/0MapBounded.png,0.2697077370801224,0.005247240871771206,61.562500000000014
dataset/E18-5/1.0MapBounded.png,0.21785650941714554,0.00524724087177118,172.78000000000003
dataset/E18-5/2.0MapBounded.png,0.2233745480280395,0.00524724087177143,407.3300000000001
dataset/E18-5/3.0MapBounded.png,0.35784829540791846,0.005247240871771255,534.6975000000001
dataset/E18-5/4.0MapBounded.png,0.18081216015472093,0.005247240871771307,557.3200000000002
dataset/E18-5/5.0MapBounded.png,0.22541648145304555,0.005247240871771203,616.6925000000001
dataset/E18-5/6.0MapBounded.png,0.2954361059059971,0.005247240871771209,660.2175000000001
dataset/E18-5/7.0MapBounded.png,0.22165805744339406,0.005247240871771031,660.8200000000002
dataset/E18-5/8.0MapBounded.png,0.21299317429919698,0.0052472408717711755,665.4600000000002
dataset/E18-5/9.0MapBounded.png,0.23542136637168964,0.00524724087177116,665.4600000000002
dataset/E18-5/10.0MapBounded.png,0.23803732376848158,0.0052472408717715744,665.4100000000001
dataset/E18-6/0MapBounded.png,0.5583108162850808,0.012679851527322714,64.40250000000002
dataset/E18-6/1.0MapBounded.png,0.5142054824906622,0.012679851527322596,218.13000000000005
dataset/E18-6/2.0MapBounded.png,0.6127757254768016,0.012679851527322704,329.9000000000001
dataset/E18-6/3.0MapBounded.png,0.43316843652304965,0.012679851527322648,411.2175000000001
dataset/E18-6/4.0MapBounded.png,0.48273738508475145,0.012679851527322742,581.7650000000001
dataset/E18-6/5.0MapBounded.png,0.4586374729249031,0.012679851527322364,628.6800000000002
dataset/E18-6/6.0MapBounded.png,0.3302287199642112,0.012679851527322783,759.0650000000002
dataset/E18-6/7.0MapBounded.png,0.15948958009437922,0.012679851527322896,840.7350000000001
dataset/E18-6/8.0MapBounded.png,0.17910897312811513,0.012679851527322915,877.0850000000002
dataset/E18-6/9.0MapBounded.png,0.3417421499667359,0.012679851527322717,890.2500000000002
dataset/E18-6/10.0MapBounded.png,0.3037024903626909,0.012679851527322166,898.5575000000001
dataset/E18-6/11.0MapBounded.png,0.1866157800582614,0.012679851527322891,924.1950000000002
dataset/E18-6/12.0MapBounded.png,0.0945859456288094,0.012679851527322782,946.9500000000002
dataset/E18-6/13.0MapBounded.png,0.3147156787719689,0.01267985152732314,948.9550000000002
dataset/E18-6/14.0MapBounded.png,0.321793081704884,0.01267985152732298,955.6800000000002
dataset/E18-6/15.0MapBounded.png,0.35865544699418916,0.01267985152732276,958.7700000000002
dataset/E18-6/16.0MapBounded.png,0.5899173894206547,0.012679851527322704,959.8575000000002
dataset/E18-6/17.0MapBounded.png,0.5899173894206547,0.012679851527322704,960.4650000000001
dataset/E18-6/18.0MapBounded.png,0.5863270071838093,0.012679851527322433,960.4725000000002
dataset/E18-6/19.0MapBounded.png,0.3987063638830633,0.012679851527322367,960.4675000000002
dataset/E19-0/0MapBounded.png,0.37423216423528577,0.0001837795400798979,16.960000000000004
dataset/E19-0/1.0MapBounded.png,0.329350617096549,0.00018377954007997422,188.16500000000005
dataset/E19-0/2.0MapBounded.png,0.3364985747733474,0.00018377954007988833,313.5450000000001
dataset/E19-0/3.0MapBounded.png,0.3457845683254483,0.00018377954007954436,379.3375000000001
dataset/E19-0/4.0MapBounded.png,0.3863100755201033,0.00018377954008043246,525.9925000000001
dataset/E19-0/5.0MapBounded.png,0.2908089862029811,0.00018377954007972299,782.3900000000001
dataset/E19-0/6.0MapBounded.png,0.2409305646052252,0.0001837795400798819,895.0700000000002
dataset/E19-0/7.0MapBounded.png,0.07588027225161138,0.00018377954008047754,895.0725000000002
dataset/E19-0/8.0MapBounded.png,0.12435190703421667,0.00018377954007980067,895.0525000000001
dataset/E19-0/9.0MapBounded.png,0.5332150502660946,0.00018377954007923737,895.0275000000001
dataset/E19-0/10.0MapBounded.png,0.3331563475348909,0.00018377954007986355,1017.2925000000002
dataset/E19-0/11.0MapBounded.png,0.21505086883641028,0.0001837795400799519,1022.5125000000002
dataset/E19-0/12.0MapBounded.png,0.20306084807342786,0.00018377954007936626,1042.7100000000003
dataset/E19-0/13.0MapBounded.png,0.18568749837770648,0.00018377954007984433,1043.7000000000003
dataset/E19-0/14.0MapBounded.png,0.18568749837770648,0.00018377954007984433,1043.6275000000003
dataset/E19-0/15.0MapBounded.png,0.20761881990295677,0.0001837795400803997,1068.0300000000002
dataset/E19-1/0MapBounded.png,0.4633075275501184,0.009561284132993602,26.610000000000007
dataset/E19-1/1.0MapBounded.png,0.4304736480262712,0.009561284132993564,202.91750000000005
dataset/E19-1/2.0MapBounded.png,0.38132163833885524,0.009561284132994206,261.2325000000001
dataset/E19-1/3.0MapBounded.png,0.3743800869047907,0.009561284132994442,355.6675000000001
dataset/E19-1/4.0MapBounded.png,0.38714456841078265,0.009561284132993094,395.0425000000001
dataset/E19-1/5.0MapBounded.png,0.3327973651429731,0.009561284132993581,659.6825000000001
dataset/E19-1/6.0MapBounded.png,0.2488193938125094,0.009561284132993612,810.8800000000001
dataset/E19-1/7.0MapBounded.png,0.23785170576089,0.0095612841329936,900.4250000000002
dataset/E19-1/8.0MapBounded.png,0.22708373093646889,0.00956128413299359,944.5000000000002
dataset/E19-1/9.0MapBounded.png,0.37960235574234247,0.009561284132993692,944.5425000000001
dataset/E19-1/10.0MapBounded.png,0.24612144950200351,0.009561284132994523,953.0075000000002
dataset/E19-1/11.0MapBounded.png,0.23086630652567594,0.009561284132993397,964.2200000000001
dataset/E19-1/12.0MapBounded.png,0.23086630652567594,0.009561284132993397,964.2200000000001
dataset/E19-1/13.0MapBounded.png,0.5798340143247115,0.009561284132993616,964.1425000000002
dataset/E19-4/0MapBounded.png,0.058772361360868934,0.003245790393941016,16.0375
dataset/E19-4/1.0MapBounded.png,0.1044208715164321,0.00324579039394101,174.97000000000003
dataset/E19-4/2.0MapBounded.png,0.07799645474414287,0.0032457903939405214,318.96250000000003
dataset/E19-4/3.0MapBounded.png,0.1426322650319962,0.0032457903939408926,487.4900000000001
dataset/E19-4/4.0MapBounded.png,0.1528795069564772,0.003245790393940897,487.5550000000001
dataset/E19-4/5.0MapBounded.png,0.02993726488858702,0.003245790393941107,504.4625000000001
dataset/E19-4/6.0MapBounded.png,0.05877294820050832,0.003245790393941014,563.1200000000001
dataset/E19-4/7.0MapBounded.png,0.1224739510189242,0.003245790393941287,641.9125000000001
dataset/E19-4/8.0MapBounded.png,0.06332298614593096,0.0032457903939410774,748.0125000000002
dataset/E19-4/9.0MapBounded.png,0.008130292646854302,0.003245790393941157,877.6200000000001
dataset/E19-7/0MapBounded.png,0.3831478703365684,0.00759163264503624,66.08250000000001
dataset/E19-7/1.0MapBounded.png,0.4191086012012826,0.007591632645035876,321.55750000000006
dataset/E19-7/2.0MapBounded.png,0.7010340791769991,0.007591632645035722,595.0200000000001
dataset/E19-7/3.0MapBounded.png,0.6338512542156738,0.0075916326450363785,702.4975000000002
dataset/E19-7/4.0MapBounded.png,0.4267284086019051,0.0075916326450361496,786.7975000000001
dataset/E19-7/5.0MapBounded.png,0.586097632936068,0.007591632645036272,819.5875000000002
dataset/E19-7/6.0MapBounded.png,0.692918830669553,0.007591632645036634,833.1725000000001
dataset/E19-7/7.0MapBounded.png,0.7211631455600728,0.007591632645036246,850.6400000000002
dataset/E19-7/8.0MapBounded.png,0.7427031530575333,0.00759163264503638,866.5375000000001
dataset/E19-7/9.0MapBounded.png,0.3946036849085471,0.007591632645036176,880.6375000000002
dataset/E19-7/10.0MapBounded.png,0.48955276146992555,0.007591632645036343,1025.6575000000003
dataset/E19-7/11.0MapBounded.png,0.38754402827442,0.007591632645036263,1082.2075000000002
dataset/E19-7/12.0MapBounded.png,0.3707995835246977,0.0075916326450364766,1090.7600000000002
dataset/E19-7/13.0MapBounded.png,0.11265730057027142,0.0075916326450362025,1091.5825000000002
dataset/E19-7/14.0MapBounded.png,0.6677983597992599,0.007591632645036393,1092.9575000000002
dataset/E19-7/15.0MapBounded.png,0.841718202519081,0.0075916326450364115,1173.7875000000001
dataset/E19-7/16.0MapBounded.png,0.7935114503219313,0.007591632645036134,1216.4500000000003
dataset/E19-7/17.0MapBounded.png,0.620075356393096,0.007591632645036396,1222.2175000000002
dataset/E19-7/18.0MapBounded.png,0.6185724398078275,0.007591632645036208,1222.8975000000003
dataset/E19-7/19.0MapBounded.png,0.6182153655084901,0.007591632645035945,1222.8975000000003
dataset/E19-7/20.0MapBounded.png,0.37321233988569064,0.007591632645036241,1224.2025000000003
dataset/E19-7/21.0MapBounded.png,0.3290600931975969,0.007591632645036422,1226.3100000000002
dataset/E19-7/22.0MapBounded.png,0.5289557609448414,0.007591632645036574,1226.1450000000002
dataset/E19-7/23.0MapBounded.png,0.5844852790795284,0.007591632645036336,1236.2875000000001
dataset/E19-7/24.0MapBounded.png,0.2841924393151257,0.007591632645036192,1239.3475000000003
dataset/E2-1/0MapBounded.png,0.8745963167125556,0.0026735592169508226,24.082500000000003
dataset/E2-1/1.0MapBounded.png,0.7498600963239369,0.0026735592169504223,116.60750000000002
dataset/E2-1/2.0MapBounded.png,0.4401653365831713,0.0026735592169508404,151.21750000000003
dataset/E2-1/3.0MapBounded.png,0.3190670582405623,0.002673559216950799,194.16750000000005
dataset/E2-1/4.0MapBounded.png,0.2331729679042973,0.002673559216950601,290.27750000000003
dataset/E2-1/5.0MapBounded.png,0.17649742808850524,0.0026735592169511474,337.44500000000005
dataset/E2-1/6.0MapBounded.png,0.1497757702355341,0.0026735592169508087,440.5975000000001
dataset/E2-1/7.0MapBounded.png,0.16302228902833837,0.002673559216950785,520.8050000000001
dataset/E2-1/8.0MapBounded.png,0.12268603578859766,0.0026735592169508326,609.3800000000001
dataset/E2-1/9.0MapBounded.png,0.21743684578672348,0.0026735592169505294,616.6400000000001
dataset/E2-1/10.0MapBounded.png,0.24405016516611147,0.0026735592169516175,638.1950000000002
dataset/E2-1/11.0MapBounded.png,0.22016675510689315,0.002673559216950351,639.0025000000002
dataset/E2-1/12.0MapBounded.png,0.1895357963418848,0.002673559216950849,641.9825000000001
dataset/E2-2/0MapBounded.png,0.16942733657618164,0.0031673382763590247,15.230000000000002
dataset/E2-2/1.0MapBounded.png,0.07047801331042093,0.003167338276358357,73.96500000000002
dataset/E2-2/2.0MapBounded.png,0.05247371827933881,0.003167338276359089,128.43750000000003
dataset/E2-2/3.0MapBounded.png,0.07624239866614979,0.0031673382763589843,167.42250000000004
dataset/E2-2/4.0MapBounded.png,0.04515764296732213,0.0031673382763586187,167.44250000000002
dataset/E2-2/5.0MapBounded.png,0.018703363054410973,0.0031673382763588746,167.43500000000003
dataset/E2-2/6.0MapBounded.png,0.018703363054410973,0.0031673382763588746,167.43500000000003
dataset/E2-2/7.0MapBounded.png,0.09416181721854354,0.0031673382763591426,198.83500000000004
dataset/E2-2/8.0MapBounded.png,0.09190580521445472,0.003167338276358473,198.89250000000004
dataset/E2-4/0MapBounded.png,0.07914800328767349,0.005222489705163773,7.4925000000000015
dataset/E2-4/1.0MapBounded.png,0.08161662078909311,0.0052224897051639145,67.71250000000002
dataset/E2-4/2.0MapBounded.png,0.049355387153150604,0.005222489705164201,103.63250000000002
dataset/E2-4/3.0MapBounded.png,0.016399790727863062,0.005222489705163959,104.32250000000002
dataset/E2-4/4.0MapBounded.png,0.016399790727863062,0.005222489705163959,104.33250000000002
dataset/E2-4/5.0MapBounded.png,0.04908703194261359,0.005222489705164301,104.34750000000003
dataset/E2-4/6.0MapBounded.png,0.06333223692640709,0.005222489705163778,104.34250000000002
dataset/E23-3/0MapBounded.png,12.169812014936664,0.19707677498196968,14.675000000000002
dataset/E23-3/1.0MapBounded.png,10.486627891340282,0.19707677498197004,137.41750000000002
dataset/E23-3/2.0MapBounded.png,10.186612056375914,0.1970767749819696,247.36000000000004
dataset/E23-3/3.0MapBounded.png,10.688453853823082,0.1970767749819696,302.31250000000006
dataset/E23-3/4.0MapBounded.png,10.647898251010067,0.19707677498196993,302.34000000000003
dataset/E23-3/5.0MapBounded.png,10.647898251010067,0.19707677498196993,302.3425000000001
dataset/E23-3/6.0MapBounded.png,10.303918908239227,0.19707677498196954,307.0400000000001
dataset/E23-3/7.0MapBounded.png,12.061366097011435,0.19707677498196974,477.98750000000007
dataset/E23-3/8.0MapBounded.png,12.162319343897268,0.1970767749819697,497.8875000000001
dataset/E23-3/9.0MapBounded.png,13.588225127882179,0.19707677498196963,626.5250000000001
dataset/E23-3/10.0MapBounded.png,12.569990383763182,0.19707677498196965,677.3325000000001
dataset/E23-3/11.0MapBounded.png,11.511711256187754,0.19707677498196974,696.6200000000001
dataset/E23-3/12.0MapBounded.png,11.17002819976734,0.19707677498196965,739.0375000000001
dataset/E23-3/13.0MapBounded.png,10.162939483925681,0.1970767749819697,787.0275000000001
dataset/E23-3/14.0MapBounded.png,11.089510510363082,0.19707677498197035,856.5925000000002
dataset/E23-3/15.0MapBounded.png,11.712430360583483,0.19707677498196965,902.7375000000002
dataset/E23-3/16.0MapBounded.png,13.057791912692972,0.19707677498196974,959.5550000000002
dataset/E23-3/17.0MapBounded.png,9.570030410217427,0.19707677498196965,968.8475000000002
dataset/E23-3/18.0MapBounded.png,11.798119787440207,0.1970767749819697,989.8700000000002
dataset/E23-3/19.0MapBounded.png,10.336025067140543,0.19707677498196985,1071.7075000000002
dataset/E23-3/20.0MapBounded.png,9.174825526328105,0.19707677498196935,1074.4025000000001
dataset/E23-3/21.0MapBounded.png,8.812155200573546,0.19707677498196913,1074.2500000000002
dataset/E23-3/22.0MapBounded.png,9.03818143612399,0.19707677498196896,1074.3700000000001
dataset/E23-3/23.0MapBounded.png,9.307991695798625,0.19707677498196952,1074.3975000000003
dataset/E23-3/24.0MapBounded.png,9.04299391509778,0.19707677498196952,1074.5125000000003
dataset/E23-3/25.0MapBounded.png,8.623828179302148,0.19707677498196952,1074.6200000000001
dataset/E23-3/26.0MapBounded.png,8.956701268213495,0.1970767749819697,1074.5275000000001
dataset/E23-3/27.0MapBounded.png,8.549922087723607,0.19707677498197004,1074.5375000000001
dataset/E23-3/28.0MapBounded.png,7.1960190074938755,0.19707677498196965,1074.5275000000001
dataset/E23-3/29.0MapBounded.png,8.435688308511736,0.1970767749819697,1074.505
dataset/E23-3/30.0MapBounded.png,9.270048179582808,0.19707677498196985,1074.5100000000002
dataset/E23-3/31.0MapBounded.png,9.154568406072823,0.19707677498197038,1074.5175000000002
dataset/E23-3/32.0MapBounded.png,9.349252102765703,0.19707677498196935,1074.4700000000003
dataset/E23-3/33.0MapBounded.png,8.347592538297397,0.19707677498197004,1074.4950000000001
dataset/E23-3/34.0MapBounded.png,6.477658437343521,0.19707677498196965,1074.4925000000003
dataset/E23-3/35.0MapBounded.png,7.287970585379824,0.1970767749819698,1074.505
dataset/E23-3/36.0MapBounded.png,7.236375285802362,0.19707677498196965,1074.5100000000002
dataset/E23-3/37.0MapBounded.png,6.5170092505935795,0.19707677498196954,1074.515
dataset/E23-3/38.0MapBounded.png,6.190331745212487,0.1970767749819696,1074.5000000000002
dataset/E23-3/39.0MapBounded.png,5.52211788000079,0.19707677498196952,1074.4925000000003
dataset/E23-3/40.0MapBounded.png,5.799908460275434,0.19707677498197,1074.5125000000003
dataset/E23-3/41.0MapBounded.png,4.835881795929287,0.19707677498196965,1074.5175000000002
dataset/E23-3/42.0MapBounded.png,4.6723273261678075,0.1970767749819697,1074.5175000000002
dataset/E23-3/43.0MapBounded.png,4.818844860268792,0.19707677498196938,1074.505
dataset/E23-3/44.0MapBounded.png,4.658090273119405,0.1970767749819692,1074.5100000000002
dataset/E23-3/45.0MapBounded.png,4.4537448039815954,0.19707677498196915,1074.5225000000003
dataset/E23-3/46.0MapBounded.png,4.022098617670344,0.1970767749819697,1074.515
dataset/E23-3/47.0MapBounded.png,4.117661126843984,0.19707677498196988,1074.5225000000003
dataset/E23-3/48.0MapBounded.png,3.7663796685573523,0.1970767749819697,1074.5200000000002
dataset/E23-3/49.0MapBounded.png,3.7292708316743406,0.1970767749819704,1074.5200000000002
dataset/E23-3/50.0MapBounded.png,3.4366345578433326,0.19707677498196977,1074.5275000000001
dataset/E23-3/51.0MapBounded.png,3.6638315014621763,0.19707677498197002,1074.515
dataset/E23-3/52.0MapBounded.png,3.9225990379140523,0.1970767749819697,1074.5200000000002
dataset/E23-3/53.0MapBounded.png,4.053766861528156,0.19707677498196857,1074.5275000000001
dataset/E23-3/54.0MapBounded.png,4.72182910992334,0.1970767749819697,1074.5300000000002
dataset/E23-3/55.0MapBounded.png,5.4073612939805775,0.19707677498196954,1074.5200000000002
dataset/E23-3/56.0MapBounded.png,5.918099146207836,0.19707677498197035,1074.5125000000003
dataset/E23-3/57.0MapBounded.png,6.081218623497167,0.1970767749819697,1074.515
dataset/E23-3/58.0MapBounded.png,6.466352952214668,0.19707677498197,1074.5250000000003
dataset/E23-3/59.0MapBounded.png,6.948753924450382,0.19707677498196985,1074.5175000000002
dataset/E23-3/60.0MapBounded.png,8.163329701660933,0.1970767749819697,1074.5225000000003
dataset/E23-3/61.0MapBounded.png,8.673593061004997,0.19707677498196985,1074.5300000000002
dataset/E23-3/62.0MapBounded.png,9.31865081765472,0.19707677498196954,1074.5375000000001
dataset/E23-3/63.0MapBounded.png,9.540511490412676,0.19707677498196927,1074.5500000000002
dataset/E23-3/64.0MapBounded.png,10.346082800633507,0.19707677498196963,1074.5400000000002
dataset/E23-3/65.0MapBounded.png,10.431964471928081,0.19707677498196915,1074.5350000000003
dataset/E23-3/66.0MapBounded.png,10.974566232957756,0.19707677498196974,1074.5725000000002
dataset/E23-3/67.0MapBounded.png,11.252656371464962,0.19707677498196963,1074.5850000000003
dataset/E23-3/68.0MapBounded.png,11.491093881270928,0.1970767749819697,1074.5925000000002
dataset/E23-3/69.0MapBounded.png,12.407286170445412,0.1970767749819696,1074.5875000000003
dataset/E23-3/70.0MapBounded.png,12.787557681240283,0.19707677498196968,1074.6000000000001
dataset/E23-3/71.0MapBounded.png,12.923427018162467,0.19707677498196893,1074.5925000000002
dataset/E23-3/72.0MapBounded.png,13.738574378964515,0.19707677498196965,1074.5875000000003
dataset/E23-3/73.0MapBounded.png,13.402198949085479,0.1970767749819699,1074.5950000000003
dataset/E23-3/74.0MapBounded.png,14.185033388776151,0.1970767749819697,1074.5975000000003
dataset/E23-3/75.0MapBounded.png,14.57055333499266,0.19707677498196965,1074.6925
dataset/E23-3/76.0MapBounded.png,14.68268849967275,0.1970767749819697,1074.6925
dataset/E23-3/77.0MapBounded.png,15.237385407856877,0.19707677498196965,1074.6925
dataset/E23-3/78.0MapBounded.png,15.065902765209518,0.19707677498197024,1074.6975000000002
dataset/E23-3/79.0MapBounded.png,16.109107319511814,0.19707677498196965,1074.7025
dataset/E23-3/80.0MapBounded.png,15.73107195423486,0.19707677498197027,1074.7050000000002
dataset/E23-3/81.0MapBounded.png,16.474214141443,0.19707677498196996,1074.7025
dataset/E23-5/0MapBounded.png,0.1578713110584152,0.006236747977759975,32.252500000000005
dataset/E23-5/1.0MapBounded.png,0.15115950386524732,0.006236747977759834,150.79750000000004
dataset/E23-5/2.0MapBounded.png,0.3142656639737418,0.0062367479777603,244.43750000000006
dataset/E23-5/3.0MapBounded.png,0.03040613491700092,0.006236747977759849,290.86750000000006
dataset/E23-5/4.0MapBounded.png,0.1345000486041033,0.006236747977759978,309.87500000000006
dataset/E23-5/5.0MapBounded.png,0.07827313993256071,0.006236747977759909,313.5300000000001
dataset/E25-0/0MapBounded.png,1.2764951880703779,0.0030623852139176552,28.335000000000004
dataset/E25-0/1.0MapBounded.png,1.1345545072720822,0.003062385213917692,261.53000000000003
dataset/E25-0/2.0MapBounded.png,0.7995054299391153,0.003062385213917309,541.8600000000001
dataset/E25-0/3.0MapBounded.png,0.7757158156479976,0.003062385213917832,677.3275000000001
dataset/E25-0/4.0MapBounded.png,0.44717208930723495,0.003062385213917661,844.4450000000002
dataset/E25-0/5.0MapBounded.png,0.4243372395780387,0.003062385213918218,888.6075000000002
dataset/E25-0/6.0MapBounded.png,0.34183083152346555,0.003062385213917603,1014.7950000000002
dataset/E25-0/7.0MapBounded.png,0.23012214252755997,0.003062385213917694,1090.2575000000002
dataset/E25-0/8.0MapBounded.png,0.2284980876964438,0.00306238521391763,1186.6800000000003
dataset/E25-0/9.0MapBounded.png,0.3430603231423696,0.003062385213917363,1249.9825000000003
dataset/E25-0/10.0MapBounded.png,0.32203291519760957,0.0030623852139177263,1334.8275000000003
dataset/E25-0/11.0MapBounded.png,0.13821561184783832,0.0030623852139188665,1348.4300000000003
dataset/E25-0/12.0MapBounded.png,0.06713548281590428,0.0030623852139179154,1438.8925000000004
dataset/E25-0/13.0MapBounded.png,0.24318885736036433,0.003062385213917655,1501.7700000000002
dataset/E25-0/14.0MapBounded.png,0.47777117275349074,0.003062385213917711,1559.1250000000002
dataset/E25-0/15.0MapBounded.png,0.3911671588880302,0.0030623852139176223,1560.9250000000004
dataset/E25-0/16.0MapBounded.png,0.3325407777100409,0.003062385213918104,1592.8850000000002
dataset/E25-0/17.0MapBounded.png,0.359667316640554,0.0030623852139174085,1616.2350000000004
dataset/E25-0/18.0MapBounded.png,0.359676528929321,0.003062385213917672,1618.2900000000004
dataset/E25-0/19.0MapBounded.png,0.532881193872871,0.0030623852139176544,1618.1600000000003
dataset/E25-0/20.0MapBounded.png,0.5226365242911885,0.003062385213917601,1618.8625000000004
dataset/E25-0/21.0MapBounded.png,0.40714650433524574,0.003062385213917279,1618.8625000000004
dataset/E25-0/22.0MapBounded.png,0.5366229619793312,0.0030623852139173586,1620.2325000000003
dataset/E25-0/23.0MapBounded.png,0.3090960935107482,0.0030623852139175407,1620.2350000000004
dataset/E25-0/24.0MapBounded.png,0.27242042744909095,0.0030623852139174336,1620.5675000000003
dataset/E25-0/25.0MapBounded.png,0.19688716571182976,0.0030623852139180095,1620.4950000000003
dataset/E25-0/26.0MapBounded.png,0.3166383692509629,0.0030623852139176322,1620.3750000000002
dataset/E25-1/0MapBounded.png,0.7766590632316597,0.0033392593240591756,176.04500000000004
dataset/E25-1/1.0MapBounded.png,0.7265787115998357,0.0033392593240591786,323.0350000000001
dataset/E25-1/2.0MapBounded.png,0.7366707887206533,0.0033392593240594683,548.5150000000001
dataset/E25-1/3.0MapBounded.png,0.7868376636885368,0.0033392593240591747,601.1950000000002
dataset/E25-1/4.0MapBounded.png,0.6569721839466623,0.0033392593240587354,620.4225000000001
dataset/E25-1/5.0MapBounded.png,0.6552940898837164,0.0033392593240592003,633.7525000000002
dataset/E25-1/6.0MapBounded.png,0.4683258159037207,0.003339259324059048,726.4825000000002
dataset/E25-1/7.0MapBounded.png,0.20415334012008443,0.0033392593240592996,873.9725000000002
dataset/E25-1/8.0MapBounded.png,0.12200959577087288,0.0033392593240592332,1130.2825000000003
dataset/E25-1/9.0MapBounded.png,0.02562275376335145,0.003339259324059174,1393.1425000000004
dataset/E25-1/10.0MapBounded.png,0.1559241469749917,0.003339259324059171,1532.4150000000002
dataset/E25-1/11.0MapBounded.png,0.08803824253428834,0.0033392593240591747,1582.5800000000004
dataset/E25-1/12.0MapBounded.png,0.22554778321668636,0.003339259324059004,1646.6275000000003
dataset/E25-1/13.0MapBounded.png,0.3954081708548031,0.003339259324059224,1746.3475000000003
dataset/E25-1/14.0MapBounded.png,0.6457353945322454,0.0033392593240592463,1849.7175000000004
dataset/E25-1/15.0MapBounded.png,0.891049613031369,0.0033392593240589184,1916.7575000000004
dataset/E25-1/16.0MapBounded.png,0.8925113014687888,0.00333925932405983,1921.8850000000004
dataset/E25-1/17.0MapBounded.png,1.1555041890881712,0.003339259324059942,1921.8850000000004
dataset/E25-1/18.0MapBounded.png,1.1811432215903397,0.003339259324059265,1921.9450000000004
dataset/E28-1/0MapBounded.png,0.12083243903050593,0.006156844124438879,9.862500000000002
dataset/E28-1/1.0MapBounded.png,0.10283964807293806,0.00615684412443979,80.52250000000002
dataset/E28-1/2.0MapBounded.png,0.14960082047432427,0.006156844124438877,84.23750000000001
dataset/E28-1/3.0MapBounded.png,0.136144976418003,0.006156844124438378,122.77250000000002
dataset/E28-1/4.0MapBounded.png,0.164320332559357,0.006156844124438781,149.43500000000003
dataset/E28-1/5.0MapBounded.png,0.06786710825185766,0.006156844124438174,149.56250000000003
dataset/E32-1/0MapBounded.png,0.2014057534240534,0.0003053761893756222,6.630000000000002
dataset/E32-1/1.0MapBounded.png,0.060771491927886424,0.0003053761893759,108.39500000000002
dataset/E32-1/2.0MapBounded.png,0.07347410989997011,0.0003053761893754255,194.74500000000003
dataset/E32-1/3.0MapBounded.png,0.040777325178301675,0.0003053761893754496,208.19000000000005
dataset/E32-1/4.0MapBounded.png,0.052721910432089285,0.00030537618937506494,215.18000000000004
dataset/E32-3/0MapBounded.png,0.2120245115589492,0.00013747731314017937,11.480000000000002
dataset/E32-3/1.0MapBounded.png,0.16543993167436635,0.00013747731314014223,123.06750000000002
dataset/E32-3/2.0MapBounded.png,0.16787993720657549,0.0001374773131401859,170.65000000000003
dataset/E32-3/3.0MapBounded.png,0.04765744084981823,0.00013747731314027716,189.41750000000005
dataset/E32-3/4.0MapBounded.png,0.07898461746864076,0.00013747731314033812,196.49500000000003
dataset/E32-3/5.0MapBounded.png,0.07898461746864076,0.00013747731314033812,196.49500000000003
dataset/E32-3/6.0MapBounded.png,0.05923521744570217,0.00013747731314018322,196.48000000000005
dataset/E34-1/0MapBounded.png,0.1361406017279265,0.0005531536443505653,13.740000000000002
dataset/E34-1/1.0MapBounded.png,0.025476938669876277,0.0005531536443507526,180.66500000000005
dataset/E34-1/2.0MapBounded.png,0.023783449743184384,0.0005531536443506135,224.05250000000004
dataset/E34-1/3.0MapBounded.png,0.03907909326911747,0.0005531536443502827,260.21500000000003
dataset/E34-1/4.0MapBounded.png,0.03907909326911747,0.0005531536443502827,260.18000000000006
dataset/E34-1/5.0MapBounded.png,0.05977338821700335,0.0005531536443508632,260.1675000000001
dataset/E34-3/0MapBounded.png,0.030228235665961688,0.0008736227654211945,38.25750000000001
dataset/E34-3/1.0MapBounded.png,0.06537150017780914,0.0008736227654210346,133.87750000000003
dataset/E34-3/2.0MapBounded.png,0.04786573918968079,0.0008736227654206788,211.29750000000004
dataset/E34-3/3.0MapBounded.png,0.089156590961392,0.0008736227654212113,216.18250000000003
dataset/E34-3/4.0MapBounded.png,0.03847268269806492,0.0008736227654212694,225.82500000000005
dataset/E34-3/5.0MapBounded.png,0.03847268269806492,0.0008736227654212694,225.82500000000005
dataset/E34-3/6.0MapBounded.png,0.09493583879961456,0.0008736227654213884,227.70250000000004
dataset/E34-5/0MapBounded.png,0.07433742622320708,0.005017529296996464,62.32500000000001
dataset/E34-5/1.0MapBounded.png,0.05940164550013272,0.005017529296996231,121.15500000000003
dataset/E34-5/2.0MapBounded.png,0.15140640421457716,0.005017529296996446,228.08750000000003
dataset/E34-5/3.0MapBounded.png,0.07560125615210024,0.005017529296996222,243.63500000000005
dataset/E34-5/4.0MapBounded.png,0.020578157266671757,0.005017529296996695,279.04750000000007
dataset/E38-1/0MapBounded.png,0.31128629086655357,0.001831128601516339,58.070000000000014
dataset/E38-1/1.0MapBounded.png,0.11586699213891016,0.001831128601516303,122.95500000000003
dataset/E38-1/2.0MapBounded.png,0.009461049720901482,0.0018311286015168663,166.83500000000004
dataset/E38-1/3.0MapBounded.png,0.07911499896874126,0.0018311286015160165,242.22000000000006
dataset/E38-1/4.0MapBounded.png,0.018713525208318205,0.0018311286015163485,252.34750000000005
dataset/E38-1/5.0MapBounded.png,0.09941780220147713,0.001831128601516687,259.5375
dataset/E38-2/0MapBounded.png,0.6742042868986697,0.009897259621782633,13.717500000000003
dataset/E38-2/1.0MapBounded.png,0.5912246468649703,0.009897259621782159,124.60750000000003
dataset/E38-2/2.0MapBounded.png,0.33904259859806934,0.00989725962178281,191.91500000000005
dataset/E38-2/3.0MapBounded.png,0.11943834386133856,0.009897259621782615,203.04750000000004
dataset/E38-2/4.0MapBounded.png,0.18397080079463068,0.009897259621782471,289.1000000000001
dataset/E38-2/5.0MapBounded.png,0.08092483805091592,0.009897259621782378,296.99000000000007
dataset/E38-2/6.0MapBounded.png,0.13320562872429917,0.009897259621781914,296.96250000000003
dataset/E38-2/7.0MapBounded.png,0.11766063496373905,0.009897259621781878,296.9725000000001
dataset/E38-2/8.0MapBounded.png,0.2102891107549747,0.009897259621783186,296.9775000000001
dataset/E38-2/9.0MapBounded.png,0.2238802938219398,0.009897259621782194,297.00250000000005
dataset/E38-2/10.0MapBounded.png,0.06742204091707535,0.009897259621782754,373.45000000000005
dataset/E38-2/11.0MapBounded.png,0.06066729854514349,0.009897259621783002,387.2175000000001
dataset/E38-2/12.0MapBounded.png,0.1269968921969829,0.00989725962178192,387.24500000000006
dataset/E38-2/13.0MapBounded.png,0.30091054502104236,0.009897259621782992,439.0000000000001
dataset/E38-2/14.0MapBounded.png,0.31532607931670364,0.009897259621782629,447.5425000000001
dataset/E38-7/0MapBounded.png,0.09446103337809382,0.004243576882894798,13.307500000000003
dataset/E38-7/1.0MapBounded.png,0.2167608026064979,0.00424357688289474,162.75750000000002
dataset/E38-7/2.0MapBounded.png,0.12546545976387327,0.004243576882894064,189.78000000000003
dataset/E38-7/3.0MapBounded.png,0.08741702792668402,0.00424357688289494,195.68500000000003
dataset/E38-7/4.0MapBounded.png,0.0742187254751483,0.0042435768828946755,236.60000000000005
dataset/E38-7/5.0MapBounded.png,0.04280408672577765,0.004243576882895081,241.29750000000004
dataset/E38-7/6.0MapBounded.png,0.13143408184054772,0.0042435768828949574,241.51000000000005
dataset/E38-7/7.0MapBounded.png,0.13297729640543698,0.004243576882894845,241.62250000000006
dataset/E38-7/8.0MapBounded.png,0.1556573047133204,0.004243576882895175,241.69000000000005
dataset/E39-0/0MapBounded.png,0.12082746781982298,0.016970138209429365,8.13
dataset/E39-0/1.0MapBounded.png,0.03927106893728576,0.016970138209429376,36.642500000000005
dataset/E39-0/2.0MapBounded.png,0.025587932731040472,0.016970138209429372,36.65500000000001
dataset/E39-0/3.0MapBounded.png,0.021916762994980677,0.016970138209429473,36.67250000000001
dataset/E39-0/4.0MapBounded.png,0.03620531712367161,0.01697013820942944,63.57500000000001
dataset/E39-0/5.0MapBounded.png,0.02106743214388128,0.01697013820943008,82.74500000000002
dataset/E39-2/0MapBounded.png,0.30060128965252325,0.009642080596442407,19.195000000000004
dataset/E39-2/1.0MapBounded.png,0.11457623197233849,0.009642080596442322,107.65000000000002
dataset/E39-2/2.0MapBounded.png,0.1166208899744837,0.00964208059644158,107.59250000000002
dataset/E39-2/3.0MapBounded.png,0.15544379163037972,0.009642080596442417,139.19750000000002
dataset/E39-2/4.0MapBounded.png,0.22115499901467775,0.00964208059644243,231.74750000000006
dataset/E39-2/5.0MapBounded.png,0.029348239464880993,0.009642080596442507,275.01000000000005
dataset/E39-2/6.0MapBounded.png,0.09861779755945652,0.009642080596442039,356.29750000000007
dataset/E39-2/7.0MapBounded.png,0.20391739919620616,0.009642080596442636,437.7250000000001
dataset/E39-2/8.0MapBounded.png,0.17138106204620915,0.009642080596442608,473.1225000000001
dataset/E39-2/9.0MapBounded.png,0.2663667686006126,0.009642080596442424,521.1550000000001
dataset/E39-2/10.0MapBounded.png,0.12301631649903809,0.009642080596441359,533.1675000000001
dataset/E39-2/11.0MapBounded.png,0.18036340873354706,0.009642080596442414,533.2700000000001
dataset/E39-2/12.0MapBounded.png,0.12373350870204218,0.009642080596442481,534.2700000000001
dataset/E39-2/13.0MapBounded.png,0.09882620065402903,0.009642080596442594,534.2700000000001
dataset/E39-2/14.0MapBounded.png,0.06561590723151306,0.009642080596442256,535.2200000000001
dataset/E40-0/0MapBounded.png,0.3314803101934791,0.00218662248705254,75.77250000000001
dataset/E40-0/1.0MapBounded.png,0.21437973154482923,0.0021866224870522957,375.50000000000006
dataset/E40-0/2.0MapBounded.png,0.2943688792274014,0.002186622487052208,708.7400000000001
dataset/E40-0/3.0MapBounded.png,0.3174806023359377,0.0021866224870525372,993.1875000000002
dataset/E40-0/4.0MapBounded.png,0.32311297102728614,0.0021866224870521933,1165.3750000000002
dataset/E40-0/5.0MapBounded.png,0.17768303360344753,0.0021866224870526075,1206.8200000000002
dataset/E40-0/6.0MapBounded.png,0.09578233309447672,0.0021866224870525216,1395.5700000000002
dataset/E40-0/7.0MapBounded.png,0.005798923115958387,0.002186622487052529,1401.4800000000002
dataset/E40-0/8.0MapBounded.png,0.04849963714549153,0.0021866224870525537,1433.4775000000002
dataset/E40-0/9.0MapBounded.png,0.4157958931598592,0.0021866224870523187,1455.6400000000003
dataset/E40-0/10.0MapBounded.png,0.29115332389913534,0.0021866224870526036,1468.7150000000004
dataset/E40-0/11.0MapBounded.png,0.12178064813210276,0.002186622487052258,1471.3500000000004
dataset/E40-0/12.0MapBounded.png,0.14161143198751194,0.002186622487052447,1477.5100000000002
dataset/E40-0/13.0MapBounded.png,0.14161143198751194,0.002186622487052447,1477.5100000000002
dataset/E40-0/14.0MapBounded.png,0.3692526418868988,0.0021866224870514947,1478.3100000000004
dataset/E40-2/0MapBounded.png,0.610912669453904,0.007121375644544282,60.49500000000001
dataset/E40-2/1.0MapBounded.png,0.48150950140062165,0.007121375644544329,337.5925000000001
dataset/E40-2/2.0MapBounded.png,0.34247230423963587,0.007121375644544168,477.5250000000001
dataset/E40-2/3.0MapBounded.png,0.59634902804281,0.007121375644544151,561.9225000000001
dataset/E40-2/4.0MapBounded.png,0.5997697526270707,0.007121375644544334,615.8550000000001
dataset/E40-2/5.0MapBounded.png,0.5564733704068902,0.007121375644544295,683.0125000000002
dataset/E40-2/6.0MapBounded.png,0.6588464709292198,0.007121375644544723,756.0875000000001
dataset/E40-2/7.0MapBounded.png,0.6154331835219287,0.007121375644544395,905.2875000000001
dataset/E40-2/8.0MapBounded.png,0.6774288792427737,0.007121375644544159,936.2750000000002
dataset/E40-2/9.0MapBounded.png,0.5567034330567545,0.007121375644544559,1040.9625
dataset/E40-2/10.0MapBounded.png,0.6889096374194125,0.00712137564454436,1046.63
dataset/E40-2/11.0MapBounded.png,0.7543222808913385,0.0071213756445443355,1074.7875000000001
dataset/E40-2/12.0MapBounded.png,0.68741021442787,0.00712137564454523,1138.255
dataset/E40-2/13.0MapBounded.png,0.6071355598203664,0.007121375644544589,1237.2325000000003
dataset/E40-2/14.0MapBounded.png,0.7772429005830532,0.007121375644544327,1306.9475000000002
dataset/E40-2/15.0MapBounded.png,0.8170153911352593,0.0071213756445444865,1329.5375000000004
dataset/E40-2/16.0MapBounded.png,0.13627950264311073,0.007121375644545187,1335.7900000000002
dataset/E40-2/17.0MapBounded.png,0.24097321443910366,0.007121375644544091,1346.1025000000002
dataset/E40-2/18.0MapBounded.png,0.8139896010659715,0.007121375644544281,1346.1625000000004
dataset/E40-2/19.0MapBounded.png,0.9729907751485956,0.0071213756445440085,1408.4225000000004
dataset/E40-2/20.0MapBounded.png,0.9449972453587507,0.007121375644544556,1413.8050000000003
dataset/E40-2/21.0MapBounded.png,0.7419671212879052,0.007121375644544861,1420.6400000000003
dataset/E40-2/22.0MapBounded.png,1.1712448602097294,0.007121375644544335,1429.5675000000003
dataset/E40-2/23.0MapBounded.png,1.1712448602097294,0.007121375644544335,1429.5100000000002
dataset/E40-2/24.0MapBounded.png,1.1620994079764546,0.0071213756445441525,1429.4425000000003
dataset/E40-2/25.0MapBounded.png,0.8310721007257188,0.007121375644544068,1434.2425000000003
dataset/E40-2/26.0MapBounded.png,0.9100863649883744,0.0071213756445440875,1435.6150000000002
dataset/E48-3/0MapBounded.png,0.2740421704414563,0.004934313927574812,6.467500000000001
dataset/E48-3/1.0MapBounded.png,0.013035477914207998,0.004934313927574196,54.20250000000001
dataset/E48-3/2.0MapBounded.png,0.04487871354258469,0.004934313927574249,56.47500000000001
dataset/E48-4/0MapBounded.png,0.3583732702431762,0.00658725717975865,8.205000000000002
dataset/E48-4/1.0MapBounded.png,0.12317097906014361,0.006587257179758308,68.24750000000002
dataset/E48-4/2.0MapBounded.png,0.024715847808580688,0.00658725717975878,99.22250000000003
dataset/E48-4/3.0MapBounded.png,0.08233722835470347,0.006587257179758628,101.39500000000002
dataset/E48-4/4.0MapBounded.png,0.08233722835470347,0.006587257179758628,101.39500000000002
dataset/E48-4/5.0MapBounded.png,0.07767037218710827,0.006587257179758632,101.37000000000002
dataset/E51-3/0MapBounded.png,0.8294294968185915,0.005040051491418134,38.720000000000006
dataset/E51-3/1.0MapBounded.png,0.41849115346390225,0.005040051491418721,329.1650000000001
dataset/E51-3/2.0MapBounded.png,0.36315355147793704,0.00504005149141768,493.1075000000001
dataset/E51-3/3.0MapBounded.png,0.17833519072924325,0.005040051491417999,595.6275000000002
dataset/E51-3/4.0MapBounded.png,0.09568968230506773,0.005040051491417709,684.3300000000002
dataset/E51-3/5.0MapBounded.png,0.045327054250355894,0.005040051491418238,799.5100000000001
dataset/E51-3/6.0MapBounded.png,0.12050824481419445,0.00504005149141811,1044.5750000000003
dataset/E51-3/7.0MapBounded.png,0.1545098517114234,0.005040051491418635,1218.1475000000003
dataset/E51-3/8.0MapBounded.png,0.1583610388392582,0.005040051491418192,1355.5150000000003
dataset/E51-3/9.0MapBounded.png,0.27244565465258774,0.005040051491418061,1547.0250000000003
dataset/E51-3/10.0MapBounded.png,0.15565211588590291,0.005040051491418356,1564.2475000000004
dataset/E51-3/11.0MapBounded.png,0.22259033800850322,0.00504005149141811,1703.2900000000004
dataset/E51-3/12.0MapBounded.png,0.13728916959837764,0.00504005149141867,1722.5175000000004
dataset/E51-3/13.0MapBounded.png,0.3121654708669094,0.005040051491418555,1763.8975000000003
dataset/E51-3/14.0MapBounded.png,0.3121654708669094,0.005040051491418555,1772.9400000000003
dataset/E51-3/15.0MapBounded.png,0.1563273664902087,0.005040051491418172,1772.9400000000003
dataset/E51-3/16.0MapBounded.png,0.23688107634843394,0.005040051491417728,1781.2300000000002
dataset/E52-0/0MapBounded.png,1.0654347860976259,0.003501192268237264,66.99000000000001
dataset/E52-0/1.0MapBounded.png,0.9480007635750993,0.003501192268237331,244.42000000000004
dataset/E52-0/2.0MapBounded.png,0.8992923708718841,0.003501192268236915,397.12000000000006
dataset/E52-0/3.0MapBounded.png,0.8950934132573323,0.003501192268237374,413.94000000000005
dataset/E52-0/4.0MapBounded.png,0.49551507617342666,0.0035011922682363934,583.4925000000001
dataset/E52-0/5.0MapBounded.png,0.31208844478200276,0.0035011922682374385,807.1000000000001
dataset/E52-0/6.0MapBounded.png,0.19145961525040564,0.003501192268237166,887.4800000000001
dataset/E52-0/7.0MapBounded.png,0.10333156948536901,0.0035011922682367906,905.5075000000002
dataset/E52-0/8.0MapBounded.png,0.08189189049898328,0.0035011922682371055,1041.8700000000001
dataset/E52-0/9.0MapBounded.png,0.04244413317335253,0.003501192268237383,1088.1050000000002
dataset/E52-0/10.0MapBounded.png,0.08668411264789586,0.0035011922682373848,1131.505
dataset/E52-0/11.0MapBounded.png,0.15204213338290826,0.003501192268237272,1137.8350000000003
dataset/E52-0/12.0MapBounded.png,0.17430031309361055,0.0035011922682371822,1137.8250000000003
dataset/E52-0/13.0MapBounded.png,0.31377741693319877,0.003501192268237011,1281.4100000000003
dataset/E52-0/14.0MapBounded.png,0.6419735090626998,0.0035011922682373084,1303.6075000000003
dataset/E52-0/15.0MapBounded.png,0.5712621196812282,0.0035011922682372607,1335.4925000000003
dataset/E52-0/16.0MapBounded.png,0.5479503678797801,0.0035011922682379824,1335.2825000000003
dataset/E52-0/17.0MapBounded.png,0.5479503678797801,0.0035011922682379824,1335.2100000000003
dataset/E52-0/18.0MapBounded.png,0.6130178774988667,0.0035011922682371788,1335.6175000000003
dataset/E52-0/19.0MapBounded.png,0.6176919194599321,0.0035011922682373076,1335.3750000000002
dataset/E52-1/0MapBounded.png,0.6220432790405335,0.007643105415926371,63.83750000000001
dataset/E52-1/1.0MapBounded.png,0.5472765204451393,0.007643105415925983,210.61500000000004
dataset/E52-1/2.0MapBounded.png,0.8545178154516907,0.007643105415926352,325.04750000000007
dataset/E52-1/3.0MapBounded.png,0.9678397944920331,0.007643105415926485,625.5425000000001
dataset/E52-1/4.0MapBounded.png,0.7385179455582815,0.007643105415926343,736.4075000000001
dataset/E52-1/5.0MapBounded.png,0.5821321245621844,0.007643105415926372,780.8175000000001
dataset/E52-1/6.0MapBounded.png,0.26149676721299037,0.007643105415926367,799.1075000000002
dataset/E52-1/7.0MapBounded.png,0.5858433381266817,0.007643105415926952,861.2550000000002
dataset/E52-1/8.0MapBounded.png,0.439862855289543,0.007643105415926401,915.9600000000002
dataset/E52-1/9.0MapBounded.png,0.6645414897175265,0.007643105415926148,915.9850000000001
dataset/E52-1/10.0MapBounded.png,0.3825317794714669,0.007643105415926247,926.1750000000002
dataset/E52-1/11.0MapBounded.png,0.3597021920320387,0.007643105415926616,925.9950000000002
dataset/E52-1/12.0MapBounded.png,0.3735540927034974,0.007643105415926503,925.9950000000002
dataset/E52-1/13.0MapBounded.png,0.45355223390605537,0.007643105415926126,926.0875000000002
dataset/E52-1/14.0MapBounded.png,0.1766651169565307,0.0076431054159260626,927.3875000000002
dataset/E52-2/0MapBounded.png,0.41517565240199306,0.010165293406741566,12.255000000000003
dataset/E52-2/1.0MapBounded.png,0.3649055138060999,0.010165293406741502,90.73500000000001
dataset/E52-2/2.0MapBounded.png,0.5085203149488284,0.01016529340674135,271.1625000000001
dataset/E52-2/3.0MapBounded.png,0.6038573964661246,0.010165293406741063,394.6650000000001
dataset/E52-2/4.0MapBounded.png,0.351287744391818,0.010165293406741549,516.4325000000001
dataset/E52-2/5.0MapBounded.png,0.299876233821314,0.01016529340674157,613.3075000000001
dataset/E52-2/6.0MapBounded.png,0.19492380496543438,0.010165293406741565,712.2725000000002
dataset/E52-2/7.0MapBounded.png,0.18871066451833965,0.010165293406741573,772.5500000000002
dataset/E52-2/8.0MapBounded.png,0.14967305132714404,0.010165293406741422,846.2000000000002
dataset/E52-2/9.0MapBounded.png,0.1140999722298234,0.01016529340674167,947.3625000000002
dataset/E52-2/10.0MapBounded.png,0.2671660257894916,0.010165293406741481,1017.4100000000002
dataset/E52-2/11.0MapBounded.png,0.698973679362098,0.01016529340674149,1051.6250000000002
dataset/E52-2/12.0MapBounded.png,0.7436308757741361,0.010165293406741577,1060.6525000000001
dataset/E52-2/13.0MapBounded.png,0.5944704137190164,0.010165293406741561,1060.6850000000002
dataset/E52-2/14.0MapBounded.png,0.3285756939777842,0.010165293406741821,1060.9175000000002
dataset/E52-3/0MapBounded.png,0.5954855699173838,0.0010895618485437973,30.475000000000005
dataset/E52-3/1.0MapBounded.png,0.3520604087719576,0.0010895618485434982,216.80250000000004
dataset/E52-3/2.0MapBounded.png,0.3905778317557866,0.0010895618485431968,322.82000000000005
dataset/E52-3/3.0MapBounded.png,0.4415913546813377,0.001089561848543786,372.93000000000006
dataset/E52-3/4.0MapBounded.png,0.46209995243896596,0.0010895618485443695,499.2250000000001
dataset/E52-3/5.0MapBounded.png,0.32672048094795864,0.0010895618485432673,663.8925000000002
dataset/E52-3/6.0MapBounded.png,0.3058925278343933,0.001089561848542836,692.3850000000001
dataset/E52-3/7.0MapBounded.png,0.1882169128088982,0.0010895618485440538,739.8800000000001
dataset/E52-3/8.0MapBounded.png,0.21888973633825323,0.0010895618485450042,797.4275000000001
dataset/E52-3/9.0MapBounded.png,0.14090795067197726,0.0010895618485437528,837.0900000000001
dataset/E52-3/10.0MapBounded.png,0.2971649071681807,0.0010895618485442164,913.3150000000002
dataset/E52-3/11.0MapBounded.png,0.41505926794367454,0.0010895618485437352,974.0375000000001
dataset/E52-3/12.0MapBounded.png,0.3284870315044025,0.0010895618485436884,1067.5425000000002
dataset/E52-3/13.0MapBounded.png,0.15077062903967453,0.0010895618485438166,1100.6600000000003
dataset/E52-3/14.0MapBounded.png,0.16330263231680786,0.001089561848543821,1102.4250000000002
dataset/E52-3/15.0MapBounded.png,0.1767452505441082,0.0010895618485439586,1104.2475000000002
dataset/E52-3/16.0MapBounded.png,0.1767452505441082,0.0010895618485439586,1104.9300000000003
dataset/E52-3/17.0MapBounded.png,0.22287542096650795,0.0010895618485435058,1104.9325000000001
dataset/E52-4/0MapBounded.png,0.5580093961094088,0.008237842066806972,21.027500000000003
dataset/E52-4/1.0MapBounded.png,0.5609921533276677,0.00823784206680704,172.60750000000004
dataset/E52-4/2.0MapBounded.png,0.563417376898732,0.008237842066806953,172.88250000000002
dataset/E52-4/3.0MapBounded.png,0.5562723477364854,0.008237842066807064,172.90250000000003
dataset/E52-4/4.0MapBounded.png,0.5654793859395484,0.008237842066806954,283.13750000000005
dataset/E52-4/5.0MapBounded.png,0.5912493854452666,0.008237842066807043,312.37750000000005
dataset/E52-4/6.0MapBounded.png,0.5456873816587383,0.008237842066807041,356.01250000000005
dataset/E52-4/7.0MapBounded.png,0.5326426333530054,0.00823784206680689,355.99000000000007
dataset/E52-4/8.0MapBounded.png,0.44295578232160093,0.008237842066807055,355.99000000000007
dataset/E52-4/9.0MapBounded.png,0.4153533779259776,0.008237842066807268,358.29750000000007
dataset/E52-4/10.0MapBounded.png,0.4797380032530329,0.00823784206680717,476.5350000000001
dataset/E52-4/11.0MapBounded.png,0.46323946166732366,0.008237842066806934,592.3000000000001
dataset/E52-4/12.0MapBounded.png,0.4594106618193621,0.008237842066806672,715.3975000000002
dataset/E52-4/13.0MapBounded.png,0.21567654787575694,0.00823784206680711,876.9225000000001
dataset/E52-4/14.0MapBounded.png,0.309661911460856,0.008237842066806705,961.4675000000002
dataset/E52-4/15.0MapBounded.png,0.3186689757000474,0.008237842066806974,1005.4325000000002
dataset/E52-4/16.0MapBounded.png,0.37767801405918583,0.008237842066806974,1070.9225000000001
dataset/E52-4/17.0MapBounded.png,0.5933764452166715,0.00823784206680648,1090.6550000000002
dataset/E52-4/18.0MapBounded.png,0.3833939074235241,0.008237842066806958,1090.1950000000002
dataset/E52-4/19.0MapBounded.png,0.3833939074235241,0.008237842066806958,1095.5175000000002
dataset/E52-4/20.0MapBounded.png,0.42089782053525293,0.008237842066806606,1095.5025000000003
dataset/E52-4/21.0MapBounded.png,0.40973186168052417,0.008237842066807367,1095.4825000000003
dataset/E52-5/0MapBounded.png,0.5765336737172626,0.008136243502059347,19.475000000000005
dataset/E52-5/1.0MapBounded.png,0.4850860435456912,0.008136243502059373,250.76250000000005
dataset/E52-5/2.0MapBounded.png,0.5078131500852878,0.008136243502059359,284.1025000000001
dataset/E52-5/3.0MapBounded.png,0.5414501318600529,0.00813624350205947,307.7200000000001
dataset/E52-5/4.0MapBounded.png,0.4497149833302897,0.008136243502060183,453.1700000000001
dataset/E52-5/5.0MapBounded.png,0.37732201330003634,0.008136243502060034,491.3950000000001
dataset/E52-5/6.0MapBounded.png,0.5319031641955052,0.008136243502059241,588.3125000000001
dataset/E52-5/7.0MapBounded.png,0.32758462822869167,0.008136243502058773,779.0425000000001
dataset/E52-5/8.0MapBounded.png,0.27136965836891636,0.00813624350205932,916.3125000000002
dataset/E52-5/9.0MapBounded.png,0.24724622724835035,0.008136243502059524,1019.8950000000002
dataset/E52-5/10.0MapBounded.png,0.21805419124038142,0.008136243502059357,1052.5425000000002
dataset/E52-5/11.0MapBounded.png,0.1815261507463078,0.0081362435020594,1098.1200000000001
dataset/E52-5/12.0MapBounded.png,0.315980671434301,0.008136243502059343,1120.8225000000002
dataset/E52-5/13.0MapBounded.png,0.3308666451005394,0.00813624350205936,1120.7850000000003
dataset/E52-5/14.0MapBounded.png,0.25147329650894695,0.008136243502059345,1120.5000000000002
dataset/E52-5/15.0MapBounded.png,0.2833563970160253,0.00813624350205934,1120.5225000000003
dataset/E52-5/16.0MapBounded.png,0.2694813074277441,0.008136243502059522,1132.5200000000002
dataset/E52-5/17.0MapBounded.png,0.1764127268340457,0.00813624350205934,1132.9875000000002
dataset/E52-5/18.0MapBounded.png,0.21477197716953006,0.008136243502059343,1133.0850000000003
dataset/E52-5/19.0MapBounded.png,0.276298790838291,0.008136243502059345,1133.0100000000002
dataset/E52-5/20.0MapBounded.png,0.3485245810632677,0.008136243502059342,1132.9725000000003
dataset/E52-5/21.0MapBounded.png,0.5514996107929158,0.008136243502059744,1138.5300000000002
dataset/E52-5/22.0MapBounded.png,0.45690381225080784,0.008136243502059042,1138.5125000000003
dataset/E52-5/23.0MapBounded.png,0.3535947786809047,0.00813624350205994,1154.1325000000002
dataset/E52-5/24.0MapBounded.png,0.3535947786809047,0.00813624350205994,1154.1325000000002
dataset/E52-5/25.0MapBounded.png,0.7459789575118392,0.008136243502059803,1160.7275000000002
dataset/E52-5/26.0MapBounded.png,0.4634881693937374,0.008136243502059472,1173.7175000000002
dataset/E52-6/0MapBounded.png,0.29098691918961683,0.0021071867642280763,67.04
dataset/E52-6/1.0MapBounded.png,0.278838081996636,0.002107186764228055,424.0225000000001
dataset/E52-6/2.0MapBounded.png,0.10573690769446777,0.0021071867642285616,689.6775000000001
dataset/E52-6/3.0MapBounded.png,0.27823498938322067,0.002107186764227833,749.2100000000002
dataset/E52-6/4.0MapBounded.png,0.20668203721998368,0.002107186764228062,902.6475000000002
dataset/E52-6/5.0MapBounded.png,0.071615597083878,0.0021071867642280732,941.9575000000002
dataset/E52-6/6.0MapBounded.png,0.14717316192083213,0.0021071867642277254,959.8025000000002
dataset/E52-6/7.0MapBounded.png,0.2527834769828077,0.0021071867642279006,1039.88
dataset/E52-6/8.0MapBounded.png,0.23798525901848874,0.0021071867642273572,1060.7575000000002
dataset/E52-6/9.0MapBounded.png,0.2963654157360767,0.0021071867642281444,1060.7150000000001
dataset/E52-6/10.0MapBounded.png,0.5416522747024936,0.002107186764228548,1060.7175000000002
dataset/E52-6/11.0MapBounded.png,0.4536906471743801,0.002107186764228066,1060.5875000000003
dataset/E52-6/12.0MapBounded.png,0.23455964733209847,0.002107186764228078,1074.0175000000002
dataset/E52-6/13.0MapBounded.png,0.270992274250219,0.0021071867642280763,1074.1050000000002
dataset/E52-6/14.0MapBounded.png,0.32839426508329167,0.0021071867642280737,1074.1250000000002
dataset/E52-6/15.0MapBounded.png,0.388890584843674,0.0021071867642278082,1074.0725000000002
dataset/E52-6/16.0MapBounded.png,0.2774611685149385,0.002107186764228057,1087.1325000000002
dataset/E52-6/17.0MapBounded.png,0.17537405890757998,0.0021071867642275177,1106.3825000000002
dataset/E52-6/18.0MapBounded.png,0.04712128264696371,0.0021071867642280333,1180.4400000000003
dataset/E52-6/19.0MapBounded.png,0.035783255851366554,0.002107186764228073,1192.4425000000003
dataset/E52-6/20.0MapBounded.png,0.3609400109935964,0.0021071867642281543,1196.9450000000002
dataset/E52-6/21.0MapBounded.png,0.43014743225566493,0.0021071867642290616,1207.7450000000003
dataset/E52-6/22.0MapBounded.png,0.43014743225566493,0.0021071867642290616,1214.2250000000001
dataset/E52-6/23.0MapBounded.png,0.4642552347307408,0.002107186764228076,1214.2250000000001
dataset/E52-6/24.0MapBounded.png,0.5822220434403911,0.0021071867642281123,1214.8075000000003
dataset/E53-0/0MapBounded.png,23.471636775364345,0.17695660662742205,76.81500000000001
dataset/E53-0/1.0MapBounded.png,6.462046632734241,0.176956606627422,471.1250000000001
dataset/E53-0/2.0MapBounded.png,9.464725979385069,0.1769566066274209,704.2475000000002
dataset/E53-0/3.0MapBounded.png,13.403223574468266,0.1769566066274217,833.6500000000002
dataset/E53-0/4.0MapBounded.png,12.89904405072878,0.17695660662742285,833.9100000000002
dataset/E53-0/5.0MapBounded.png,22.095467281288162,0.17695660662742196,1322.0650000000003
dataset/E53-0/6.0MapBounded.png,6.5592053689588,0.17695660662742257,1608.6000000000004
dataset/E53-0/7.0MapBounded.png,15.183983774115138,0.176956606627422,1673.4675000000004
dataset/E53-0/8.0MapBounded.png,15.192315356967752,0.17695660662742216,1694.8175000000003
dataset/E53-0/9.0MapBounded.png,14.596362917650522,0.17695660662742205,1793.9425000000003
dataset/E53-0/10.0MapBounded.png,10.496603336109489,0.17695660662742196,1794.2500000000005
dataset/E53-0/11.0MapBounded.png,2.8721741774640797,0.17695660662742194,1810.0375000000004
dataset/E53-0/12.0MapBounded.png,20.129057482798196,0.17695660662742177,1809.9550000000004
dataset/E53-0/13.0MapBounded.png,5.2149527148999,0.17695660662742152,1809.8525000000004
dataset/E53-0/14.0MapBounded.png,19.064885032718866,0.17695660662742196,1816.1825000000003
dataset/E53-0/15.0MapBounded.png,17.3707498223889,0.17695660662742188,1816.7275000000004
dataset/E53-0/16.0MapBounded.png,17.3707498223889,0.17695660662742188,1816.7275000000004
dataset/E53-0/17.0MapBounded.png,4.712905764886232,0.17695660662742232,1818.4600000000003
dataset/E53-0/18.0MapBounded.png,4.742618533826299,0.17695660662742205,1818.4075000000003
dataset/E53-0/19.0MapBounded.png,5.672970163632675,0.17695660662742285,1818.4450000000004
dataset/E53-0/20.0MapBounded.png,4.195291143013132,0.17695660662742194,1818.4150000000004
dataset/E53-0/21.0MapBounded.png,3.969528358451461,0.17695660662742188,1818.4825000000003
dataset/E53-0/22.0MapBounded.png,4.184291566142635,0.17695660662742257,1818.5450000000003
dataset/E53-0/23.0MapBounded.png,4.312131212663633,0.17695660662742224,1818.5900000000004
dataset/E53-0/24.0MapBounded.png,7.132514987389452,0.17695660662742205,1818.7550000000003
dataset/E53-0/25.0MapBounded.png,5.498803410175621,0.17695660662742202,1818.7850000000003
dataset/E53-0/26.0MapBounded.png,2.690165216636762,0.17695660662742224,1818.7725000000003
dataset/E53-0/27.0MapBounded.png,2.555860821002584,0.17695660662742144,1818.7875000000004
dataset/E53-0/28.0MapBounded.png,3.6860889909282135,0.17695660662742124,1818.8150000000003
dataset/E53-0/29.0MapBounded.png,2.124864543747761,0.17695660662742208,1818.8475000000003
dataset/E53-0/30.0MapBounded.png,2.859789639990991,0.17695660662742205,1818.8425000000004
dataset/E53-0/31.0MapBounded.png,3.775446917900236,0.17695660662742196,1818.8625000000004
dataset/E53-0/32.0MapBounded.png,4.746124564273484,0.176956606627422,1818.8600000000004
dataset/E53-0/33.0MapBounded.png,3.4972163674326464,0.17695660662742166,1818.8700000000003
dataset/E53-0/34.0MapBounded.png,1.1512844750308904,0.17695660662742205,1818.9925000000003
dataset/E53-0/35.0MapBounded.png,2.138732614178061,0.17695660662742188,1818.6950000000004
dataset/E53-0/36.0MapBounded.png,3.8618285501708796,0.1769566066274219,1818.7075000000004
dataset/E53-0/37.0MapBounded.png,2.6424177631717654,0.17695660662742205,1818.7200000000003
dataset/E53-0/38.0MapBounded.png,2.368803603397164,0.17695660662742205,1818.7200000000003
dataset/E53-0/39.0MapBounded.png,2.2268995973421353,0.176956606627422,1818.7300000000002
dataset/E53-0/40.0MapBounded.png,0.6531898997264887,0.17695660662742152,1818.7450000000003
dataset/E53-0/41.0MapBounded.png,0.26557389038211215,0.17695660662742177,1818.7500000000005
dataset/E53-0/42.0MapBounded.png,0.7536532020933742,0.17695660662742177,1818.8825000000004
dataset/E53-0/43.0MapBounded.png,0.8204275296512463,0.17695660662742205,1818.8925000000004
dataset/E53-0/44.0MapBounded.png,3.1596386446348967,0.17695660662742263,1818.8875000000003
dataset/E53-0/45.0MapBounded.png,2.1044624609724103,0.176956606627422,1818.9125000000004
dataset/E53-0/46.0MapBounded.png,1.8446383226610543,0.17695660662742202,1818.9025000000004
dataset/E53-0/47.0MapBounded.png,2.156286279946318,0.1769566066274215,1818.8925000000004
dataset/E53-0/48.0MapBounded.png,1.1341165207667383,0.1769566066274211,1818.8875000000003
dataset/E53-0/49.0MapBounded.png,1.4198141827771893,0.1769566066274215,1818.9000000000003
dataset/E53-0/50.0MapBounded.png,1.5281264635052019,0.17695660662742185,1818.9025000000004
dataset/E53-0/51.0MapBounded.png,2.938997140626442,0.17695660662742202,1818.9150000000004
dataset/E53-0/52.0MapBounded.png,3.051683649631887,0.17695660662742163,1818.9175000000002
dataset/E53-0/53.0MapBounded.png,2.8589618394409326,0.17695660662742144,1818.9175000000002
dataset/E53-0/54.0MapBounded.png,3.1709473996327184,0.176956606627421,1818.9100000000003
dataset/E53-0/55.0MapBounded.png,2.3105613382127186,0.1769566066274227,1818.9225000000004
dataset/E53-0/56.0MapBounded.png,3.593776321850144,0.17695660662742216,1818.9250000000004
dataset/E53-0/57.0MapBounded.png,2.6217718772198024,0.17695660662742216,1818.9225000000004
dataset/E53-0/58.0MapBounded.png,3.836868800907025,0.1769566066274221,1818.9050000000004
dataset/E53-0/59.0MapBounded.png,4.2749444498258615,0.17695660662742224,1818.9125000000004
dataset/E53-0/60.0MapBounded.png,4.383362201039994,0.17695660662742135,1818.9025000000004
dataset/E53-0/61.0MapBounded.png,3.5467342752244138,0.17695660662742158,1818.9100000000003
dataset/E53-0/62.0MapBounded.png,3.64484319712938,0.17695660662742216,1818.9200000000003
dataset/E53-0/63.0MapBounded.png,4.580905622658924,0.17695660662742152,1818.9375000000005
dataset/E53-0/64.0MapBounded.png,4.3897924674089115,0.176956606627422,1818.9550000000004
dataset/E53-0/65.0MapBounded.png,4.477220043152706,0.17695660662742277,1818.9750000000004
dataset/E53-0/66.0MapBounded.png,4.070212809007144,0.1769566066274216,1818.9725000000003
dataset/E53-0/67.0MapBounded.png,4.435144387863136,0.1769566066274215,1818.9750000000004
dataset/E53-0/68.0MapBounded.png,5.2805664092115006,0.17695660662742205,1818.9225000000004
dataset/E53-0/69.0MapBounded.png,4.804534568487448,0.17695660662742227,1818.9225000000004
dataset/E53-0/70.0MapBounded.png,5.075136521832125,0.1769566066274223,1818.9275000000005
dataset/E53-0/71.0MapBounded.png,5.174467464602513,0.17695660662742188,1818.9375000000005
dataset/E53-0/72.0MapBounded.png,5.725333994972465,0.1769566066274221,1818.9400000000003
dataset/E53-0/73.0MapBounded.png,6.077279607537324,0.17695660662742194,1818.9250000000004
dataset/E53-0/74.0MapBounded.png,6.7787874096676966,0.17695660662742196,1818.9350000000004
dataset/E53-0/75.0MapBounded.png,6.525620283176509,0.17695660662742246,1818.9350000000004
dataset/E53-0/76.0MapBounded.png,6.892581183825586,0.176956606627422,1818.9200000000003
dataset/E53-0/77.0MapBounded.png,7.397617895675074,0.17695660662742194,1818.9225000000004
dataset/E53-0/78.0MapBounded.png,7.9419420326662005,0.1769566066274221,1818.9325000000003
dataset/E53-0/79.0MapBounded.png,7.950741279841877,0.176956606627422,1818.9400000000003
dataset/E53-0/80.0MapBounded.png,7.0616311242094385,0.17695660662742216,1818.9450000000004
dataset/E53-0/81.0MapBounded.png,7.370707262392504,0.17695660662742202,1818.9475000000004
dataset/E53-3/0MapBounded.png,0.7159108604704182,0.0077836021012033935,17.960000000000004
dataset/E53-3/1.0MapBounded.png,0.755070862706873,0.007783602101203837,178.50750000000002
dataset/E53-3/2.0MapBounded.png,0.6913013943738829,0.007783602101203229,336.8975000000001
dataset/E53-3/3.0MapBounded.png,0.5795744158878163,0.007783602101203338,512.4975000000001
dataset/E53-3/4.0MapBounded.png,0.2616166029125254,0.0077836021012036485,610.8650000000001
dataset/E53-3/5.0MapBounded.png,0.3392722217149296,0.0077836021012034256,689.6350000000001
dataset/E53-3/6.0MapBounded.png,0.40311591279364906,0.007783602101203343,883.6250000000002
dataset/E53-3/7.0MapBounded.png,0.21864558483491628,0.007783602101202686,919.8725000000002
dataset/E53-3/8.0MapBounded.png,0.22567853666824464,0.007783602101203343,1019.8500000000003
dataset/E53-3/9.0MapBounded.png,0.1262959977825383,0.007783602101203437,1131.1050000000002
dataset/E53-3/10.0MapBounded.png,0.13934107136742444,0.007783602101203442,1187.9900000000002
dataset/E53-3/11.0MapBounded.png,0.5237662006001285,0.007783602101203415,1240.9575000000002
dataset/E53-3/12.0MapBounded.png,0.27031239791486084,0.007783602101203944,1245.9275000000002
dataset/E53-3/13.0MapBounded.png,0.2707363610383973,0.007783602101204147,1245.9600000000003
dataset/E53-3/14.0MapBounded.png,0.46182537717428435,0.007783602101203382,1252.2825000000003
dataset/E53-3/15.0MapBounded.png,0.46182537717428435,0.007783602101203382,1253.4850000000004
dataset/E53-3/16.0MapBounded.png,0.43275217145860173,0.0077836021012037205,1253.4400000000003
dataset/E53-3/17.0MapBounded.png,0.4335758334061557,0.007783602101203414,1256.1225000000002
dataset/E53-4/0MapBounded.png,0.3484007916151402,0.9306289186259822,15.500000000000004
dataset/E53-4/1.0MapBounded.png,0.33569891682608277,0.0062104235334670506,89.23500000000001
dataset/E53-4/2.0MapBounded.png,0.3237828947413712,0.006210423533465326,182.85750000000004
dataset/E53-4/3.0MapBounded.png,0.3016375704190951,0.006210423533445979,254.66500000000005
dataset/E53-4/4.0MapBounded.png,0.3704586763942782,0.006210423533437897,381.4525000000001
dataset/E53-4/5.0MapBounded.png,0.27536734291714965,0.006210423533426302,480.4575000000001
dataset/E53-4/6.0MapBounded.png,0.053594459558427135,0.006210423533426216,588.1525000000001
dataset/E53-4/7.0MapBounded.png,0.14066285589891347,0.006210423533422481,651.8775000000002
dataset/E53-4/8.0MapBounded.png,0.16325053598561506,0.006210423533421885,670.0900000000001
dataset/E53-4/9.0MapBounded.png,0.18053348513254575,0.006210423533419107,676.0500000000002
dataset/E53-4/10.0MapBounded.png,0.15526945565445335,0.006210423533427592,679.3350000000002
dataset/E53-4/11.0MapBounded.png,0.0712974574521081,0.006210423533435661,679.0300000000001
dataset/E53-4/12.0MapBounded.png,0.0712974574521081,0.006210423533435661,678.9850000000001
dataset/E53-4/13.0MapBounded.png,0.03567672649864661,0.00621042353345297,678.9300000000002
dataset/E53-4/14.0MapBounded.png,0.2234253240516762,0.0062104235334647755,678.8900000000001
dataset/E53-4/15.0MapBounded.png,0.3883961048197646,0.00621042353349793,678.9350000000002
dataset/E53-4/16.0MapBounded.png,0.5491448290933327,0.006210423533524923,678.9250000000002
dataset/E53-4/17.0MapBounded.png,0.4014323932961353,0.006210423533533249,690.3400000000001
dataset/E53-4/18.0MapBounded.png,0.11173999306329939,0.0062104235335579,691.9650000000001
dataset/E53-4/19.0MapBounded.png,0.10866389485333157,0.006210423533592735,692.9525000000001
dataset/E53-4/20.0MapBounded.png,0.20032302237918428,0.0062104235335943,765.7000000000002
dataset/E53-4/21.0MapBounded.png,0.250727891270993,0.00621042353358397,808.8300000000002
dataset/E53-4/22.0MapBounded.png,0.24246632053475844,0.006210423533585029,809.6500000000002
dataset/E53-4/23.0MapBounded.png,0.21243874354288358,0.006210423533590367,845.3725000000002
dataset/E53-4/24.0MapBounded.png,0.34492327943208945,0.006210423533590112,881.3100000000002
dataset/E53-4/25.0MapBounded.png,0.46960820592567404,0.006210423533589352,883.4250000000002
dataset/E53-4/26.0MapBounded.png,0.46960820592567404,0.006210423533589352,883.4250000000002
dataset/E53-4/27.0MapBounded.png,0.4285143837654719,0.006210423533591729,883.3700000000001
dataset/E53-4/28.0MapBounded.png,0.34470638744429094,0.006210423533595824,886.5625000000002
dataset/E53-4/29.0MapBounded.png,0.4357293215993508,0.006210423533590291,886.5525000000001
dataset/E55-1/0MapBounded.png,0.3556925213204583,0.0035027073447963194,9.825000000000001
dataset/E55-1/1.0MapBounded.png,0.24618966435371759,0.0035027073447957842,116.11500000000002
dataset/E55-1/2.0MapBounded.png,0.09760832192121492,0.003502707344797327,152.99500000000003
dataset/E55-1/3.0MapBounded.png,0.047511226637574254,0.003502707344796495,152.99750000000003
dataset/E55-1/4.0MapBounded.png,0.125046511393569,0.003502707344796149,203.16000000000005
dataset/E55-29/0MapBounded.png,0.1075657082838686,0.001545758911201056,45.11000000000001
dataset/E55-29/1.0MapBounded.png,0.08945765614879432,0.0015457589112013361,105.75750000000002
dataset/E55-29/2.0MapBounded.png,0.07487258508879291,0.0015457589112011741,219.59750000000005
dataset/E55-29/3.0MapBounded.png,0.021834952896025335,0.001545758911200438,219.77000000000004
dataset/E56-0/0MapBounded.png,0.08594306146033463,0.013180307822130914,79.62250000000002
dataset/E56-0/1.0MapBounded.png,0.10129747083128397,0.01318030782213063,290.8500000000001
dataset/E56-0/2.0MapBounded.png,0.19495316406815857,0.013180307822131311,387.56250000000006
dataset/E56-0/3.0MapBounded.png,0.1578036978810544,0.013180307822130807,479.42250000000007
dataset/E56-0/4.0MapBounded.png,0.0675755957824235,0.013180307822132418,515.4850000000001
dataset/E56-0/5.0MapBounded.png,0.044065596157392785,0.013180307822131,515.3725000000001
dataset/E56-1/0MapBounded.png,0.11211495891529852,0.002285741964977061,9.940000000000001
dataset/E56-1/1.0MapBounded.png,0.20022552562083662,0.0022857419649773736,117.16750000000002
dataset/E56-1/2.0MapBounded.png,0.29665091474864314,0.002285741964976982,321.32500000000005
dataset/E56-1/3.0MapBounded.png,0.07906199854572127,0.0022857419649779027,434.42250000000007
dataset/E56-1/4.0MapBounded.png,0.11527494021116944,0.0022857419649771928,455.42500000000007
dataset/E56-1/5.0MapBounded.png,0.15785534482944305,0.0022857419649772773,481.24000000000007
dataset/E56-1/6.0MapBounded.png,0.11732035829255671,0.00228574196497782,487.0200000000001
dataset/E56-2/0MapBounded.png,0.05861846184578303,0.02812875246697226,15.422500000000003
dataset/E56-2/1.0MapBounded.png,0.036362821393459394,0.028128752466972256,81.23250000000002
dataset/E56-2/2.0MapBounded.png,0.0030413462857699536,0.028128752466971538,81.19250000000001
dataset/E56-2/3.0MapBounded.png,0.0030413462857699536,0.028128752466971538,81.12250000000002
dataset/E56-2/4.0MapBounded.png,0.0030413462857699536,0.028128752466971538,81.12250000000002
dataset/E56-2/5.0MapBounded.png,0.0030413462857699536,0.028128752466971538,81.11000000000001
dataset/E56-2/6.0MapBounded.png,0.007896203231049828,0.028128752466972252,81.11000000000001
dataset/E56-3/0MapBounded.png,0.5254558193548321,0.0024019781662116264,11.737500000000002
dataset/E56-3/1.0MapBounded.png,0.31522964074509807,0.0024019781662113354,128.44750000000002
dataset/E56-3/2.0MapBounded.png,0.24034796636814384,0.002401978166211849,165.06750000000002
dataset/E56-3/3.0MapBounded.png,0.23675204734477664,0.0024019781662115974,217.29000000000005
dataset/E56-3/4.0MapBounded.png,0.19530065619253567,0.0024019781662117834,284.31250000000006
dataset/E56-3/5.0MapBounded.png,0.24422556587269975,0.0024019781662116308,315.49000000000007
dataset/E56-3/6.0MapBounded.png,0.23659743248562914,0.002401978166211219,315.9075000000001
dataset/E56-3/7.0MapBounded.png,0.23659743248562914,0.002401978166211219,315.9075000000001
dataset/E56-3/8.0MapBounded.png,0.2273090192127112,0.0024019781662118016,317.4050000000001
dataset/E60-0/0MapBounded.png,0.14059079755337475,0.0014530100901368678,40.42000000000001
dataset/E60-0/1.0MapBounded.png,0.13012941184942486,0.0014530100901368678,144.50750000000002
dataset/E60-0/2.0MapBounded.png,0.05872560969833165,0.001453010090136889,211.78250000000003
dataset/E60-0/3.0MapBounded.png,0.12340987495909209,0.0014530100901364268,275.21250000000003
dataset/E60-0/4.0MapBounded.png,0.04664006463356044,0.0014530100901370194,317.9125000000001
dataset/E60-0/5.0MapBounded.png,0.04664006463356044,0.0014530100901370194,318.02250000000004
dataset/E60-0/6.0MapBounded.png,0.065406837660192,0.0014530100901372547,318.0400000000001
dataset/E60-0/7.0MapBounded.png,0.030616056315397374,0.0014530100901368945,317.94250000000005
dataset/E60-2/0MapBounded.png,0.5352784449560098,0.011737336707432948,17.67
dataset/E60-2/1.0MapBounded.png,0.12213248290339744,0.011737336707433548,152.76750000000004
dataset/E60-2/2.0MapBounded.png,0.12143157947102674,0.011737336707433224,175.10250000000002
dataset/E60-2/3.0MapBounded.png,0.08791763134845534,0.011737336707433113,176.74250000000004
dataset/E60-2/4.0MapBounded.png,0.08791763134845534,0.011737336707433113,176.74250000000004
dataset/E60-2/5.0MapBounded.png,0.14859812639352918,0.011737336707433666,180.11000000000004
dataset/E70-8/0MapBounded.png,0.1553579226839209,0.017615312585142137,8.617500000000001
dataset/E70-8/1.0MapBounded.png,0.21344546400256592,0.017615312585142203,226.32750000000004
dataset/E70-8/2.0MapBounded.png,0.10337938451856238,0.017615312585141974,238.95500000000004
dataset/E70-8/3.0MapBounded.png,0.011777248316434525,0.01761531258514198,249.29250000000005
dataset/E70-8/4.0MapBounded.png,0.12520704263641702,0.017615312585142137,255.11500000000004
dataset/N10-1/0MapBounded.png,0.18797096103621477,0.020140734806266356,8.365000000000002
dataset/N10-1/1.0MapBounded.png,0.008824416088261693,0.020140734806267425,165.28000000000003
dataset/N10-1/2.0MapBounded.png,0.007772908074212696,0.02014073480626546,165.37500000000003
dataset/N10-2/0MapBounded.png,0.08943128074011984,0.009654627319556092,22.100000000000005
dataset/N10-2/1.0MapBounded.png,0.07402968047698659,0.009654627319555764,99.16250000000002
dataset/N10-2/2.0MapBounded.png,0.0771837948665826,0.009654627319555914,100.55250000000002
dataset/N10-2/3.0MapBounded.png,0.05412823229908033,0.00965462731955694,100.55250000000002
dataset/N10-2/4.0MapBounded.png,0.11280627261786394,0.009654627319556268,155.43250000000003
dataset/N42-2/0MapBounded.png,0.15756096122072505,0.0008959014893227033,24.510000000000005
dataset/N42-2/1.0MapBounded.png,0.2649445589475537,0.0008959014893226214,208.31250000000003
dataset/N42-2/2.0MapBounded.png,0.2735433057063101,0.0008959014893227181,327.42500000000007
dataset/N42-2/3.0MapBounded.png,0.27799551655972476,0.0008959014893229685,373.30750000000006
dataset/N42-2/4.0MapBounded.png,0.22172365668480354,0.000895901489322997,473.8375000000001
dataset/N42-2/5.0MapBounded.png,0.1835760106352762,0.000895901489323005,484.4950000000001
dataset/N42-2/6.0MapBounded.png,0.21387385397583425,0.0008959014893225793,621.1425000000002
dataset/N42-2/7.0MapBounded.png,0.13866404002858448,0.0008959014893226857,628.8700000000001
dataset/N42-2/8.0MapBounded.png,0.19763708486433346,0.0008959014893227516,637.2300000000001
dataset/N42-2/9.0MapBounded.png,0.19763708486433346,0.0008959014893227516,637.3350000000002
dataset/N42-2/10.0MapBounded.png,0.24111169001616412,0.0008959014893226373,637.2950000000001
dataset/N51-1/0MapBounded.png,0.10969751490096759,0.0021652144273346086,56.10750000000001
dataset/N51-1/1.0MapBounded.png,0.10836408828744955,0.002165214427335178,412.6500000000001
dataset/N51-1/2.0MapBounded.png,0.09505224449800259,0.0021652144273345045,507.6025000000001
dataset/N51-1/3.0MapBounded.png,0.04444089933058357,0.0021652144273342877,584.0700000000002
dataset/N51-1/4.0MapBounded.png,0.09654347809409843,0.002165214427334601,612.9375000000001
dataset/N51-1/5.0MapBounded.png,0.05170562120050088,0.0021652144273346706,614.0875000000001
dataset/N51-3/0MapBounded.png,0.23043820116379155,0.008790399105280946,12.260000000000002
dataset/N51-3/1.0MapBounded.png,0.25711838109494833,0.0087903991052809,118.19750000000002
dataset/N51-3/2.0MapBounded.png,0.22850771693974217,0.00879039910528139,184.74250000000004
dataset/N51-3/3.0MapBounded.png,0.24945366742229008,0.00879039910528141,284.88250000000005
dataset/N51-3/4.0MapBounded.png,0.35557358846517284,0.00879039910528057,387.63000000000005
dataset/N51-3/5.0MapBounded.png,0.22247393914575486,0.00879039910528083,393.7075000000001
dataset/N51-3/6.0MapBounded.png,0.17837000110133344,0.008790399105280594,453.68250000000006
dataset/N51-3/7.0MapBounded.png,0.06048734066160282,0.008790399105280872,575.1450000000001
dataset/N51-3/8.0MapBounded.png,0.10191958481443485,0.008790399105281697,666.2400000000001
dataset/N51-3/9.0MapBounded.png,0.10160920579093773,0.008790399105281337,666.4325000000001
dataset/N51-3/10.0MapBounded.png,0.21616000067073135,0.008790399105281151,690.0100000000001
dataset/N51-3/11.0MapBounded.png,0.3695923538196611,0.008790399105280835,700.2050000000002
dataset/N51-3/12.0MapBounded.png,0.3695923538196611,0.008790399105280835,700.2050000000002
dataset/N51-3/13.0MapBounded.png,0.3690905166201748,0.008790399105280766,709.9750000000001
dataset/N52-0/0MapBounded.png,0.24405330870868616,0.0025432219361118387,44.39500000000001
dataset/N52-0/1.0MapBounded.png,0.1229033665673754,0.002543221936111655,410.6400000000001
dataset/N52-0/2.0MapBounded.png,0.18763645245901395,0.0025432219361118465,529.0250000000001
dataset/N52-0/3.0MapBounded.png,0.1383937503917467,0.0025432219361121535,605.2875000000001
dataset/N52-0/4.0MapBounded.png,0.037212230058143524,0.002543221936111865,605.3100000000002
dataset/N52-0/5.0MapBounded.png,0.07089246511843551,0.0025432219361118365,605.3550000000001
dataset/N52-0/6.0MapBounded.png,0.10301891714414003,0.0025432219361117272,729.0225000000002
dataset/N52-0/7.0MapBounded.png,0.1269731527787888,0.0025432219361106708,868.0225000000002
dataset/N52-0/8.0MapBounded.png,0.0546861963168623,0.002543221936112413,909.0550000000002
dataset/N52-0/9.0MapBounded.png,0.01979851162003382,0.002543221936111788,982.6250000000002
dataset/N52-0/10.0MapBounded.png,0.09496780735812847,0.0025432219361118617,982.4850000000002
dataset/N52-0/11.0MapBounded.png,0.09496780735812847,0.0025432219361118617,982.6425000000002
dataset/N52-0/12.0MapBounded.png,0.21672245004731516,0.0025432219361124497,1099.2250000000001
dataset/N52-0/13.0MapBounded.png,0.05433328036910903,0.0025432219361118304,1137.2275000000002
dataset/N52-0/14.0MapBounded.png,0.022932915274758433,0.002543221936112206,1137.3200000000002
dataset/N52-2/0MapBounded.png,0.14366161273795866,0.0014125262869476882,17.277500000000003
dataset/N52-2/1.0MapBounded.png,0.27906861944185374,0.001412526286947685,160.76750000000004
dataset/N52-2/2.0MapBounded.png,0.12332308101436978,0.0014125262869477003,253.96750000000006
dataset/N52-2/3.0MapBounded.png,0.1242322868508711,0.0014125262869475422,438.86750000000006
dataset/N52-2/4.0MapBounded.png,0.22800107603863384,0.001412526286947488,822.6500000000002
dataset/N52-2/5.0MapBounded.png,0.12950340504342872,0.0014125262869477057,849.6800000000002
dataset/N52-2/6.0MapBounded.png,0.07383860360972122,0.0014125262869471413,919.5425000000001
dataset/N57-1/0MapBounded.png,0.11415773008575066,2.8284271247461903,2.1775
dataset/N57-1/1.0MapBounded.png,0.008079729959452954,2.8284271247461903,3.0200000000000005
dataset/N57-1/2.0MapBounded.png,0.004674929736583702,2.8284271247461903,2.5275000000000003
dataset/NE20-3/0MapBounded.png,0.13096993269555346,0.006993116535720792,13.102500000000003
dataset/NE20-3/1.0MapBounded.png,0.1139806090144774,0.006993116535720741,111.87000000000002
dataset/NE20-3/2.0MapBounded.png,0.0071123085202553955,0.00699311653572075,124.12250000000003
dataset/NE20-3/3.0MapBounded.png,0.08755522618389115,0.006993116535721122,124.22750000000002
dataset/NE20-3/4.0MapBounded.png,0.09859253013439373,0.006993116535721449,124.24000000000002
dataset/NE20-3/5.0MapBounded.png,0.12846316537116317,0.006993116535720196,222.92750000000004
dataset/NE20-3/6.0MapBounded.png,0.025036738197380913,0.006993116535720563,258.41
dataset/NE20-3/7.0MapBounded.png,0.027198580655904157,0.006993116535720652,275.2300000000001
dataset/NE20-4/0MapBounded.png,0.5954756222015245,0.005908260494553643,18.162500000000005
dataset/NE20-4/1.0MapBounded.png,0.5112320943475351,0.005908260494553686,212.95750000000004
dataset/NE20-4/2.0MapBounded.png,0.3671243199338152,0.005908260494553595,260.49500000000006
dataset/NE20-4/3.0MapBounded.png,0.3926928705947818,0.005908260494553695,371.3925000000001
dataset/NE20-4/4.0MapBounded.png,0.40938008607967863,0.00590826049455358,393.7875000000001
dataset/NE20-4/5.0MapBounded.png,0.49352721329802496,0.005908260494553921,395.62000000000006
dataset/NE20-4/6.0MapBounded.png,0.24758491379420175,0.005908260494553594,460.61000000000007
dataset/NE20-4/7.0MapBounded.png,0.24295375313848488,0.00590826049455287,539.2125000000001
dataset/NE20-4/8.0MapBounded.png,0.2452838375355197,0.005908260494553626,727.6525000000001
dataset/NE20-4/9.0MapBounded.png,0.05014579778232756,0.005908260494553581,828.3500000000001
dataset/NE20-4/10.0MapBounded.png,0.07614153741367846,0.005908260494553647,828.3400000000001
dataset/NE20-4/11.0MapBounded.png,0.07536727352063657,0.005908260494553624,828.3425000000002
dataset/NE20-4/12.0MapBounded.png,0.07536727352063657,0.005908260494553624,828.3525000000002
dataset/NE20-4/13.0MapBounded.png,0.07536727352063657,0.005908260494553624,828.3625000000002
dataset/NE20-4/14.0MapBounded.png,0.06708274049498232,0.005908260494553657,828.3725000000002
dataset/NE20-4/15.0MapBounded.png,0.06907419705642676,0.0059082604945536795,828.3750000000001
dataset/NE20-4/16.0MapBounded.png,0.06907419705642676,0.0059082604945536795,828.3750000000001
dataset/NE20-4/17.0MapBounded.png,0.06959562294747439,0.005908260494553519,828.3750000000001
dataset/NE20-4/18.0MapBounded.png,0.06959562294747439,0.005908260494553519,828.3750000000001
dataset/NE20-4/19.0MapBounded.png,0.22771591147801998,0.005908260494553724,847.8225000000002
dataset/NE20-4/20.0MapBounded.png,0.3794101576692218,0.005908260494553562,860.6025000000002
dataset/NE20-4/21.0MapBounded.png,0.5112805309081577,0.00590826049455358,877.5300000000002
dataset/NE20-4/22.0MapBounded.png,0.5245546827494281,0.005908260494554098,881.8075000000001
dataset/NE20-4/23.0MapBounded.png,0.42089557454034526,0.005908260494553533,896.3225000000002
dataset/NE20-4/24.0MapBounded.png,0.4030609985758029,0.005908260494552938,896.4000000000002
dataset/NE20-4/25.0MapBounded.png,0.35489729396521447,0.005908260494553927,896.4825000000002
dataset/NE49-2/0MapBounded.png,0.0028974602123329747,0.006848790168816089,42.46500000000001
dataset/NE49-2/1.0MapBounded.png,3.801664499379846e-05,0.006848790168815957,54.22750000000001
dataset/NE49-4/0MapBounded.png,7.479957283654399,0.036107295494679024,58.235000000000014
dataset/NE49-4/1.0MapBounded.png,7.093023063468388,0.03610729549467926,152.25750000000002
dataset/NE49-4/2.0MapBounded.png,6.7398553202045814,0.03610729549467799,474.2925000000001
dataset/NE49-4/3.0MapBounded.png,5.212276066950284,0.0361072954946789,580.8325000000001
dataset/NE49-4/4.0MapBounded.png,7.362319467936928,0.03610729549467903,607.4575000000001
dataset/NE49-4/5.0MapBounded.png,5.02921186264552,0.03610729549467841,657.1725000000001
dataset/NE49-4/6.0MapBounded.png,4.507261525155431,0.036107295494679045,904.7750000000002
dataset/NE49-4/7.0MapBounded.png,5.48386157554675,0.03610729549467919,1124.6025000000002
dataset/NE49-4/8.0MapBounded.png,6.340229969558836,0.036107295494679024,1226.5150000000003
dataset/NE49-4/9.0MapBounded.png,5.980688986251279,0.0361072954946789,1233.1100000000001
dataset/NE49-4/10.0MapBounded.png,4.80765583450325,0.03610729549467909,1239.1475000000003
dataset/NE49-4/11.0MapBounded.png,5.107610059969553,0.03610729549467911,1239.1475000000003
dataset/NE49-4/12.0MapBounded.png,3.944068057982948,0.03610729549467916,1350.0750000000003
dataset/NE49-4/13.0MapBounded.png,4.320757798160049,0.03610729549467927,1434.3100000000002
dataset/NE49-4/14.0MapBounded.png,3.7118792755020578,0.03610729549467926,1453.1150000000002
dataset/NE49-4/15.0MapBounded.png,2.883382802570816,0.03610729549467903,1453.4050000000002
dataset/NE49-4/16.0MapBounded.png,2.2423803802733953,0.036107295494679004,1453.5025000000003
dataset/NE49-4/17.0MapBounded.png,1.5477245964915658,0.036107295494679184,1453.7775000000004
dataset/NE49-4/18.0MapBounded.png,0.6524889112423393,0.03610729549467899,1453.9275000000002
dataset/NE49-4/19.0MapBounded.png,0.4683416142571167,0.036107295494679004,1454.1700000000003
dataset/NE49-4/20.0MapBounded.png,1.5560716566972774,0.036107295494678476,1454.2250000000004
dataset/NE49-4/21.0MapBounded.png,2.3720343839963425,0.036107295494678684,1454.3100000000002
dataset/NE49-4/22.0MapBounded.png,3.4173423963324194,0.03610729549467836,1454.3525000000002
dataset/NE49-4/23.0MapBounded.png,4.1314568202278155,0.036107295494679094,1454.4825000000003
dataset/NE49-4/24.0MapBounded.png,5.155685728617154,0.03610729549467948,1455.2050000000004
dataset/NE49-4/25.0MapBounded.png,6.013569929774453,0.03610729549467902,1455.2425000000003
dataset/NE49-4/26.0MapBounded.png,6.811135364384877,0.036107295494679066,1455.2125000000003
dataset/NE49-4/27.0MapBounded.png,7.799101558908185,0.036107295494679496,1455.2325000000003
dataset/NE49-4/28.0MapBounded.png,8.60735721507493,0.036107295494679004,1455.3825000000004
dataset/NE49-4/29.0MapBounded.png,8.766405050938241,0.03610729549467893,1455.4175000000002
dataset/NE49-4/30.0MapBounded.png,7.442332352245182,0.036107295494679024,1455.4900000000002
dataset/NE49-4/31.0MapBounded.png,7.146364065996159,0.036107295494679406,1455.5425000000002
dataset/NE49-4/32.0MapBounded.png,6.999696585358459,0.036107295494679045,1469.4750000000004
dataset/NE49-4/33.0MapBounded.png,6.201002701291234,0.036107295494679156,1459.8100000000002
dataset/NW10-1/0MapBounded.png,0.0535183415153834,0.006056005861142755,64.01000000000002
dataset/NW10-1/1.0MapBounded.png,0.009487119314714059,0.006056005861142724,231.99500000000003
dataset/NW10-1/2.0MapBounded.png,0.024155279120403376,0.006056005861142598,232.18250000000003
dataset/NW10-1/3.0MapBounded.png,0.005115690339508141,0.006056005861142862,234.68500000000006
dataset/NW10-2/0MapBounded.png,0.7618266710297217,0.00589942451849827,46.85500000000001
dataset/NW10-2/1.0MapBounded.png,0.5796057892865667,0.0058994245184981016,193.11000000000004
dataset/NW10-2/2.0MapBounded.png,0.3605447598748718,0.005899424518498263,339.13500000000005
dataset/NW10-2/3.0MapBounded.png,0.23098357868089778,0.005899424518498191,449.24500000000006
dataset/NW10-2/4.0MapBounded.png,0.1642630277786541,0.005899424518498351,488.3400000000001
dataset/NW10-2/5.0MapBounded.png,0.30201456831584406,0.005899424518498026,745.1975000000001
dataset/NW10-2/6.0MapBounded.png,0.0582765378990847,0.005899424518498417,859.4500000000002
dataset/NW10-2/7.0MapBounded.png,0.16643695260164534,0.0058994245184982716,941.1950000000002
dataset/NW10-2/8.0MapBounded.png,0.07702711733433017,0.005899424518497916,985.1325000000002
dataset/NW10-2/9.0MapBounded.png,0.1916852159592956,0.005899424518498588,1189.1600000000003
dataset/NW10-2/10.0MapBounded.png,0.1307709221903676,0.005899424518498495,1222.5300000000002
dataset/NW10-2/11.0MapBounded.png,0.234330511712914,0.005899424518498303,1370.3475000000003
dataset/NW10-2/12.0MapBounded.png,0.252336580431461,0.005899424518497865,1492.2700000000002
dataset/NW10-2/13.0MapBounded.png,0.08750056205806571,0.005899424518498743,1492.3600000000004
dataset/NW10-2/14.0MapBounded.png,0.1253198080697001,0.00589942451849824,1535.2125000000003
dataset/NW10-2/15.0MapBounded.png,0.1036455312214863,0.005899424518497786,1575.4425000000003
dataset/NW10-2/16.0MapBounded.png,0.27680511818779785,0.005899424518498407,1583.1225000000004
dataset/NW10-4/0MapBounded.png,0.26178694637354966,0.006012376893078711,40.63000000000001
dataset/NW10-4/1.0MapBounded.png,0.2901865066904267,0.0060123768930786725,48.12250000000001
dataset/NW10-4/2.0MapBounded.png,0.22949415775007373,0.006012376893078655,69.54250000000002
dataset/NW10-4/3.0MapBounded.png,0.3004930362195202,0.006012376893078713,284.38250000000005
dataset/NW10-4/4.0MapBounded.png,0.13087118159173058,0.006012376893079002,397.3475000000001
dataset/NW10-4/5.0MapBounded.png,0.11463974276666714,0.0060123768930787965,431.3925000000001
dataset/NW10-4/6.0MapBounded.png,0.15425757973133808,0.006012376893078723,446.0200000000001
dataset/NW10-4/7.0MapBounded.png,0.15832322463004872,0.0060123768930785484,608.7600000000001
dataset/NW10-4/8.0MapBounded.png,0.2138848037372168,0.006012376893079179,639.1925000000001
dataset/NW10-4/9.0MapBounded.png,0.2509329601371778,0.006012376893078095,649.2825000000001
dataset/NW13-0/0MapBounded.png,0.3215763612608545,0.0011238893727226486,46.24500000000001
dataset/NW13-0/1.0MapBounded.png,0.3349191883899362,0.0011238893727225118,226.30500000000004
dataset/NW13-0/2.0MapBounded.png,0.13318753654892027,0.0011238893727221803,462.2650000000001
dataset/NW13-0/3.0MapBounded.png,0.08262796902343406,0.0011238893727226222,657.7950000000001
dataset/NW13-0/4.0MapBounded.png,0.22227423159506476,0.0011238893727221206,878.4275000000001
dataset/NW13-0/5.0MapBounded.png,0.15226027190740846,0.0011238893727228058,956.9275000000002
dataset/NW13-0/6.0MapBounded.png,0.06180040343939813,0.0011238893727226458,999.5100000000002
dataset/NW13-0/7.0MapBounded.png,0.14116518413650572,0.0011238893727224177,1093.0350000000003
dataset/NW13-0/8.0MapBounded.png,0.29012859974291005,0.0011238893727226092,1096.5475000000001
dataset/NW13-1/0MapBounded.png,0.41425372119378434,0.016655369518750664,53.20750000000001
dataset/NW13-1/1.0MapBounded.png,0.13342624701724817,0.016655369518750702,355.4825000000001
dataset/NW13-1/2.0MapBounded.png,0.05419348013241908,0.01665536951875014,363.1500000000001
dataset/NW13-1/3.0MapBounded.png,0.04762168043467287,0.016655369518751358,660.0775000000001
dataset/NW13-1/4.0MapBounded.png,0.0767654207477667,0.016655369518751444,701.4850000000001
dataset/NW13-1/5.0MapBounded.png,0.16930194210249222,0.016655369518750726,732.4775000000002
dataset/NW13-1/6.0MapBounded.png,0.11320027876070893,0.01665536951875078,736.2400000000001
dataset/NW13-2/0MapBounded.png,0.2917665498338479,0.006506945927334232,18.767500000000005
dataset/NW13-2/1.0MapBounded.png,0.30345059134187935,0.006506945927334357,218.91750000000005
dataset/NW13-2/2.0MapBounded.png,0.3726505447098204,0.006506945927334629,498.8100000000001
dataset/NW13-2/3.0MapBounded.png,0.3629591501365303,0.006506945927334222,681.5950000000001
dataset/NW13-2/4.0MapBounded.png,0.527234723025553,0.006506945927334531,893.4725000000002
dataset/NW13-2/5.0MapBounded.png,0.2920200000490116,0.006506945927334237,902.8325000000002
dataset/NW13-2/6.0MapBounded.png,0.2356496780554721,0.006506945927334263,1031.1075000000003
dataset/NW13-2/7.0MapBounded.png,0.21834011737832623,0.006506945927334387,1134.1725000000001
dataset/NW13-2/8.0MapBounded.png,0.1958774602139095,0.006506945927334315,1169.0075000000002
dataset/NW13-2/9.0MapBounded.png,0.21874995920427712,0.0065069459273341705,1235.1700000000003
dataset/NW13-2/10.0MapBounded.png,0.03407703088586954,0.006506945927334052,1291.1800000000003
dataset/NW13-2/11.0MapBounded.png,0.028220984593313004,0.006506945927335243,1293.2475000000002
dataset/NW13-2/12.0MapBounded.png,0.1742472725680882,0.006506945927334252,1327.5650000000003
dataset/NW13-2/13.0MapBounded.png,0.4038188364448343,0.00650694592733385,1369.5125000000003
dataset/NW13-2/14.0MapBounded.png,0.2640061550905756,0.006506945927334224,1370.4475000000002
dataset/NW13-2/15.0MapBounded.png,0.47117323421096863,0.006506945927334224,1372.7900000000002
dataset/NW13-2/16.0MapBounded.png,0.36548765310303116,0.006506945927334688,1372.4500000000003
dataset/NW13-2/17.0MapBounded.png,0.40006403013102065,0.006506945927334002,1372.3925000000002
dataset/NW13-2/18.0MapBounded.png,0.30975369590090335,0.006506945927334271,1373.5725000000002
dataset/NW14-0/0MapBounded.png,0.5351089480761212,0.0038602301893831538,46.19250000000001
dataset/NW14-0/1.0MapBounded.png,0.3919769195599511,0.003860230189383173,195.75750000000005
dataset/NW14-0/2.0MapBounded.png,0.3897522951965012,0.003860230189383114,607.7100000000002
dataset/NW14-0/3.0MapBounded.png,0.41259615237167807,0.0038602301893827513,875.2500000000001
dataset/NW14-0/4.0MapBounded.png,0.5904334962328978,0.0038602301893817755,1046.1125000000002
dataset/NW14-0/5.0MapBounded.png,0.4018672536730736,0.003860230189383152,1136.2800000000002
dataset/NW14-0/6.0MapBounded.png,0.19489308678783454,0.003860230189383474,1636.6975000000002
dataset/NW14-0/7.0MapBounded.png,0.05092975929309954,0.0038602301893832036,2007.9525000000003
dataset/NW14-0/8.0MapBounded.png,0.10398369703279939,0.003860230189383141,2196.6650000000004
dataset/NW14-0/9.0MapBounded.png,0.14960956442516604,0.0038602301893832266,2241.7550000000006
dataset/NW14-0/10.0MapBounded.png,0.16975377278465587,0.0038602301893825718,2323.3150000000005
dataset/NW14-0/11.0MapBounded.png,0.13987107710382707,0.0038602301893831572,2490.7775000000006
dataset/NW14-0/12.0MapBounded.png,0.2755887945182122,0.0038602301893837076,2582.9150000000004
dataset/NW14-0/13.0MapBounded.png,0.3989480603862357,0.0038602301893831624,2731.0650000000005
dataset/NW14-0/14.0MapBounded.png,0.3102042418180395,0.0038602301893836304,2752.8350000000005
dataset/NW14-0/15.0MapBounded.png,0.38804653964877844,0.0038602301893831555,2752.2775000000006
dataset/NW14-0/16.0MapBounded.png,0.38804653964877844,0.0038602301893831555,2752.3225000000007
dataset/NW14-0/17.0MapBounded.png,0.38781682776188714,0.0038602301893832227,2752.3225000000007
dataset/NW14-0/18.0MapBounded.png,0.35032868767013153,0.0038602301893831724,2752.3225000000007
dataset/NW14-0/19.0MapBounded.png,0.3483399373010465,0.003860230189383159,2752.3700000000003
dataset/NW14-1/0MapBounded.png,0.467646352634044,0.0038536834037541895,29.462500000000006
dataset/NW14-1/1.0MapBounded.png,0.45789583822681046,0.0038536834037541014,170.56000000000003
dataset/NW14-1/2.0MapBounded.png,0.4220037485703692,0.003853683403753965,233.88500000000005
dataset/NW14-1/3.0MapBounded.png,0.1516548625973353,0.0038536834037541405,275.00000000000006
dataset/NW14-1/4.0MapBounded.png,0.07425482253911991,0.0038536834037541942,352.4750000000001
dataset/NW14-1/5.0MapBounded.png,0.08778916081603681,0.0038536834037539154,589.3475000000001
dataset/NW14-1/6.0MapBounded.png,0.1314068193727743,0.0038536834037539796,737.4400000000002
dataset/NW14-1/7.0MapBounded.png,0.05980880277216067,0.003853683403753853,800.3750000000001
dataset/NW14-1/8.0MapBounded.png,0.18913569728831542,0.003853683403754619,894.1375000000002
dataset/NW14-1/9.0MapBounded.png,0.288021495104224,0.0038536834037540524,1064.755
dataset/NW14-1/10.0MapBounded.png,0.1881303203996726,0.003853683403753674,1086.2725000000003
dataset/NW14-1/11.0MapBounded.png,0.14059522229744553,0.0038536834037542185,1115.5000000000002
dataset/NW14-1/12.0MapBounded.png,0.10101075931919906,0.003853683403754172,1122.63
dataset/NW14-1/13.0MapBounded.png,0.09874411297199466,0.0038536834037542025,1213.7275000000002
dataset/NW14-1/14.0MapBounded.png,0.06428878092371214,0.003853683403754055,1264.4425000000003
dataset/NW14-1/15.0MapBounded.png,0.06302820567148387,0.0038536834037541526,1272.7700000000002
dataset/NW14-1/16.0MapBounded.png,0.10000254264012681,0.003853683403754067,1272.6625000000001
dataset/NW14-1/17.0MapBounded.png,0.10000254264012681,0.003853683403754067,1276.6250000000002
dataset/NW14-1/18.0MapBounded.png,0.02860350042571675,0.003853683403754743,1276.6250000000002
dataset/NW14-1/19.0MapBounded.png,0.02363740067132182,0.0038536834037544722,1276.6725000000004
dataset/NW14-3/0MapBounded.png,0.14138085455012922,0.0026626510930044542,15.890000000000002
dataset/NW14-3/1.0MapBounded.png,0.153168799514587,0.0026626510930043857,205.02500000000003
dataset/NW14-3/2.0MapBounded.png,0.0671772345857277,0.00266265109300446,355.3500000000001
dataset/NW14-3/3.0MapBounded.png,0.12742805531545387,0.002662651093004696,423.05500000000006
dataset/NW14-3/4.0MapBounded.png,0.07655734610694882,0.00266265109300446,549.8300000000002
dataset/NW14-3/5.0MapBounded.png,0.14562282273064703,0.00266265109300462,555.9575000000001
dataset/NW14-3/6.0MapBounded.png,0.04604993162972935,0.002662651093004614,567.8550000000001
dataset/NW14-3/7.0MapBounded.png,0.04604993162972935,0.002662651093004614,567.8600000000001
dataset/NW14-3/8.0MapBounded.png,0.09940804201777062,0.002662651093004319,567.9125000000001
dataset/NW14-3/9.0MapBounded.png,0.09355564027497153,0.0026626510930046884,567.9825000000001
dataset/NW14-4/0MapBounded.png,0.6824492334267148,0.0021798744915114423,16.700000000000003
dataset/NW14-4/1.0MapBounded.png,0.46810447692976764,0.0021798744915112905,231.12500000000006
dataset/NW14-4/2.0MapBounded.png,0.19008117062241506,0.002179874491511435,365.25500000000005
dataset/NW14-4/3.0MapBounded.png,0.11765396513883963,0.0021798744915114913,437.06000000000006
dataset/NW14-4/4.0MapBounded.png,0.0798683568286076,0.002179874491511619,448.2150000000001
dataset/NW14-4/5.0MapBounded.png,0.18554420506610342,0.0021798744915113646,448.0850000000001
dataset/NW14-4/6.0MapBounded.png,0.18554420506610342,0.0021798744915113646,448.0850000000001
dataset/NW14-4/7.0MapBounded.png,0.22568559320980408,0.00217987449151108,448.1575000000001
dataset/NW14-4/8.0MapBounded.png,0.11818768143847572,0.002179874491511897,458.1325000000001
dataset/NW14-5/0MapBounded.png,0.07796506334483926,0.009788158059038751,33.907500000000006
dataset/NW14-5/1.0MapBounded.png,0.0987640873708122,0.009788158059038916,275.32000000000005
dataset/NW14-5/2.0MapBounded.png,0.11276761310338522,0.009788158059039183,379.1600000000001
dataset/NW14-5/3.0MapBounded.png,0.022313583918317188,0.009788158059039584,519.2275000000001
dataset/NW14-5/4.0MapBounded.png,0.14138990210417274,0.009788158059038954,577.0150000000001
dataset/NW14-5/5.0MapBounded.png,0.01491404978668141,0.009788158059038812,593.0850000000002
dataset/NW16-1/0MapBounded.png,0.558465971326468,0.0010262339323390825,41.53750000000001
dataset/NW16-1/1.0MapBounded.png,0.4755388475340931,0.001026233932338882,163.51250000000005
dataset/NW16-1/2.0MapBounded.png,0.4682541633562612,0.0010262339323391118,330.0450000000001
dataset/NW16-1/3.0MapBounded.png,0.37477237184339324,0.0010262339323389889,409.6000000000001
dataset/NW16-1/4.0MapBounded.png,0.3307943228273611,0.0010262339323391346,542.6025000000001
dataset/NW16-1/5.0MapBounded.png,0.2654978477525349,0.0010262339323395568,653.2300000000001
dataset/NW16-1/6.0MapBounded.png,0.27876838542694155,0.0010262339323388854,715.4050000000001
dataset/NW16-1/7.0MapBounded.png,0.14103872299083045,0.0010262339323388917,779.0325000000001
dataset/NW16-1/8.0MapBounded.png,0.2834864729048178,0.0010262339323390678,831.0600000000002
dataset/NW16-1/9.0MapBounded.png,0.40298154384456514,0.0010262339323390184,936.7900000000002
dataset/NW16-1/10.0MapBounded.png,0.4798037215689836,0.0010262339323391268,969.4925000000002
dataset/NW16-1/11.0MapBounded.png,0.4731564429238571,0.0010262339323390153,969.5625000000002
dataset/NW16-1/12.0MapBounded.png,0.3333814042866407,0.0010262339323390953,969.9625000000002
dataset/NW16-1/13.0MapBounded.png,0.3333814042866407,0.0010262339323390953,974.2250000000001
dataset/NW16-1/14.0MapBounded.png,0.3329642332880296,0.0010262339323389663,974.2250000000001
dataset/NW16-2/0MapBounded.png,0.31668367441503076,0.0008125983231916416,29.287500000000005
dataset/NW16-2/1.0MapBounded.png,0.09048528299346059,0.0008125983231916298,161.29500000000004
dataset/NW16-2/2.0MapBounded.png,0.05212633577729244,0.0008125983231916831,239.21000000000004
dataset/NW16-2/3.0MapBounded.png,0.05129697116581998,0.0008125983231917889,265.0975
dataset/NW16-2/4.0MapBounded.png,0.18564559910748885,0.0008125983231915703,505.0500000000001
dataset/NW16-2/5.0MapBounded.png,0.18786984633078035,0.000812598323191674,524.0550000000001
dataset/NW16-2/6.0MapBounded.png,0.18786984633078035,0.000812598323191674,524.1300000000001
dataset/NW16-2/7.0MapBounded.png,0.18799537707738975,0.0008125983231916391,524.1375
dataset/NW16-2/8.0MapBounded.png,0.18799537707738975,0.0008125983231916391,524.1400000000001
dataset/NW16-2/9.0MapBounded.png,0.15172725457414177,0.0008125983231915124,524.2925000000001
dataset/NW16-2/10.0MapBounded.png,0.2989506260188312,0.0008125983231916423,594.8725000000001
dataset/NW16-2/11.0MapBounded.png,0.2022122669624062,0.0008125983231917291,713.2300000000001
dataset/NW16-2/12.0MapBounded.png,0.2754931643921368,0.0008125983231913185,842.8675000000002
dataset/NW16-2/13.0MapBounded.png,0.28058029944376944,0.0008125983231918581,943.5375000000001
dataset/NW16-2/14.0MapBounded.png,0.27734626152775904,0.0008125983231915823,1121.0575000000001
dataset/NW16-2/15.0MapBounded.png,0.33430438338983026,0.0008125983231916542,1208.9050000000002
dataset/NW16-2/16.0MapBounded.png,0.3724263684128161,0.0008125983231911655,1215.8800000000003
dataset/NW16-2/17.0MapBounded.png,0.17611328828618952,0.0008125983231913209,1231.3875000000003
dataset/NW16-2/18.0MapBounded.png,0.05649217465893508,0.0008125983231921515,1235.0400000000002
dataset/NW16-2/19.0MapBounded.png,0.13812360250523326,0.0008125983231916354,1278.4925000000003
dataset/NW16-2/20.0MapBounded.png,0.14065982450351974,0.0008125983231916219,1281.1375000000003
dataset/NW16-2/21.0MapBounded.png,0.17194846806890562,0.0008125983231922682,1297.8000000000002
dataset/NW16-2/22.0MapBounded.png,0.2479159704080639,0.0008125983231919728,1299.0150000000003
dataset/NW16-2/23.0MapBounded.png,0.2479159704080639,0.0008125983231919728,1299.0275000000001
dataset/NW16-2/24.0MapBounded.png,0.4365174929539824,0.0008125983231906172,1299.0525000000002
dataset/NW16-2/25.0MapBounded.png,0.5269303654690666,0.0008125983231916349,1300.6375000000003
dataset/NW16-2/26.0MapBounded.png,0.505428628433456,0.000812598323192461,1300.6150000000002
dataset/NW16-2/27.0MapBounded.png,0.602062996083273,0.0008125983231912456,1300.9025000000001
dataset/NW17-0/0MapBounded.png,0.28908491818728593,0.005603812480642575,144.75000000000003
dataset/NW17-0/1.0MapBounded.png,0.3602299733832955,0.005603812480642643,361.0250000000001
dataset/NW17-0/2.0MapBounded.png,0.2067852606546687,0.005603812480642567,484.61250000000007
dataset/NW17-0/3.0MapBounded.png,0.13407590928991817,0.005603812480642375,575.2000000000002
dataset/NW17-0/4.0MapBounded.png,0.09797805598247934,0.005603812480642957,788.3750000000001
dataset/NW17-0/5.0MapBounded.png,0.08861584893982521,0.005603812480642629,878.1750000000002
dataset/NW17-0/6.0MapBounded.png,0.09491093127379208,0.00560381248064339,968.5200000000002
dataset/NW17-0/7.0MapBounded.png,0.25344942006694215,0.005603812480642365,993.6575000000001
dataset/NW17-0/8.0MapBounded.png,0.21912707488410266,0.005603812480642924,994.6750000000002
dataset/NW17-2/0MapBounded.png,0.996293330294701,0.01037155443957164,22.057500000000005
dataset/NW17-2/1.0MapBounded.png,0.9625219604323075,0.010371554439571667,192.64750000000004
dataset/NW17-2/2.0MapBounded.png,1.3251052927542266,0.010371554439571138,378.5825000000001
dataset/NW17-2/3.0MapBounded.png,1.156679630372123,0.01037155443957172,449.68500000000006
dataset/NW17-2/4.0MapBounded.png,0.8571850823824697,0.010371554439571638,575.7350000000001
dataset/NW17-2/5.0MapBounded.png,0.7487493981812682,0.010371554439571575,691.2575000000002
dataset/NW17-2/6.0MapBounded.png,0.6544107832161361,0.010371554439571419,724.4550000000002
dataset/NW17-2/7.0MapBounded.png,0.31820919339448284,0.010371554439571525,833.7750000000002
dataset/NW17-2/8.0MapBounded.png,0.14745883758239953,0.010371554439571731,897.3675000000002
dataset/NW17-2/9.0MapBounded.png,0.0735977491174286,0.010371554439571835,915.2400000000001
dataset/NW17-2/10.0MapBounded.png,0.04703391848679244,0.01037155443957219,915.3700000000002
dataset/NW17-2/11.0MapBounded.png,0.13838831497263668,0.010371554439571096,986.3675000000002
dataset/NW17-2/12.0MapBounded.png,0.15893071471753956,0.010371554439571823,987.0875000000002
dataset/NW17-2/13.0MapBounded.png,0.0736958188584932,0.01037155443957131,992.1500000000002
dataset/NW17-2/14.0MapBounded.png,0.1226004714400783,0.010371554439571573,996.2625000000002
dataset/NW17-2/15.0MapBounded.png,0.18137740431601465,0.010371554439571655,996.6925000000002
dataset/NW17-2/16.0MapBounded.png,0.13280087611820982,0.010371554439571789,998.1475000000002
dataset/NW17-2/17.0MapBounded.png,0.10390970191365788,0.010371554439572177,996.9625000000002
dataset/NW17-2/18.0MapBounded.png,0.10455924005832927,0.010371554439570654,997.0175000000002
dataset/NW17-2/19.0MapBounded.png,0.149475448836112,0.010371554439571736,997.0200000000002
dataset/NW17-2/20.0MapBounded.png,0.1182811104122345,0.010371554439571606,997.0350000000002
dataset/NW17-2/21.0MapBounded.png,0.14406362754687052,0.01037155443957221,997.0550000000002
dataset/NW17-2/22.0MapBounded.png,0.16506950029728193,0.010371554439571738,997.0825000000002
dataset/NW17-2/23.0MapBounded.png,0.12441734184019838,0.0103715544395714,997.0750000000002
dataset/NW17-2/24.0MapBounded.png,0.1692484061981195,0.010371554439572033,997.0800000000002
dataset/NW17-2/25.0MapBounded.png,0.16911535868959798,0.010371554439572194,997.0900000000001
dataset/NW17-2/26.0MapBounded.png,0.1461276375039368,0.010371554439571959,997.1350000000002
dataset/NW17-2/27.0MapBounded.png,0.1968461056142297,0.010371554439571941,997.1400000000002
dataset/NW17-2/28.0MapBounded.png,0.23731961565315934,0.010371554439572347,997.1675000000002
dataset/NW17-2/29.0MapBounded.png,0.16189001499039038,0.010371554439572226,997.1225000000002
dataset/NW17-2/30.0MapBounded.png,0.2528460532771456,0.010371554439571018,997.1450000000002
dataset/NW17-2/31.0MapBounded.png,0.19731442227181534,0.010371554439571155,997.1475000000002
dataset/NW17-2/32.0MapBounded.png,0.19037463143264638,0.01037155443957098,997.1600000000002
dataset/NW17-2/33.0MapBounded.png,0.17605236203908142,0.010371554439571738,997.1675000000002
dataset/NW17-2/34.0MapBounded.png,0.23361192214860668,0.010371554439571674,997.2075000000002
dataset/NW17-2/35.0MapBounded.png,0.41124584969759465,0.010371554439571658,1000.6500000000002
dataset/NW17-2/36.0MapBounded.png,0.2139382625239173,0.010371554439572018,1000.5650000000002
dataset/NW17-2/37.0MapBounded.png,0.4006869439872416,0.010371554439571693,1001.6375000000002
dataset/NW17-2/38.0MapBounded.png,0.4006869439872416,0.010371554439571693,1001.6450000000002
dataset/NW17-2/39.0MapBounded.png,0.3797648230558989,0.01037155443957171,1010.8050000000002
dataset/NW17-2/40.0MapBounded.png,0.3421990300735006,0.010371554439571386,1010.7350000000002
dataset/NW17-2/41.0MapBounded.png,0.24626048366778672,0.010371554439572054,1014.2325000000002
dataset/NW17-2/42.0MapBounded.png,0.32538125444802063,0.010371554439571301,1022.9250000000002
dataset/NW17-2/43.0MapBounded.png,0.4103139990086446,0.010371554439571625,1022.9150000000002
dataset/NW21-2/0MapBounded.png,0.2163105431145224,0.002432571619943667,25.995000000000005
dataset/NW21-2/1.0MapBounded.png,0.09746315543274192,0.002432571619944056,118.18000000000002
dataset/NW21-2/2.0MapBounded.png,0.02932069276210166,0.002432571619943314,120.65250000000002
dataset/NW21-2/3.0MapBounded.png,0.19161657620887892,0.0024325716199442723,226.60500000000005
dataset/NW21-2/4.0MapBounded.png,0.03390061401178232,0.002432571619943796,235.29250000000005
dataset/NW22-1/0MapBounded.png,0.12033061282723762,0.003698861471765275,59.37250000000001
dataset/NW22-1/1.0MapBounded.png,0.1565710124335731,0.0036988614717652813,285.67250000000007
dataset/NW22-1/2.0MapBounded.png,0.24456502739231378,0.0036988614717658676,413.12000000000006
dataset/NW22-1/3.0MapBounded.png,0.298524590068534,0.003698861471764834,613.1050000000001
dataset/NW22-1/4.0MapBounded.png,0.3461628881422219,0.003698861471766359,748.5800000000002
dataset/NW22-1/5.0MapBounded.png,0.38093731791792845,0.0036988614717653216,781.9600000000002
dataset/NW22-1/6.0MapBounded.png,0.09876636082462005,0.003698861471765283,783.4425000000001
dataset/NW22-1/7.0MapBounded.png,0.11433794095939825,0.0036988614717651616,783.4375000000001
dataset/NW22-1/8.0MapBounded.png,0.13734407410757757,0.003698861471765143,883.2875000000001
dataset/NW22-1/9.0MapBounded.png,0.29199199992297153,0.0036988614717653025,923.3800000000002
dataset/NW22-1/10.0MapBounded.png,0.3148434802213369,0.0036988614717651243,947.1025000000002
dataset/NW22-1/11.0MapBounded.png,0.12027904336114788,0.0036988614717653133,992.0575000000002
dataset/NW22-1/12.0MapBounded.png,0.20643770516279938,0.003698861471764928,992.9625000000002
dataset/NW22-1/13.0MapBounded.png,0.0585683561865317,0.003698861471764947,1000.5925000000002
dataset/NW22-1/14.0MapBounded.png,0.2550715520519089,0.0036988614717652765,1063.9025000000001
dataset/NW22-1/15.0MapBounded.png,0.22134752264211904,0.0036988614717652036,1073.6525000000001
dataset/NW22-1/16.0MapBounded.png,0.19708306089125663,0.003698861471765282,1079.7675000000002
dataset/NW22-1/17.0MapBounded.png,0.11177373024187592,0.0036988614717658515,1079.63
dataset/NW22-1/18.0MapBounded.png,0.06193869911474496,0.003698861471765205,1079.4975000000002
dataset/NW22-1/19.0MapBounded.png,0.05664677024615193,0.0036988614717652834,1080.3000000000002
dataset/NW22-1/20.0MapBounded.png,0.06713366105075476,0.0036988614717651273,1080.1725000000001
dataset/NW22-2/0MapBounded.png,0.5977916776570367,0.002409297739464327,10.645000000000001
dataset/NW22-2/1.0MapBounded.png,0.49771553823031617,0.0024092977394647376,102.58250000000002
dataset/NW22-2/2.0MapBounded.png,0.4622766535963236,0.0024092977394644046,279.20000000000005
dataset/NW22-2/3.0MapBounded.png,0.4818987458643115,0.002409297739464458,307.90250000000003
dataset/NW22-2/4.0MapBounded.png,0.17266527690743957,0.0024092977394639457,412.8250000000001
dataset/NW22-2/5.0MapBounded.png,0.30266677892475063,0.002409297739464501,449.17250000000007
dataset/NW22-2/6.0MapBounded.png,0.08862028205135078,0.002409297739464342,470.0150000000001
dataset/NW22-2/7.0MapBounded.png,0.1791696550732715,0.0024092977394645516,481.2000000000001
dataset/NW22-2/8.0MapBounded.png,0.18671039395220226,0.0024092977394643287,481.2550000000001
dataset/NW22-2/9.0MapBounded.png,0.18671039395220226,0.0024092977394643287,481.2125000000001
dataset/NW22-2/10.0MapBounded.png,0.18671039395220226,0.0024092977394643287,481.2125000000001
dataset/NW22-2/11.0MapBounded.png,0.25251528749876906,0.0024092977394646283,481.61000000000007
dataset/NW22-2/12.0MapBounded.png,0.4946862609078966,0.002409297739464679,481.8775000000001
dataset/NW22-2/13.0MapBounded.png,0.45484405204726563,0.0024092977394646604,493.2300000000001
dataset/NW61-1/0MapBounded.png,0.09740182194250545,0.0058037210716731236,16.417500000000004
dataset/NW61-1/1.0MapBounded.png,0.11908244831330494,0.005803721071672801,112.56500000000003
dataset/NW61-1/2.0MapBounded.png,0.05311459346140521,0.0058037210716733525,155.84000000000003
dataset/NW61-1/3.0MapBounded.png,0.06984719064902928,0.005803721071673054,176.45000000000005
dataset/NW61-1/4.0MapBounded.png,0.06984719064902928,0.005803721071673054,179.57500000000005
dataset/NW61-1/5.0MapBounded.png,0.019046823824479284,0.005803721071673083,179.59500000000003
dataset/NW61-2/0MapBounded.png,0.0745404856555334,0.01614926408031353,10.850000000000001
dataset/NW61-2/1.0MapBounded.png,0.042904479999197644,0.016149264080313388,28.532500000000006
dataset/NW61-2/2.0MapBounded.png,0.021030297323041514,0.0161492640803135,55.89250000000001
dataset/NW61-2/3.0MapBounded.png,0.008447476106829723,0.016149264080313683,65.63250000000001
dataset/NW61-2/4.0MapBounded.png,0.027844237603217307,0.01614926408031351,65.63250000000001
dataset/NW61-3/0MapBounded.png,0.0016352926473217817,0.0011324568996116107,9.820000000000002
dataset/NW61-3/1.0MapBounded.png,0.0006587706285256432,0.0011324568996116302,24.565000000000005
dataset/NW61-4/0MapBounded.png,0.039476300313977225,0.014761926212891699,8.5225
dataset/NW61-4/1.0MapBounded.png,0.025993645649104766,0.014761926212891333,31.217500000000005
dataset/NW61-4/2.0MapBounded.png,0.0039438003475781806,0.014761926212891605,47.602500000000006
dataset/NW61-4/3.0MapBounded.png,0.0039438003475781806,0.014761926212891605,47.602500000000006
dataset/NW61-4/4.0MapBounded.png,0.005784293389330037,0.014761926212891633,47.602500000000006
dataset/W1-0/0MapBounded.png,0.127913273758801,0.011852990820561862,15.467500000000003
dataset/W1-0/1.0MapBounded.png,0.11185752740293232,0.011852990820561961,131.83
dataset/W1-0/2.0MapBounded.png,0.2000579455674532,0.01185299082056186,188.29250000000005
dataset/W1-0/3.0MapBounded.png,0.2566982595221366,0.011852990820562227,309.00000000000006
dataset/W1-0/4.0MapBounded.png,0.06192048197623186,0.01185299082056184,362.4675000000001
dataset/W1-0/5.0MapBounded.png,0.2614359481881947,0.011852990820562414,402.18250000000006
dataset/W1-0/6.0MapBounded.png,0.0798340139749382,0.011852990820562088,437.3250000000001
dataset/W20-0/0MapBounded.png,2.2333510222411683,0.004286080966441217,25.037500000000005
dataset/W20-0/1.0MapBounded.png,2.696889778769123,0.004286080966441121,159.24750000000003
dataset/W20-0/2.0MapBounded.png,3.0988465367132023,0.004286080966441483,672.7750000000001
dataset/W20-0/3.0MapBounded.png,2.3436555020270142,0.004286080966441252,865.9900000000001
dataset/W20-0/4.0MapBounded.png,2.78418447899345,0.004286080966440796,944.1900000000002
dataset/W20-0/5.0MapBounded.png,3.2898533470559848,0.004286080966441239,960.0325000000001
dataset/W20-0/6.0MapBounded.png,2.9408174887405436,0.004286080966441184,1049.7125
dataset/W20-0/7.0MapBounded.png,2.740527091696738,0.004286080966441258,1119.2025000000003
dataset/W20-0/8.0MapBounded.png,2.740527091696738,0.004286080966441258,1119.2025000000003
dataset/W20-0/9.0MapBounded.png,3.3912421053933723,0.004286080966441146,1176.3150000000003
dataset/W20-0/10.0MapBounded.png,2.2987763686811977,0.00428608096644123,1253.7775000000001
dataset/W20-0/11.0MapBounded.png,2.1207976474631574,0.004286080966441247,1451.5300000000002
dataset/W20-0/12.0MapBounded.png,2.616457609666106,0.004286080966441189,1593.0450000000003
dataset/W20-0/13.0MapBounded.png,1.6151441087260823,0.004286080966441349,1608.2875000000004
dataset/W20-0/14.0MapBounded.png,1.5799183987589318,0.004286080966441661,1662.5375000000004
dataset/W20-0/15.0MapBounded.png,2.046454655602428,0.004286080966440961,1780.5725000000004
dataset/W20-0/16.0MapBounded.png,2.357742385381972,0.004286080966441133,1837.5625000000005
dataset/W20-0/17.0MapBounded.png,2.800310022312937,0.004286080966441123,1928.7475000000004
dataset/W20-0/18.0MapBounded.png,2.273349501298723,0.004286080966441799,2079.0575000000003
dataset/W20-0/19.0MapBounded.png,2.2603991619760615,0.0042860809664412155,2091.4650000000006
dataset/W20-0/20.0MapBounded.png,2.8644329217481177,0.0042860809664411765,2109.5925
dataset/W20-0/21.0MapBounded.png,2.4385850689566264,0.004286080966440803,2113.9350000000004
dataset/W20-0/22.0MapBounded.png,2.272728831147034,0.0042860809664410845,2157.6950000000006
dataset/W20-0/23.0MapBounded.png,1.8230916403744988,0.00428608096644119,2157.9250000000006
dataset/W20-0/24.0MapBounded.png,1.9629559977504547,0.004286080966441979,2157.9025000000006
dataset/W20-0/25.0MapBounded.png,1.9476968859004518,0.0042860809664416015,2157.9200000000005
dataset/W20-0/26.0MapBounded.png,1.9286806941638215,0.004286080966440949,2162.8125000000005
dataset/W20-0/27.0MapBounded.png,1.6946162646329594,0.004286080966441409,2164.8525000000004
dataset/W20-0/28.0MapBounded.png,1.452209394449261,0.004286080966441167,2164.8550000000005
dataset/W20-0/29.0MapBounded.png,0.7246696351360309,0.004286080966441216,2164.8575000000005
dataset/W20-0/30.0MapBounded.png,0.19115204108489514,0.004286080966441221,2164.5625000000005
dataset/W20-0/31.0MapBounded.png,0.916171364015526,0.004286080966440559,2164.4625000000005
dataset/W20-0/32.0MapBounded.png,1.2775017949551561,0.004286080966441222,2164.5150000000003
dataset/W20-0/33.0MapBounded.png,2.1707351423612344,0.004286080966441263,2164.4950000000003
dataset/W20-0/34.0MapBounded.png,2.7483218937656293,0.004286080966441216,2164.5200000000004
dataset/W20-0/35.0MapBounded.png,3.5469648461221754,0.004286080966440775,2164.5225000000005
dataset/W20-0/36.0MapBounded.png,4.170635175956967,0.0042860809664404895,2165.8200000000006
dataset/W20-0/37.0MapBounded.png,4.440265789777629,0.004286080966441271,2165.8250000000003
dataset/W20-0/38.0MapBounded.png,4.127127101405706,0.004286080966441678,2178.2675000000004
dataset/W20-0/39.0MapBounded.png,4.127127101405706,0.004286080966441678,2178.2675000000004
dataset/W20-0/40.0MapBounded.png,4.957553079130076,0.004286080966441404,2178.2750000000005
dataset/W20-0/41.0MapBounded.png,3.474667930740186,0.004286080966441194,2179.3125000000005
dataset/W20-0/42.0MapBounded.png,3.683236622534439,0.004286080966441203,2186.1100000000006
dataset/W20-0/43.0MapBounded.png,4.35632279386964,0.004286080966441193,2187.6575000000003
dataset/W20-0/44.0MapBounded.png,3.175091939483452,0.004286080966441376,2202.1225000000004
dataset/W20-0/45.0MapBounded.png,2.960965399333433,0.004286080966440877,2203.3700000000003
dataset/W20-0/46.0MapBounded.png,3.1524218204562606,0.004286080966441194,2203.4675000000007
dataset/W20-0/47.0MapBounded.png,3.0644869287193837,0.0042860809664412155,2204.2100000000005
dataset/W20-0/48.0MapBounded.png,3.2321581188566686,0.004286080966441211,2209.8825000000006
dataset/W20-0/49.0MapBounded.png,2.9069000927637325,0.0042860809664411565,2211.0725
dataset/W20-0/50.0MapBounded.png,2.7682202802354663,0.0042860809664409935,2213.1850000000004
dataset/W20-0/51.0MapBounded.png,2.7682202802354663,0.0042860809664409935,2213.2875000000004
dataset/W20-1/0MapBounded.png,0.18946685609039987,0.0008077221552599156,67.40000000000002
dataset/W20-1/1.0MapBounded.png,0.057660314759228594,0.0008077221552607582,543.8575000000001
dataset/W20-1/2.0MapBounded.png,0.1106421206017017,0.0008077221552609239,902.0875000000002
dataset/W20-1/3.0MapBounded.png,0.10507312428098728,0.000807722155260262,902.4050000000002
dataset/W20-1/4.0MapBounded.png,0.14260740447807918,0.0008077221552595967,902.3950000000002
dataset/W20-1/5.0MapBounded.png,0.16213260232450205,0.0008077221552599158,1138.0350000000003
dataset/W20-1/6.0MapBounded.png,0.05302984999259952,0.0008077221552599031,1243.3175000000003
dataset/W20-1/7.0MapBounded.png,0.11652645378420197,0.0008077221552599812,1453.5900000000004
dataset/W20-1/8.0MapBounded.png,0.16590039632567305,0.0008077221552598536,1619.2850000000003
dataset/W20-1/9.0MapBounded.png,0.059878669046355255,0.0008077221552599759,1902.8600000000004
dataset/W20-1/10.0MapBounded.png,0.1315769170584116,0.000807722155259765,2029.2525000000003
dataset/W20-1/11.0MapBounded.png,0.027465319903537344,0.0008077221552598173,2025.6950000000004
dataset/W20-4/0MapBounded.png,0.06262962159569162,0.0005538092438236805,79.81250000000001
dataset/W20-4/1.0MapBounded.png,0.05505299093621869,0.0005538092438235594,354.73500000000007
dataset/W20-4/2.0MapBounded.png,0.10851913382071436,0.0005538092438233293,466.5225000000001
dataset/W20-4/3.0MapBounded.png,0.06864258026127401,0.000553809243823671,664.0300000000001
dataset/W20-4/4.0MapBounded.png,0.017572201410092275,0.0005538092438235738,769.9425000000001
dataset/W20-4/5.0MapBounded.png,0.015812034632755597,0.0005538092438235202,769.9650000000001
dataset/W20-4/6.0MapBounded.png,0.004803509244333634,0.0005538092438237984,770.0100000000001
dataset/W20-4/7.0MapBounded.png,0.004803509244333634,0.0005538092438237984,770.0200000000001
dataset/W20-4/8.0MapBounded.png,0.004803509244333634,0.0005538092438237984,770.0300000000002
dataset/W20-4/9.0MapBounded.png,0.004803509244333634,0.0005538092438237984,770.0500000000002
dataset/W20-4/10.0MapBounded.png,0.004803509244333634,0.0005538092438237984,770.0675000000001
dataset/W20-4/11.0MapBounded.png,0.004803509244333634,0.0005538092438237984,770.0850000000002
dataset/W20-4/12.0MapBounded.png,0.004803509244333634,0.0005538092438237984,770.0975000000002
dataset/W20-4/13.0MapBounded.png,0.004803509244333634,0.0005538092438237984,770.1300000000001
dataset/W20-4/14.0MapBounded.png,0.004803509244333634,0.0005538092438237984,770.1400000000001
dataset/W20-4/15.0MapBounded.png,0.0013322513177755745,0.0005538092438236899,770.2450000000001
dataset/W20-5/0MapBounded.png,0.3119180367232148,0.0028989090137999554,91.06750000000002
dataset/W20-5/1.0MapBounded.png,0.35558807436391915,0.0028989090137998097,459.2100000000001
dataset/W20-5/2.0MapBounded.png,0.3389559150165136,0.002898909013799756,659.2425000000002
dataset/W20-5/3.0MapBounded.png,0.35905340783478057,0.0028989090137999654,795.8625000000002
dataset/W20-5/4.0MapBounded.png,0.17080611955934644,0.0028989090137999797,828.2300000000001
dataset/W20-5/5.0MapBounded.png,0.20718317606922118,0.0028989090138000374,875.0200000000002
dataset/W20-5/6.0MapBounded.png,0.13930631622324247,0.0028989090138013063,968.7975000000002
dataset/W20-5/7.0MapBounded.png,0.14039992821514338,0.002898909013799727,974.9950000000002
dataset/W20-5/8.0MapBounded.png,0.22967122648922011,0.0028989090138001206,974.9075000000001
dataset/W20-5/9.0MapBounded.png,0.22967122648922011,0.0028989090138001206,974.9075000000001
dataset/W20-5/10.0MapBounded.png,0.09439014917921099,0.0028989090137992684,974.8125000000002
dataset/W20-5/11.0MapBounded.png,0.03568571739323039,0.0028989090138001497,974.7550000000002
dataset/W31-2/0MapBounded.png,0.04739056457083306,0.0035136135222688077,11.757500000000002
dataset/W31-2/1.0MapBounded.png,0.19657245991850897,0.0035136135222683376,116.36500000000002
dataset/W31-2/2.0MapBounded.png,0.05634951706216557,0.003513613522269524,187.05500000000004
dataset/W31-2/3.0MapBounded.png,0.23179415539598505,0.0035136135222687552,269.89500000000004
dataset/W31-2/4.0MapBounded.png,0.17600270866422527,0.0035136135222687916,303.5300000000001
dataset/W31-2/5.0MapBounded.png,0.06985138650261671,0.0035136135222688203,306.63000000000005
dataset/W31-2/6.0MapBounded.png,0.06869857487910071,0.0035136135222688047,306.63000000000005
dataset/W31-2/7.0MapBounded.png,0.08186007593372491,0.0035136135222693975,306.6550000000001
dataset/W31-3/0MapBounded.png,0.2112311113330913,0.012905025191419589,21.390000000000004
dataset/W31-3/1.0MapBounded.png,0.1578072604527349,0.01290502519141962,107.88250000000002
dataset/W31-3/2.0MapBounded.png,0.026197645227370864,0.01290502519141959,168.08250000000004
dataset/W31-3/3.0MapBounded.png,0.1372744582198852,0.012905025191419398,178.62750000000003
dataset/W31-3/4.0MapBounded.png,0.032464530211188176,0.01290502519142002,178.60000000000002
dataset/W31-3/5.0MapBounded.png,0.032464530211188176,0.01290502519142002,178.60000000000002
dataset/W31-3/6.0MapBounded.png,0.06992018331329555,0.012905025191419516,179.35500000000005
dataset/W32-0/0MapBounded.png,0.6081424612824745,0.0008860441338941263,44.14000000000001
dataset/W32-0/1.0MapBounded.png,0.5381381246713421,0.0008860441338941103,323.56500000000005
dataset/W32-0/2.0MapBounded.png,0.21909943047084635,0.000886044133894736,336.32000000000005
dataset/W32-0/3.0MapBounded.png,0.1638731638224493,0.0008860441338935179,736.3300000000002
dataset/W32-0/4.0MapBounded.png,0.30037892863385723,0.0008860441338940804,827.2850000000002
dataset/W32-0/5.0MapBounded.png,0.1488976152636162,0.0008860441338942035,873.4450000000002
dataset/W32-0/6.0MapBounded.png,0.313958443774101,0.0008860441338941663,918.9825000000002
dataset/W32-0/7.0MapBounded.png,0.30284418934074764,0.0008860441338942917,946.5275000000001
dataset/W32-0/8.0MapBounded.png,0.30284418934074764,0.0008860441338942917,946.8425000000002
dataset/W32-0/9.0MapBounded.png,0.23364878775849993,0.0008860441338933838,946.9150000000002
dataset/W32-0/10.0MapBounded.png,0.11931848004375954,0.000886044133893367,964.2625000000002
dataset/W32-1/0MapBounded.png,0.036140062663476975,0.007253485505357723,16.220000000000002
dataset/W32-1/1.0MapBounded.png,0.0020769416740149243,0.007253485505357779,206.79500000000004
dataset/W32-1/2.0MapBounded.png,0.0014613336752457655,0.007253485505357796,206.80500000000004
dataset/W35-1/0MapBounded.png,0.707696578412452,0.004113486646016984,244.18500000000006
dataset/W35-1/1.0MapBounded.png,0.6990818725981989,0.004113486646016669,565.8425000000001
dataset/W35-1/2.0MapBounded.png,0.7445280691062652,0.004113486646016888,767.5225000000002
dataset/W35-1/3.0MapBounded.png,0.7870955596043133,0.004113486646017138,921.9900000000001
dataset/W35-1/4.0MapBounded.png,0.739804524252742,0.004113486646017273,1204.6000000000001
dataset/W35-1/5.0MapBounded.png,0.7632463501977433,0.004113486646017019,1438.6025000000002
dataset/W35-1/6.0MapBounded.png,0.6720426048164514,0.004113486646018308,1734.5700000000004
dataset/W35-1/7.0MapBounded.png,0.5289579333158507,0.004113486646016958,1924.6150000000005
dataset/W35-1/8.0MapBounded.png,0.40780740815877087,0.004113486646017414,2184.1275000000005
dataset/W35-1/9.0MapBounded.png,0.2055424960713062,0.004113486646016967,2212.2000000000003
dataset/W35-1/10.0MapBounded.png,0.24558160242006657,0.004113486646017239,2588.1100000000006
dataset/W35-1/11.0MapBounded.png,0.14564577987687768,0.004113486646017127,2652.3275000000003
dataset/W35-1/12.0MapBounded.png,0.3038859096366113,0.00411348664601694,2685.1025000000004
dataset/W35-1/13.0MapBounded.png,0.36432393882400593,0.0041134866460167795,2685.6550000000007
dataset/W35-1/14.0MapBounded.png,0.3100278431844871,0.004113486646016698,2750.2875000000004
dataset/W35-1/15.0MapBounded.png,0.21270104762848865,0.0041134866460173945,2886.4725000000008
dataset/W35-1/16.0MapBounded.png,0.2761147496525293,0.0041134866460168845,3121.3250000000007
dataset/W35-1/17.0MapBounded.png,0.2761147496525293,0.0041134866460168845,3145.2150000000006
dataset/W35-1/18.0MapBounded.png,0.3152385486254129,0.004113486646017341,3145.2125000000005
dataset/W35-1/19.0MapBounded.png,0.06475988438094459,0.0041134866460169756,3187.2400000000007
dataset/W35-1/20.0MapBounded.png,0.287365254788318,0.004113486646016973,3235.3950000000004
dataset/W35-1/21.0MapBounded.png,0.4488914482729356,0.004113486646017066,3281.8950000000004
dataset/W35-1/22.0MapBounded.png,0.5322067825382688,0.0041134866460170675,3282.2175000000007
dataset/W35-1/23.0MapBounded.png,0.8293305279024127,0.004113486646016984,3282.7975000000006
dataset/W35-1/24.0MapBounded.png,0.8293305279024127,0.004113486646016984,3306.4700000000007
dataset/W35-1/25.0MapBounded.png,0.9117687324049115,0.0041134866460175905,3306.5750000000007
dataset/W35-1/26.0MapBounded.png,0.827522117484013,0.004113486646017043,3320.2800000000007
dataset/W35-1/27.0MapBounded.png,0.6482325663720869,0.004113486646016983,3326.455000000001
dataset/W35-1/28.0MapBounded.png,0.6452954509926425,0.004113486646016945,3334.4075000000007
dataset/W35-1/29.0MapBounded.png,0.5774107364359029,0.004113486646017493,3334.7425000000007
dataset/W35-3/0MapBounded.png,0.3025688991293415,0.0031251770454740284,78.16750000000002
dataset/W35-3/1.0MapBounded.png,0.2994911854548614,0.0031251770454735757,607.4750000000001
dataset/W35-3/2.0MapBounded.png,0.08157405540018277,0.0031251770454740514,960.8225000000002
dataset/W35-3/3.0MapBounded.png,0.12986674615611665,0.0031251770454751296,1187.2575000000002
dataset/W35-3/4.0MapBounded.png,0.07157156021293025,0.003125177045474028,1340.0250000000003
dataset/W35-3/5.0MapBounded.png,0.2812717030199622,0.0031251770454740393,1538.4900000000002
dataset/W35-3/6.0MapBounded.png,0.18022341599180483,0.003125177045473946,1566.3650000000002
dataset/W35-3/7.0MapBounded.png,0.06647727415761007,0.0031251770454738155,1634.0650000000003
dataset/W35-3/8.0MapBounded.png,0.06044235619646656,0.0031251770454738255,1633.9325000000003
dataset/W35-3/9.0MapBounded.png,0.22800839136870354,0.003125177045474035,1633.9725000000003
dataset/W35-3/10.0MapBounded.png,0.36062789644060406,0.0031251770454739955,1634.0350000000003
dataset/W35-3/11.0MapBounded.png,0.02586162962470101,0.0031251770454738125,1656.8575000000003
dataset/W35-3/12.0MapBounded.png,0.08097696054430367,0.003125177045474063,1763.8825000000004
dataset/W35-3/13.0MapBounded.png,0.19103097588654824,0.0031251770454740336,1786.7400000000002
dataset/W35-3/14.0MapBounded.png,0.18933935406178473,0.0031251770454740293,1786.7275000000004
dataset/W35-3/15.0MapBounded.png,0.21712711948741786,0.003125177045474097,1786.7275000000004
dataset/W35-3/16.0MapBounded.png,0.21105336682098436,0.0031251770454741846,1786.7050000000004
dataset/W35-3/17.0MapBounded.png,0.22399270794338091,0.0031251770454740046,1786.7125000000003
dataset/W4-5/0MapBounded.png,0.15448602619723606,0.00830697313915503,8.847500000000002
dataset/W4-5/1.0MapBounded.png,0.1709091265353682,0.008306973139155401,64.1025
dataset/W4-5/2.0MapBounded.png,0.045234577121466266,0.008306973139155042,112.43500000000002
dataset/W4-5/3.0MapBounded.png,0.06474258425886147,0.008306973139154959,134.15750000000003
dataset/W4-5/4.0MapBounded.png,0.06474258425886147,0.008306973139154959,134.14000000000001
dataset/W4-5/5.0MapBounded.png,0.06776492214928782,0.008306973139154971,134.13250000000002
dataset/W4-5/6.0MapBounded.png,0.0643531460357804,0.008306973139154461,200.98500000000004
dataset/W4-5/7.0MapBounded.png,0.07512013349579107,0.008306973139155037,254.56750000000005
dataset/W4-5/8.0MapBounded.png,0.06415293151229165,0.008306973139155021,282.64500000000004
dataset/W4-5/9.0MapBounded.png,0.01914986450207073,0.008306973139155035,287.61750000000006
dataset/W4-7/0MapBounded.png,0.03529033594140919,0.006037878443157814,7.570000000000001
dataset/W4-7/1.0MapBounded.png,0.16407214601495365,0.006037878443158016,103.16000000000003
dataset/W4-7/2.0MapBounded.png,0.1259466777301272,0.006037878443157939,171.26500000000004
dataset/W4-7/3.0MapBounded.png,0.2026774708977983,0.006037878443157786,237.55000000000004
dataset/W4-7/4.0MapBounded.png,0.08473829899364996,0.006037878443157614,287.90250000000003
dataset/W4-7/5.0MapBounded.png,0.0431511711432408,0.006037878443157742,289.90000000000003
dataset/W4-7/6.0MapBounded.png,0.0431511711432408,0.006037878443157742,289.94750000000005
dataset/W4-7/7.0MapBounded.png,0.12596642962410529,0.006037878443157819,289.94500000000005
dataset/W5-1/0MapBounded.png,0.16421247324077945,0.01479621888632306,17.292500000000004
dataset/W5-1/1.0MapBounded.png,0.06846691323497929,0.01479621888632292,91.35000000000002
dataset/W5-1/2.0MapBounded.png,0.13668116509920106,0.014796218886323043,129.51250000000002
dataset/W5-1/3.0MapBounded.png,0.11598924090276994,0.014796218886323062,170.89000000000004
dataset/W5-1/4.0MapBounded.png,0.1214883089827816,0.014796218886322935,175.05500000000004
dataset/W5-1/5.0MapBounded.png,0.1214883089827816,0.014796218886322935,175.05500000000004
dataset/W5-1/6.0MapBounded.png,0.35598071217710914,0.014796218886323017,187.61000000000004
dataset/W5-1/7.0MapBounded.png,0.353059630223624,0.014796218886323114,187.60250000000005
dataset/W59-0/0MapBounded.png,0.15603074682158544,0.0013778724440878633,65.15750000000001
dataset/W59-0/1.0MapBounded.png,0.12109009662422146,0.0013778724440878774,312.70250000000004
dataset/W59-0/2.0MapBounded.png,0.01943594974735454,0.001377872444087615,417.55500000000006
dataset/W59-0/3.0MapBounded.png,0.03737783335945548,0.0013778724440880043,483.29750000000007
dataset/W59-0/4.0MapBounded.png,0.0920870300221553,0.0013778724440883362,534.1500000000001
dataset/W59-0/5.0MapBounded.png,0.14367070151628844,0.0013778724440878603,574.9425000000001
dataset/W59-0/6.0MapBounded.png,0.06363424082740667,0.001377872444087861,617.2550000000001
dataset/W59-0/7.0MapBounded.png,0.11064274695150222,0.0013778724440878718,648.1725000000001
dataset/W59-0/8.0MapBounded.png,0.09577498830128467,0.001377872444087843,648.1950000000002
dataset/W59-0/9.0MapBounded.png,0.09653881924221255,0.001377872444087382,648.1950000000002
dataset/W59-0/10.0MapBounded.png,0.10979972236129164,0.0013778724440878755,718.7425000000002
dataset/W59-0/11.0MapBounded.png,0.13440520785002782,0.0013778724440878403,765.4050000000002
dataset/W59-0/12.0MapBounded.png,0.08535691811130694,0.0013778724440878438,765.3575000000002
dataset/W59-0/13.0MapBounded.png,0.09860733338580563,0.0013778724440884921,765.9125000000001
dataset/W59-2/0MapBounded.png,0.22061779008201757,0.01602839725675433,16.137500000000003
dataset/W59-2/1.0MapBounded.png,0.267108234035775,0.01602839725675386,150.00000000000003
dataset/W59-2/2.0MapBounded.png,0.2552606914845472,0.016028397256754305,221.89500000000004
dataset/W59-2/3.0MapBounded.png,0.28489882720559784,0.016028397256754798,323.2900000000001
dataset/W59-2/4.0MapBounded.png,0.08626361102015162,0.016028397256754888,375.1050000000001
dataset/W59-2/5.0MapBounded.png,0.3221423876508869,0.016028397256754704,379.68000000000006
dataset/W59-2/6.0MapBounded.png,0.2980651369009293,0.016028397256754336,395.3900000000001
dataset/W59-2/7.0MapBounded.png,0.28482080082016026,0.016028397256754517,400.9675000000001
dataset/W59-2/8.0MapBounded.png,0.27084433839959643,0.016028397256754284,400.9675000000001
dataset/W59-2/9.0MapBounded.png,0.24635152342729597,0.016028397256754458,401.11750000000006
dataset/W61-0/0MapBounded.png,0.20241402468695752,0.019682758147992762,34.56000000000001
dataset/W61-0/1.0MapBounded.png,0.13048257045292527,0.019682758147992575,194.37000000000003
dataset/W61-0/2.0MapBounded.png,0.18594415948554863,0.01968275814799238,299.49500000000006
dataset/W61-0/3.0MapBounded.png,0.17075806022872317,0.019682758147992897,541.5875000000001
dataset/W61-0/4.0MapBounded.png,0.21038434348461882,0.019682758147993636,606.4575000000001
dataset/W61-0/5.0MapBounded.png,0.012745194986994647,0.019682758147992748,659.9775000000001
dataset/W61-0/6.0MapBounded.png,0.01252932894131612,0.019682758147992006,660.8250000000002
dataset/W61-0/7.0MapBounded.png,0.01252932894131612,0.019682758147992006,660.8525000000001
dataset/W61-0/8.0MapBounded.png,0.01252932894131612,0.019682758147992006,660.8550000000001
dataset/W61-0/9.0MapBounded.png,0.16030906373497525,0.01968275814799248,660.8850000000001
dataset/W61-0/10.0MapBounded.png,0.05666626045919735,0.019682758147992724,696.8975000000002
dataset/W61-000/0MapBounded.png,0.3271641508156931,0.0046447274064050715,34.56250000000001
dataset/W61-000/1.0MapBounded.png,0.19103913439356598,0.0046447274064053325,198.71750000000003
dataset/W61-000/2.0MapBounded.png,0.14822126648437708,0.004644727406404645,267.29750000000007
dataset/W61-000/3.0MapBounded.png,0.13252745777393618,0.004644727406405036,273.39000000000004
dataset/W61-000/4.0MapBounded.png,0.10907938108090907,0.004644727406405025,277.07250000000005
dataset/W61-000/5.0MapBounded.png,0.08146889585370581,0.004644727406405024,287.55750000000006
dataset/W61-000/6.0MapBounded.png,0.05455590064868344,0.004644727406404527,292.82750000000004
dataset/W7-0/0MapBounded.png,0.1436800364144445,0.0010871308407672338,161.83000000000004
dataset/W7-0/1.0MapBounded.png,0.25367994621018,0.0010871308407668708,384.4125000000001
dataset/W7-0/2.0MapBounded.png,0.2606388225669347,0.001087130840767059,519.4625000000001
dataset/W7-0/3.0MapBounded.png,0.0833819935542618,0.0010871308407672917,668.6975000000001
dataset/W7-0/4.0MapBounded.png,0.02523131502839685,0.0010871308407672056,811.6275000000002
dataset/W7-0/5.0MapBounded.png,0.06313209614603897,0.0010871308407673366,875.7100000000002
dataset/W7-0/6.0MapBounded.png,0.059482819560163505,0.0010871308407677173,909.3500000000001
dataset/W7-0/7.0MapBounded.png,0.04779739577114978,0.0010871308407676577,918.1250000000002
dataset/W7-0/8.0MapBounded.png,0.08110019988664838,0.001087130840767338,959.6725000000002
dataset/W7-1/0MapBounded.png,0.11893797579296896,0.01651333730767646,36.66250000000001
dataset/W7-1/1.0MapBounded.png,0.007707388600020647,0.01651333730767666,105.65000000000002
dataset/W7-1/2.0MapBounded.png,0.15752579154062452,0.016513337307676287,333.2275000000001
dataset/W7-1/3.0MapBounded.png,0.09884913662808674,0.016513337307676446,469.0125000000001
dataset/W7-1/4.0MapBounded.png,0.0942154529495544,0.01651333730767647,503.3225000000001
dataset/W7-1/5.0MapBounded.png,0.08291669966128122,0.01651333730767687,503.3575000000001
dataset/W7-1/6.0MapBounded.png,0.17579300386226518,0.016513337307676446,693.5925000000001
dataset/W7-1/7.0MapBounded.png,0.029271504617105076,0.016513337307676366,733.3025000000001
dataset/W7-1/8.0MapBounded.png,0.029271504617105076,0.016513337307676366,733.3525000000002
dataset/W7-1/9.0MapBounded.png,0.029271504617105076,0.016513337307676366,733.3525000000002
dataset/W7-1/10.0MapBounded.png,0.029271504617105076,0.016513337307676366,733.3600000000001
dataset/W7-2/0MapBounded.png,0.48950189628319896,0.0030252881647538856,16.617500000000003
dataset/W7-2/1.0MapBounded.png,0.5638711948566661,0.003025288164753575,158.82250000000002
dataset/W7-2/2.0MapBounded.png,0.650491496635864,0.0030252881647543774,281.08250000000004
dataset/W7-2/3.0MapBounded.png,0.536415679542114,0.003025288164754377,284.50250000000005
dataset/W7-2/4.0MapBounded.png,0.5090562296039907,0.003025288164753871,371.0425000000001
dataset/W7-2/5.0MapBounded.png,0.5231512384120925,0.003025288164753884,510.9825000000001
dataset/W7-2/6.0MapBounded.png,0.3956739273601683,0.0030252881647536106,560.5600000000001
dataset/W7-2/7.0MapBounded.png,0.5200248317583964,0.0030252881647536392,611.0050000000001
dataset/W7-2/8.0MapBounded.png,0.21337079557370675,0.0030252881647531045,743.3025000000001
dataset/W7-2/9.0MapBounded.png,0.14908571650287766,0.0030252881647539567,846.5450000000002
dataset/W7-2/10.0MapBounded.png,0.1332199892843102,0.0030252881647543713,976.9150000000002
dataset/W7-2/11.0MapBounded.png,0.1580465179788188,0.003025288164753991,1125.4225000000001
dataset/W7-2/12.0MapBounded.png,0.21724948300773975,0.003025288164753919,1166.1075000000003
dataset/W7-2/13.0MapBounded.png,0.16741916175186153,0.0030252881647537845,1171.7375000000002
dataset/W7-2/14.0MapBounded.png,0.6017700284813964,0.003025288164753733,1171.5725000000002
dataset/W7-2/15.0MapBounded.png,0.6676735854561914,0.0030252881647539953,1172.0425000000002
dataset/W7-2/16.0MapBounded.png,0.650835538888085,0.0030252881647538903,1173.6250000000002
dataset/W7-3/0MapBounded.png,2.8824185931236115,0.004266976314810451,19.500000000000004
dataset/W7-3/1.0MapBounded.png,2.7600133984146833,0.004266976314810706,228.35000000000005
dataset/W7-3/2.0MapBounded.png,2.9397229499571176,0.004266976314810745,344.17500000000007
dataset/W7-3/3.0MapBounded.png,3.5461830981250664,0.00426697631481008,500.0425000000001
dataset/W7-3/4.0MapBounded.png,3.439320456706928,0.004266976314810775,578.9100000000001
dataset/W7-3/5.0MapBounded.png,3.25890015977411,0.004266976314810497,588.9000000000001
dataset/W7-3/6.0MapBounded.png,3.64881025317192,0.004266976314810203,724.0875000000001
dataset/W7-3/7.0MapBounded.png,3.6399547566630095,0.004266976314811493,780.1150000000001
dataset/W7-3/8.0MapBounded.png,3.556026590980632,0.004266976314810828,842.5425000000001
dataset/W7-3/9.0MapBounded.png,3.432730763054593,0.00426697631481079,1035.4775000000002
dataset/W7-3/10.0MapBounded.png,3.432730763054593,0.00426697631481079,1035.6225000000002
dataset/W7-3/11.0MapBounded.png,3.7690264895266723,0.004266976314810791,1108.5100000000002
dataset/W7-3/12.0MapBounded.png,3.778800603346386,0.00426697631481024,1154.2450000000001
dataset/W7-3/13.0MapBounded.png,3.919172835738394,0.004266976314810258,1169.7725000000003
dataset/W7-3/14.0MapBounded.png,3.7759607517235807,0.004266976314810921,1172.4925000000003
dataset/W7-3/15.0MapBounded.png,4.169167392691877,0.004266976314810733,1172.5300000000002
dataset/W7-3/16.0MapBounded.png,4.14849771066723,0.004266976314810585,1172.6450000000002
dataset/W7-3/17.0MapBounded.png,4.1658245012395,0.004266976314810249,1172.6125000000002
dataset/W7-3/18.0MapBounded.png,3.585365595421607,0.004266976314810551,1172.6425000000002
dataset/W7-3/19.0MapBounded.png,2.9670161362070018,0.0042669763148104455,1172.7225000000003
dataset/W7-3/20.0MapBounded.png,2.280952874866206,0.004266976314811254,1172.7775000000001
dataset/W7-3/21.0MapBounded.png,1.6872502894513348,0.004266976314810695,1172.8100000000002
dataset/W7-3/22.0MapBounded.png,1.2052780443108693,0.0042669763148104585,1172.8525000000002
dataset/W7-3/23.0MapBounded.png,0.6379908425649575,0.004266976314810413,1172.8500000000001
dataset/W7-3/24.0MapBounded.png,0.6556685618613507,0.004266976314810612,1172.9050000000002
dataset/W7-3/25.0MapBounded.png,1.1300706421256284,0.004266976314810233,1172.9375000000002
dataset/W7-3/26.0MapBounded.png,1.6102312325687764,0.004266976314810331,1172.9600000000003
dataset/W7-3/27.0MapBounded.png,2.466573712338989,0.004266976314810418,1172.9875000000002
dataset/W7-3/28.0MapBounded.png,2.992306380702796,0.004266976314810307,1173.0375000000001
dataset/W7-3/29.0MapBounded.png,3.8233565323858616,0.0042669763148104785,1173.0300000000002
dataset/W7-3/30.0MapBounded.png,4.510601502605642,0.004266976314810448,1173.0375000000001
dataset/W7-3/31.0MapBounded.png,5.27792326732266,0.004266976314810375,1173.0525000000002
dataset/W7-3/32.0MapBounded.png,6.1590623374708535,0.00426697631481045,1173.0750000000003
dataset/W7-3/33.0MapBounded.png,6.924481668154696,0.004266976314810788,1173.0950000000003
dataset/W7-3/34.0MapBounded.png,7.28555100091968,0.004266976314810863,1173.0900000000001
dataset/W7-3/35.0MapBounded.png,7.638533108934227,0.004266976314810529,1174.2275000000002
dataset/W7-3/36.0MapBounded.png,7.638533108934227,0.004266976314810529,1174.2275000000002
dataset/W7-3/37.0MapBounded.png,7.677328558303353,0.004266976314810448,1174.1125000000002
dataset/W7-4/0MapBounded.png,0.39411865136956675,0.005849914793733386,16.280000000000005
dataset/W7-4/1.0MapBounded.png,0.1984371538428556,0.005849914793733834,195.10750000000004
dataset/W7-4/2.0MapBounded.png,0.2272901217821599,0.005849914793733386,376.44500000000005
dataset/W7-4/3.0MapBounded.png,0.18309372860155715,0.00584991479373284,406.63000000000005
dataset/W7-4/4.0MapBounded.png,0.3144514410239083,0.0058499147937333,458.86750000000006
dataset/W7-4/5.0MapBounded.png,0.5188120028668677,0.005849914793733338,516.1725000000001
dataset/W7-4/6.0MapBounded.png,0.5295889591812368,0.0058499147937333025,577.1350000000001
dataset/W7-4/7.0MapBounded.png,0.12216962992220519,0.005849914793732561,604.7825000000001
dataset/W7-4/8.0MapBounded.png,0.10249070792936242,0.005849914793733373,620.1175000000001
dataset/W7-4/9.0MapBounded.png,0.10249070792936242,0.005849914793733373,620.0925000000001
dataset/W7-4/10.0MapBounded.png,0.13194329200352045,0.005849914793733399,620.0925000000001
dataset/W7-4/11.0MapBounded.png,0.17049417562567692,0.005849914793733386,748.7100000000002
dataset/W7-4/12.0MapBounded.png,0.026065575269005135,0.005849914793733564,850.2625000000002
dataset/W7-4/13.0MapBounded.png,0.21782060604560916,0.0058499147937330805,1024.6775000000002
dataset/W7-4/14.0MapBounded.png,0.09182614202648792,0.005849914793733699,1085.0725000000002
dataset/W7-4/15.0MapBounded.png,0.12471344046395812,0.0058499147937335514,1126.5250000000003
dataset/W7-4/16.0MapBounded.png,0.23359970576007708,0.005849914793733207,1157.4775000000002
dataset/W7-4/17.0MapBounded.png,0.5939090779324311,0.005849914793733173,1182.0300000000002
dataset/W7-6/0MapBounded.png,0.04210251847986944,0.004541913207271855,25.927500000000006
dataset/W7-6/1.0MapBounded.png,0.04616750289625291,0.004541913207271902,188.60750000000004
dataset/W7-6/2.0MapBounded.png,0.17739332753016973,0.004541913207271909,443.4000000000001
dataset/W7-6/3.0MapBounded.png,0.21971101895368594,0.00454191320727215,582.7025000000001
dataset/W7-6/4.0MapBounded.png,0.01630620945228451,0.004541913207271237,583.3050000000001
dataset/W71-0/0MapBounded.png,0.14323861310005348,0.0032348290895292367,27.990000000000006
dataset/W71-0/1.0MapBounded.png,0.13342733477248023,0.0032348290895285233,207.72500000000005
dataset/W71-0/2.0MapBounded.png,0.10929077283678917,0.003234829089529142,287.05500000000006
dataset/W71-0/3.0MapBounded.png,0.13681363707887767,0.0032348290895289605,524.3075000000001
dataset/W71-0/4.0MapBounded.png,0.06354720900010676,0.0032348290895290316,740.2825000000001
dataset/W71-0/5.0MapBounded.png,0.14993549054331287,0.0032348290895301457,833.7375000000002
dataset/W71-0/6.0MapBounded.png,0.11175947256602811,0.003234829089529289,833.9100000000002
dataset/W79-3/0MapBounded.png,0.3018487626628052,0.0003406666272377758,9.925000000000002
dataset/W79-3/1.0MapBounded.png,0.18096455337111164,0.00034066662723749994,114.32750000000003
dataset/W79-3/2.0MapBounded.png,0.008272323750247623,0.00034066662723754884,194.12500000000003
dataset/W79-3/3.0MapBounded.png,0.15198523094572491,0.0003406666272377592,297.75000000000006
dataset/W79-3/4.0MapBounded.png,0.17339490977792596,0.00034066662723773885,341.6050000000001
dataset/W79-3/5.0MapBounded.png,0.04281878947792049,0.0003406666272378127,375.0950000000001
dataset/W84-0/0MapBounded.png,0.10679361179539668,0.001220579553512246,44.01250000000001
dataset/W84-0/1.0MapBounded.png,0.05823911334169719,0.0012205795535123155,193.01250000000005
dataset/W84-0/2.0MapBounded.png,0.009157932874905388,0.0012205795535117656,244.98750000000004
dataset/W84-0/3.0MapBounded.png,0.008122014674522926,0.0012205795535122513,263.6000000000001
dataset/W85-0/0MapBounded.png,0.11585097899593079,0.0064517433581201674,39.10750000000001
dataset/W85-0/1.0MapBounded.png,0.09004137605291826,0.006451743358119987,185.80250000000004
dataset/W85-0/2.0MapBounded.png,0.043058289404216334,0.006451743358120486,287.70000000000005
dataset/W85-1/0MapBounded.png,0.14310972310785444,0.004004672919573468,27.735000000000007
dataset/W85-1/1.0MapBounded.png,0.18244777225865483,0.004004672919573408,121.66500000000002
dataset/W85-1/2.0MapBounded.png,0.04884555064671348,0.004004672919573315,150.09500000000003
dataset/W85-2/0MapBounded.png,0.10258571692426702,0.015462253443867995,30.265000000000004
dataset/W85-2/1.0MapBounded.png,0.04899624230653095,0.015462253443867606,133.19250000000002
dataset/W85-2/2.0MapBounded.png,0.08219733581610912,0.015462253443868035,227.57750000000004
dataset/W85-2/3.0MapBounded.png,0.061781871542789614,0.015462253443868177,267.19250000000005
dataset/W85-2/4.0MapBounded.png,0.08591643678817276,0.015462253443868172,319.9825000000001
dataset/W85-2/5.0MapBounded.png,0.03856871686215538,0.01546225344386763,323.1075000000001
dataset/W85-2/6.0MapBounded.png,0.03827786381745928,0.015462253443867948,322.95000000000005
dataset/W92-2/0MapBounded.png,0.34135576337571805,0.0006896693476544866,135.16000000000003
dataset/W92-2/1.0MapBounded.png,0.2633159415977511,0.0006896693476544443,583.0100000000001
dataset/W92-2/2.0MapBounded.png,0.2145108020349401,0.0006896693476546097,623.8025000000001
dataset/W92-2/3.0MapBounded.png,0.24206490795242488,0.0006896693476545105,871.2175000000002
dataset/W92-2/4.0MapBounded.png,0.23652920290894644,0.0006896693476544994,1026.1100000000001
dataset/W92-2/5.0MapBounded.png,0.1506905877686351,0.000689669347655003,1248.4950000000003
dataset/W92-2/6.0MapBounded.png,0.1551513645730967,0.0006896693476545024,1358.6100000000004
dataset/W92-2/7.0MapBounded.png,0.16638626446901522,0.0006896693476545585,1489.0550000000003
dataset/W92-2/8.0MapBounded.png,0.11263802163012017,0.0006896693476543564,1588.9925000000003
dataset/W92-2/9.0MapBounded.png,0.12772098073698177,0.0006896693476544613,1655.3750000000002
dataset/W92-2/10.0MapBounded.png,0.1060206991727374,0.0006896693476542712,1701.6475000000003
dataset/W92-2/11.0MapBounded.png,0.1720710300741513,0.0006896693476545679,1733.7800000000004
dataset/W92-2/12.0MapBounded.png,0.1271767330157358,0.000689669347654383,1789.6500000000003
dataset/W92-2/13.0MapBounded.png,0.11323358135855872,0.0006896693476544991,1790.0575000000003
dataset/W92-2/14.0MapBounded.png,0.07629817935925347,0.0006896693476546679,1836.5500000000004
dataset/W92-2/15.0MapBounded.png,0.26323105841504246,0.0006896693476546687,1878.2000000000003
dataset/W92-2/16.0MapBounded.png,0.26799754860497205,0.0006896693476543388,1901.5500000000004
dataset/W92-2/17.0MapBounded.png,0.24339659856708434,0.0006896693476544351,1901.7125000000003
dataset/W92-2/18.0MapBounded.png,0.1363777026024745,0.000689669347654489,1901.7000000000003
dataset/W92-2/19.0MapBounded.png,0.08632601930105199,0.000689669347654362,1901.6050000000005
dataset/W92-2/20.0MapBounded.png,0.0915867136753966,0.0006896693476544796,1901.5850000000003
dataset/W92-2/21.0MapBounded.png,0.0944224164276824,0.0006896693476544898,1901.5850000000003
dataset/W92-2/22.0MapBounded.png,0.12956863002447827,0.00068966934765448,1901.5850000000003
dataset/W92-2/23.0MapBounded.png,0.162687684185858,0.0006896693476544621,1901.5850000000003
dataset/W92-2/24.0MapBounded.png,0.15603651735242013,0.000689669347654485,1901.5875000000003
dataset/W92-2/25.0MapBounded.png,0.1586044945997199,0.0006896693476544842,1901.5850000000003
dataset/W92-2/26.0MapBounded.png,0.16394039389002515,0.0006896693476545007,1901.6550000000004
dataset/W92-2/27.0MapBounded.png,0.17753434130632484,0.0006896693476545032,1901.6575000000005
dataset/W92-2/28.0MapBounded.png,0.177784084945113,0.0006896693476544495,1901.6600000000003
